url,label
https://www.mountaintrektours.com/wp-content/plugins/wp-file-manager/wellsfargo/session.php,1
http://localhost:8081/admin/login,0
https://api.swiggy.com/user/profile/settings,0
http://dhl.com@9gno4ik5.site/suspended,1
https://storage.googleapis.com/kwmpnlak-prod-assets/static/media/logo.dhovsvco.svg,0
http://localhost:8000/pgadmin/browser/?sid=6,0
https://storage.googleapis.com/lwag8lwz-prod-assets/assets/kt2l90mq.min.js,0
http://yahoo.com@s2777jtv.online/notice,1
https://help.ieee.org/legal/terms,0
http://www.robllox-notice.tk/update/secure.php,1
http://241.147.98.119/coinbase/confirm/secure.php,1
https://mail.expedia.com/p/CxY7ZqKLm2n/,0
https://slack.com/products,0
https://www.micros0ft.net/support/auth.aspx,1
https://blog.thepotterystudio.co.uk/cgi-bin/fedex/signin.html,1
https://www.harvard.edu/,0
https://phonepe.com.confirm-billing-quciqbx.rest/update/auth.aspx,1
https://www.login-google.co/verify,1
https://coinbase.com.account-ptg51w.cf/billing/signin.html,1
https://ow.ly/eszqcUpK,0
https://xn--uspswoedci-0192.link/update/account.php,1
http://help.walmart.com/contact,0
https://xn--applpmw6q8-d70e.zip/recovery/validate.jsp,1
http://localhost:8000/jenkins/job/nightly-build/lastBuild/console,0
http://ow.ly/MdpUZgD,1
http://a5z0gxqw7a1g72dbfn0u.gq/office365-update/login.php,1
http://dhl.com.billing-confirm-support-k61e3.tk/alert/webscr.php,1
https://api.duolingo.com/search?q=best+laptops+2024&sort=rating,0
http://172.16.7.204:15672/admin/login,0
https://ruy33xx1.web.app/spotify-secure.html,1
https://firebasestorage.googleapis.com/v0/b/loxvsxlcu-56219.appspot.com/o/index.php,1
https://nseindia.com/blog,0
http://tiny.cc/2DE7e,1
https://outlookonline.site/,1
https://accounts.twitter.com/blog/2024/03/how-we-scaled-our-api,0
http://bit.do/nSFumxm,1
https://accounts.nytimes.com/user/profile/settings,0
https://yahooalert.com/,1
https://api.arxiv.org/products,0
https://t.co/h2rzPVX,0
http://whatsapp.com@r4d4md6g.link/signin,1
https://xn--spot7f7hgr-l9h5.site/suspended/index.php,1
https://www.acmelogistics.in/images/gallery/facebook/login.php,1
https://www.figma.com,0
https://api.mit.edu/careers/engineering/backend-developer,0
https://www.dh.buzz/confirm/session.php,1
https://canva.com/category/electronics/laptops?page=3,0
http://rb.gy/2senregy,1
http://cutt.ly/KrS5MGGG,1
https://mail.amazon.com/contact,0
https://api.chase.com/careers/engineering/backend-developer,0
https://www.greenleafgardens.com/old/backup/dhl/login.php,1
http://bit.do/SVxZhNb,1
https://roblox.com.login-nrcp.zip/update/account.php,1
https://support.cloudflare.com/search?q=best+laptops+2024&sort=rating,0
https://sites.google.com/view/wellsfargo-suspended/update.php,1
https://yahooservice.net/,1
https://www.acmelogistics.in/.well-known/usps/account.php,1
http://sbi.com@7zfu1u86.rest/notice,1
https://nic.in/p/CxY7ZqKLm2n/,0
https://docs.dropbox.com/contact,0
http://nqlets6nvs.online/binance/limited/update/verification/support/signin/validate/confirm.html?session=r5ulr23wzxugk66v1m8m1501w3dnfafkiepo75w&redirect=https%3A%2F%2Fbinance.com&ref=3s67o17m9ixj,1
https://axisbank.com/,0
http://9cm02hqzxcflmv.zip/google-verification/verify.php,1
http://09d7q1df6cranmt9ae.club/paytm-webscr/session.php,1
http://support.mit.edu/about,0
https://www.silverlinefinance.co/cgi-bin/whatsapp/login.php,1
https://robloxonline.com/,1
https://xn--netf19lbm9-xj7x.sbs/notice/update.php,1
https://storage.googleapis.com/s9l3xcft-prod-assets/assets/uxye19es.min.js,0
http://dropbox.com.alert-limited-recovery-j0dydb.bid/webscr/verify.php,1
https://support.trello.com/careers/engineering/backend-developer,0
http://38.176.175.33/google/confirm/auth.aspx,1
http://kaggle.com/search?q=best+laptops+2024&sort=rating,0
http://www.ffacebook-billing.rest/unlock/update.php,1
https://api.forbes.com/search?q=machine+learning,0
https://dylfep1x2.cloudfront.net/assets/j2c6mnuc.min.js,0
https://www.chase.com/questions/2003505/how-do-i-delete-a-git-branch-locally-and-remotely,0
https://kaggle.com/news/world/asia/article-48293,0
https://www.flipkart.com/dp/B08ADQCHDT/ref=sr_1_3?crid=QVYRKI3HIUJ02&keywords=wireless%20headphones&qid=1744844508&sprefix=wireless%2Caps%2C131&sr=8-17&th=1,0
http://icici.com.authenticate-or0gx.click/verify/session.php,1
https://blog.netflix.com/news/world/asia/article-48293,0
https://khanacademy.org/questions/2003505/how-do-i-delete-a-git-branch-locally-and-remotely,0
https://63v1u0hef.000webhostapp.com/,1
https://support.walmart.com/help/article/12045,0
https://docs.zoom.us/questions/2003505/how-do-i-delete-a-git-branch-locally-and-remotely,0
http://ow.ly/XUEV6Hp,1
http://35.217.219.20:81/fedex/suspended/validate.jsp,1
https://help.salesforce.com/en-us/support/kb/4567123,0
https://www.amazon.in/dp/B0S2LELL6H/ref=sr_1_13?crid=C1R9QIKQAV3JC&keywords=wireless%20headphones&qid=1710314859&sprefix=wireless%2Caps%2C182&sr=8-20&th=1,0
https://phonepenotice.site/,1
http://141.11.40.224/paypal/login/index.php,1
https://8x9q4e.vercel.app/api/health,0
http://binance.com@5z7w1qj0.buzz/account,1
https://blog.europa.eu/news/world/asia/article-48293,0
http://tensorflow.org/help/article/12045,0
http://bit.do/PLKFGxut,1
http://www.app1e.online/support/update.php,1
http://coinbase.com@f3ua664a.ml/verification,1
http://shop.pandas.pydata.org/legal/terms,0
https://t7tbatyv.weebly.com/auth.aspx,1
https://www.coinbaseid.gq/notice/index.php,1
https://support.sciencedirect.com/legal/privacy-policy,0
http://10.0.0.238:8081/grafana/d/28ebxu7cc/service-overview?orgId=1&refresh=30s,0
https://xn--dhlljard5-zpth.buzz/account/confirm.html,1
https://iisc.ac.in/careers/engineering/backend-developer,0
https://help.kaggle.com/downloads/release-notes,0
http://tiny.cc/QwQFRkNA,1
http://52pxv9tn8pxy4hlw.ml/instagram-signin/auth.aspx,1
https://hsbc.com/blog/2024/03/how-we-scaled-our-api,0
https://shop.nptel.ac.in/cart/checkout,0
https://mail.khanacademy.org/watch?v=dQw4w9WgXcQ,0
http://netflix.com@2pt1mlgx.buzz/confirm,1
http://z06x4woeyg.top/citibank/verification/support/limited/confirm/validate/notice/auth.aspx?session=6yut08daila21ryxme5xv0i4qinothj8psp4bp3vl&redirect=https%3A%2F%2Fcitibank.com&ref=qy9opi4zzfyn,1
http://cutt.ly/m44UCuT,1
https://buff.ly/PdwYFhNZf2,0
http://zqy2w19ilt.info/microsoft/recovery/payment/login/suspended/support/billing/account.php?session=sswgi6k4iqk88eh11s4kr7pjuu5t9xgon5wmoqx9ln98f65h&redirect=https%3A%2F%2Fmicrosoft.com&ref=07c4iv42wemf,1
https://www.ebay.com/news/world/asia/article-48293,0
https://www.irctc.co.in/downloads/release-notes,0
http://www.wellsf@rgo-unlock.win/unlock/auth.aspx,1
https://mail.sbi.co.in/about,0
https://xn--offibj3fbw-7fq3.info/limited/secure.php,1
https://xn--dropehwrp4-8gx5.club/billing/signin.html,1
http://roblox.com@cv2olhoy.sbs/suspended,1
http://lss23e3tb0z9y2qiayhn4.bid/fedex-suspended/verify.php,1
https://api.icicibank.com/,0
http://support.shopify.com/docs/reference/authentication,0
http://i3xd4041p8.site/hsbc/alert/validate/secure/suspended/recovery/account/login.php?session=krubuerbt63ow5xrosupyszgd5523jjkj1tyfuppcaj5a&redirect=https%3A%2F%2Fhsbc.com&ref=ugqwp9yah17e,1
https://help.linkedin.com/en-us/support/kb/4567123,0
https://xn--spotn2rz1e-tt42.cyou/signin/webscr.php,1
https://www.yahoo-verify.com/verify,1
https://mail.bloomberg.com/dashboard/analytics/overview?range=30d&tz=UTC,0
http://office365.com@b8u399ku.zip/billing,1
https://abaestd.herokuapp.com/api/health,0
http://fedex.com.suspended-support-3fpoiu.site/limited/session.php,1
https://accounts.pandas.pydata.org/docs/reference/authentication,0
https://www.facebook-inc-login.icu/payment/secure.php,1
http://apple.com@8575bel6.ga/update,1
http://g08yzck8l7.ga/binance/limited/recovery/confirm/alert/validate/signin/update.php?session=dvcdrufbzy0ax96cukqn6fv76pkjx5dkh&redirect=https%3A%2F%2Fbinance.com&ref=6zw1g49hxq9m,1
https://bseindia.com/legal/privacy-policy,0
https://help.springer.com/en-us/support/kb/4567123,0
https://iitb.ac.in/docs/reference/authentication,0
https://www.flipkart.com/dp/B0HCW81XE6/ref=sr_1_11?crid=A05G1X3J1L7R8&keywords=wireless%20headphones&qid=1732446968&sprefix=wireless%2Caps%2C219&sr=8-14&th=1,0
https://xn--hsbca9mnyc-gs15.cf/alert/signin.html,1
https://t.co/cGzAjm8c,0
http://127.0.0.1:9090/jenkins/job/nightly-build/lastBuild/console,0
https://mail.europa.eu/wiki/Machine_learning,0
https://blog.shopify.com/cart/checkout,0
https://dw8r8kuss.cloudfront.net/v1/users/92288/profile?token=0y2efz6rx35uaf3we8zn1n,0
https://77vh1oi.glitch.me/outlook-payment.html,1
http://228.206.53.56/roblox/limited/auth.aspx,1
https://blog.target.com/orders/history?from=2024-01-01&to=2024-06-30,0
http://8hkmmh0bmd8lxzpffsbkg.top/phonepe-login/webscr.php,1
https://help.spotify.com/blog/2024/03/how-we-scaled-our-api,0
http://tiny.cc/x3EPh5i,1
https://docs.un.org/,0
http://is.gd/Zbfy6v,1
https://student-portal.mit.edu/login,0
https://api.harvard.edu/,0
http://6rzz5tyuvb.buzz/facebook/webscr/login/authenticate/suspended/account.php?session=oxjppfl96uhf61awrimegkyiw2r&redirect=https%3A%2F%2Ffacebook.com&ref=ueroqivr6jua,1
https://ugc.gov.in/products,0
http://502fkrqeex.club/appleid/confirm/payment/notice/signin/secure/validate.jsp?session=9w2nrz713v94dfvsji5cxx43kcduo097d91roup8lcg84&redirect=https%3A%2F%2Fappleid.com&ref=agj5d2myzld0,1
https://rp74sto5.repl.co/login.php,1
http://10.0.7.213:8081/admin/login,0
http://kwoo8yfqfe.info/usps/alert/signin/verify/validate/recovery/webscr.php?session=ev0rasgt5wm8em3cutitufd6lyeebmuyurllclp4yy11l&redirect=https%3A%2F%2Fusps.com&ref=mbotirjsay1l,1
https://iitb.ac.in/products,0
https://www.aliexpress.com/dp/B03YVZMZCA/ref=sr_1_9?crid=HIU353EF9P2I4&keywords=wireless%20headphones&qid=1718732894&sprefix=wireless%2Caps%2C141&sr=8-6&th=1,0
https://buff.ly/Kg3qaMLNM,0
http://192.168.5.214:8080/grafana/d/noonr06ba/service-overview?orgId=1&refresh=30s,0
https://www.amazon.com/dp/B0V4T89P4Q/ref=sr_1_4?crid=9W0PAJ2XADANC&keywords=wireless%20headphones&qid=1745611012&sprefix=wireless%2Caps%2C188&sr=8-13&th=1,0
http://190.128.201.245/appleid/suspended/auth.aspx,1
http://hdfc.com@8pxx2tb8.work/webscr,1
https://www.wellsfargoteam.io/login,1
https://ow.ly/3ZhQDYipu,0
http://172.16.0.185:8000/api/v1/status,0
https://help.stanford.edu/en-us/support/kb/4567123,0
https://help.vercel.com/docs/reference/authentication,0
https://fg36ygbjvs.s3.amazonaws.com/assets/2ydlkbzx.min.js,0
https://bbc.co.uk/status/1745829301928,0
http://exam.du.ac.in/result/ug/2024/semester4/download.php?rollno=20881234,0
http://94.17.192.202:8080/hsbc/validate/secure.php,1
http://80f4182l0ibtk5x8fd.site/outlook-payment/signin.html,1
http://tiny.cc/UfHA43,1
https://shop.jstor.org/downloads/release-notes,0
https://api.samsung.com/about,0
https://4aygyz9r.repl.co/,1
https://dv60i4n87.cloudfront.net/static/media/logo.dlh4c4ut.svg,0
http://whatsapp.com@hinyuv1s.click/verify,1
https://xn--whatgr9pxy-xc9y.win/verification/validate.jsp,1
http://xmw0t5k07t5r0.online/sbi-alert/confirm.html,1
http://8uhwfli60y.ml/chase/recovery/login/confirm/update/login.php?session=td9a34cao48g5gwdy8ujsya669xkd&redirect=https%3A%2F%2Fchase.com&ref=3srhg2hxdpzs,1
https://support.digitalocean.com/category/electronics/laptops?page=3,0
https://xn--applx8iqdw-ur0w.ga/verification/login.php,1
https://uspsnotice.org/,1
https://help.harvard.edu/watch?v=dQw4w9WgXcQ,0
https://www.mountaintrektours.com/images/gallery/spotify/webscr.php,1
https://dropbox.com/blog,0
https://irsportal.site/,1
https://9fu1uc4a.web.app/sbi-validate.html,1
https://accounts.google.com/signin/v2/identifier?flowName=GlifWebSignIn&flowEntry=ServiceLogin,0
http://q5xrsps6viwm23qbp4y.cyou/irs-suspended/account.php,1
http://www.apple-help-support.info/update/session.php,1
https://t.co/x3ChMi7,0
http://coinbase.com@r1wrt1xj.tk/alert,1
https://api.forbes.com/,0
http://rb.gy/bpSftJm,1
http://microsoft.com@j3v0c98v.loan/unlock,1
https://docs.iitb.ac.in/,0
http://g3nt1jr65jm9w7y.online/paytm-confirm/auth.aspx,1
https://springer.com/orders/history?from=2024-01-01&to=2024-06-30,0
http://www.yaho0.gq/account/session.php,1
http://11cywb6xj1fd060xwn.icu/facebook-billing/account.php,1
http://112.193.160.214/yahoo/billing/update.php,1
http://172.16.0.81:5601/grafana/d/8ngetet4d/service-overview?orgId=1&refresh=30s,0
http://amazon.com@t5ro3jcm.work/verification,1
https://0h4qem0t.web.app/update.php,1
https://www.iisc.ac.in/downloads/release-notes,0
https://blog.linkedin.com/search?q=best+laptops+2024&sort=rating,0
http://gisv2zepcrt9sfslpuwj.info/dropbox-account/account.php,1
http://outlook.com.notice-eh5du.link/unlock/secure.php,1
http://easxy69l1ptltlnxl77.tk/google-secure/confirm.html,1
https://xn--applztuont-u0jr.tk/verify/index.php,1
https://mail.apple.com/about,0
https://sites.google.com/view/google-verify/google-verify.html,1
https://www.paypalcare.io/account,1
https://accounts.ieee.org/,0
https://www.ugc.gov.in/blog,0
http://phonepe.com@rqa3eea3.xyz/notice,1
https://help.hdfcbank.com/contact,0
https://www.dell.com/docs/getting-started,0
https://icicinotice.site/,1
https://www.sb-alert.rest/webscr/auth.aspx,1
https://support.theguardian.com/user/profile/settings,0
https://help.arxiv.org/legal/privacy-policy,0
https://blog.sony.com/contact,0
http://appleid.com@okytvzq1.sbs/payment,1
https://paytmonline.site/,1
https://xn--irsx2booz-3ur5.bid/signin/login.php,1
http://a0l5vvhtlwqs.cyou/coinbase-limited/confirm.html,1
https://bit.ly/6WTwGMd,0
https://ebay.com/news/world/asia/article-48293,0
https://www.numpy.org/search?q=machine+learning,0
https://www.walmart.com/blog/2024/03/how-we-scaled-our-api,0
http://www.phonep3.top/signin/account.php,1
https://appleidalert.net/,1
http://axisbank.com@28rub4nh.gq/validate,1
https://www.p@ytm-verification.com/alert/validate.jsp,1
http://facebook.com@pn3db5gu.zip/secure,1
http://citibank.com@dlfhdzsn.cyou/notice,1
https://news.nature.com/dashboard/analytics/overview?range=30d&tz=UTC,0
https://whatsapp.com.webscr-cbn58fah.info/verification/login.php,1
http://mail.europa.eu/dashboard/analytics/overview?range=30d&tz=UTC,0
http://tinyurl.com/geSsaX,1
https://blog.walmart.com/careers/engineering/backend-developer,0
https://firebasestorage.googleapis.com/v0/b/i5ela4trf-97923.appspot.com/o/confirm.html,1
https://www.ieee.org/contact,0
https://www.apple.com/orders/history?from=2024-01-01&to=2024-06-30,0
https://support.pandas.pydata.org/downloads/release-notes,0
https://xn--offih5vux6-n7jf.buzz/webscr/login.php,1
https://www.europa.eu/blog,0
http://b3pf7xcr48.loan/usps/account/authenticate/notice/verification/verify.php?session=y1x6e7m4amr5oglvr5c5wgs505tddj8z5qg0&redirect=https%3A%2F%2Fusps.com&ref=vxy0gl8ktd7j,1
https://www.googlecentre.com/,1
https://cam.ac.uk/docs/getting-started,0
http://wm39rldwww.store/axisbank/validate/recovery/notice/signin/webscr/confirm.html?session=orh89b5ztcpgw5u6vmg8upzicxrtmpl2fuqb0o7u03aid3e&redirect=https%3A%2F%2Faxisbank.com&ref=oursc2703367,1
https://www.1rs-update.rest/secure/verify.php,1
https://flipkart.com/legal/privacy-policy,0
https://blog.nptel.ac.in/products,0
http://4iwbgju16r7nroi.loan/usps-recovery/validate.jsp,1
https://store.craftbrewco.com/images/gallery/outlook/confirm.html,1
http://hsbc.com.confirm-account-billing-tfuvlk334.sbs/signin/index.php,1
http://instagram.com@ilndslgd.club/authenticate,1
http://172.202.221.85/office365/alert/account.php,1
https://help.vercel.com/contact,0
http://lhxn8qwcnxuz.club/irs-signin/index.php,1
https://www.sciencedirect.com/user/profile/settings,0
http://rhm0qayrgxgh.gq/spotify-update/verify.php,1
http://dhl.com@16cluxr8.work/limited,1
https://buff.ly/2YELpDg,0
https://docs.nytimes.com/legal/privacy-policy,0
http://etsy.com/category/electronics/laptops?page=3,0
https://iitb.ac.in/p/CxY7ZqKLm2n/,0
https://xn--offit8hegs-095l.icu/verify/signin.html,1
https://mail.paypal.com/p/CxY7ZqKLm2n/,0
https://news.gov.uk/legal/terms,0
https://xn--spotzyow1u-sf7b.xyz/suspended/validate.jsp,1
https://www.theguardian.com/en-us/support/kb/4567123,0
https://www.walmart.com/dp/B0B25X1B7X/ref=sr_1_18?crid=G04CR191EEFQW&keywords=wireless%20headphones&qid=1731851579&sprefix=wireless%2Caps%2C202&sr=8-17&th=1,0
https://mail.worldbank.org/user/profile/settings,0
https://heroku.com/user/profile/settings,0
http://support.flipkart.com/news/world/asia/article-48293,0
http://outlook.com@7xpef1lf.info/account,1
http://xd9hxvbtpg.work/phonepe/notice/webscr/unlock/validate/account/login.php?session=82wkx0bs9jsz1iu21dfm7c4vff6hkgywl&redirect=https%3A%2F%2Fphonepe.com&ref=2e5qe1r44ymg,1
http://www.paytm.com/,0
https://shop.nature.com/careers/engineering/backend-developer,0
https://9a950y47.web.app/google-alert.html,1
http://e9v5gf1tw1cwxzntp.zip/outlook-login/validate.jsp,1
https://www.booking.com/products,0
https://docs.nature.com/watch?v=dQw4w9WgXcQ,0
http://steam.com@vqdf4nhe.ga/update,1
https://walmart.com/orders/history?from=2024-01-01&to=2024-06-30,0
https://help.canva.com/help/article/12045,0
https://ow.ly/admMpRuL,0
https://mail.linkedin.com/news/world/asia/article-48293,0
https://api.youtube.com/wiki/Machine_learning,0
http://172.16.3.235:9090/pgadmin/browser/?sid=1,0
http://www.irrs-support.site/notice/validate.jsp,1
http://60pntrwo2xc9.win/linkedin-secure/session.php,1
http://116.223.63.55/hdfc/suspended/auth.aspx,1
https://www.sciencedirect.com/watch?v=dQw4w9WgXcQ,0
http://coinbase.com.billing-support-unlock-qm9ra.site/verification/account.php,1
https://xn--dhll3w242-39mk.ga/validate/session.php,1
https://prod-eu-west-1-5qhkuo.elasticbeanstalk.com/api/health,0
https://www.twitter.com/products,0
https://www.secure-appleid.com/signin,1
https://appleidalert.info/,1
http://tenders.gov.in/notice/view.php?id=88231&dept=PWD,0
https://bloomberg.com/p/CxY7ZqKLm2n/,0
https://shop.netlify.com/docs/reference/authentication,0
http://bkohpckdbf.click/hsbc/recovery/payment/billing/confirm/authenticate/verification/confirm.html?session=4a964189n6rg15hx2zj9t9bzpnvf70jzq3599dn13y0g33ld&redirect=https%3A%2F%2Fhsbc.com&ref=ce1isttabco3,1
http://ohd4zd4bay.ml/dropbox/alert/webscr/signin/update/webscr.php?session=u5tieo81ay6l72i62cjqxztu&redirect=https%3A%2F%2Fdropbox.com&ref=13tqouorx5e0,1
https://shop.notion.so/orders/history?from=2024-01-01&to=2024-06-30,0
https://help.ibm.com/blog/2024/03/how-we-scaled-our-api,0
https://accounts.hdfcbank.com/status/1745829301928,0
http://paypal.com@4b0s880o.bid/notice,1
https://blog.apple.com/news/world/asia/article-48293,0
http://448ny21b4t.store/instagram/login/webscr/unlock/suspended/limited/validate.jsp?session=qkcdesfrriqza4o5kp81ewxk7ur3u41n56kobvu5&redirect=https%3A%2F%2Finstagram.com&ref=gcxnr8guarod,1
https://shop.flask.palletsprojects.com/en-us/support/kb/4567123,0
http://y3uncfu5dv.buzz/roblox/notice/unlock/verify/validate/payment/account.php?session=u8vq2o9paf1hl4jtlyi6feub2h08injh5hfr&redirect=https%3A%2F%2Froblox.com&ref=cgrpbj2z2h6i,1
https://accounts.shopify.com/about,0
https://accounts.bloomberg.com/search?q=machine+learning,0
https://api.khanacademy.org/status/1745829301928,0
https://news.netflix.com/about,0
http://189.90.242.51/facebook/notice/confirm.html,1
https://www.acmelogistics.in/wp-includes/axisbank/index.php,1
https://www.ieee.org/legal/privacy-policy,0
https://storage.googleapis.com/bd7s6riy-prod-assets/assets/q8nnn12y.min.js,0
https://api.imdb.com/search?q=best+laptops+2024&sort=rating,0
http://cloudflare.com/about,0
https://xn--linkfgs7t1-coym.zip/confirm/auth.aspx,1
http://www.tripadvisor.com/products,0
http://127.0.0.1:3000/pgadmin/browser/?sid=29,0
http://www.instagraam-update.sbs/login/confirm.html,1
https://www.acmelogistics.in/.well-known/coinbase/signin.html,1
https://xn--robl0c5d3i-i88n.click/signin/index.php,1
http://docs.figma.com/orders/history?from=2024-01-01&to=2024-06-30,0
http://shorturl.at/QdLFLp,1
https://www.acmelogistics.in/images/gallery/hsbc/validate.jsp,1
https://www.amazon.in/dp/B02IAZMTUF/ref=sr_1_4?crid=KP7I0U24IQLUS&keywords=wireless%20headphones&qid=1713332096&sprefix=wireless%2Caps%2C121&sr=8-14&th=1,0
https://whatsappservice.info/,1
https://colab.research.google.com/docs/reference/authentication,0
https://shop.notion.so/user/profile/settings,0
http://172.16.5.188:9090/pgadmin/browser/?sid=35,0
https://xn--googc7eve8-a358.club/account/secure.php,1
http://5vmgv2wilu.ml/office365/billing/account/recovery/signin/session.php?session=dxalc2zfh6ht8n057qapif22rfh412vxbcrm&redirect=https%3A%2F%2Foffice365.com&ref=8p9zcmdn15s9,1
http://22.178.230.128/hsbc/verify/account.php,1
https://www.roblox-secure.net/signin,1
https://tughvls3.repl.co/,1
https://support.linkedin.com/downloads/release-notes,0
https://www.greenleafgardens.com/old/backup/netflix/validate.jsp,1
https://www.walmart.com/dp/B00YSPJBNF/ref=sr_1_16?crid=I01XJ7JTZ8VQK&keywords=wireless%20headphones&qid=1748358930&sprefix=wireless%2Caps%2C227&sr=8-5&th=1,0
https://duolingo.com/products,0
https://support.axisbank.com/en-us/support/kb/4567123,0
https://news.axisbank.com/category/electronics/laptops?page=3,0
https://xn--hdfcbkyig7-czap.cyou/confirm/verify.php,1
http://cutt.ly/3tssdw,1
http://dhl.com@gi2z62zl.xyz/limited,1
https://office365notice.net/,1
http://www.is.zip/suspended/signin.html,1
https://news.coursera.org/questions/2003505/how-do-i-delete-a-git-branch-locally-and-remotely,0
https://imdb.com/legal/privacy-policy,0
https://docs.atlassian.com/questions/2003505/how-do-i-delete-a-git-branch-locally-and-remotely,0
http://steam.com@466o161p.cyou/payment,1
http://bit.do/RCAm6,1
https://accounts.expedia.com/orders/history?from=2024-01-01&to=2024-06-30,0
https://shop.reddit.com/orders/history?from=2024-01-01&to=2024-06-30,0
https://espn.com/,0
http://193.173.12.234:8080/amazon/update/account.php,1
http://cam.ac.uk/careers/engineering/backend-developer,0
https://netlify.com/watch?v=dQw4w9WgXcQ,0
https://info.brightsmileclinic.org/wp-content/uploads/fedex/webscr.php,1
https://xn--binatuflpn-vxe0.link/notice/signin.html,1
https://mail.chase.com/blog/2024/03/how-we-scaled-our-api,0
http://news.india.gov.in,0
http://localhost:8080/grafana/d/er1ktgj3g/service-overview?orgId=1&refresh=30s,0
http://www.patm-webscr.buzz/signin/auth.aspx,1
http://192.168.4.141:9090/pgadmin/browser/?sid=20,0
https://reuters.com/blog/2024/03/how-we-scaled-our-api,0
https://help.nytimes.com/careers/engineering/backend-developer,0
http://10.0.9.204:5601/pgadmin/browser/?sid=24,0
https://xn--chasl6znyo-qfex.gq/alert/secure.php,1
https://accounts.europa.eu/news/world/asia/article-48293,0
http://172.16.7.203:5601/admin/login,0
https://googleupdate.org/,1
https://docs.worldbank.org/orders/history?from=2024-01-01&to=2024-06-30,0
https://yahooalert.site/,1
https://help.amazon.com/legal/terms,0
https://www.off1ce365-unlock.net/suspended/confirm.html,1
https://accounts.cam.ac.uk/user/profile/settings,0
http://3kmnv4bkqbp6z1.site/dropbox-notice/webscr.php,1
http://4ihgibn6j6.top/hdfc/validate/verify/secure/unlock/account/notice/auth.aspx?session=02mibybrisjieflr2qnvd148kdn6&redirect=https%3A%2F%2Fhdfc.com&ref=cgxaxwt51f19,1
http://www.amaz0n.xyz/confirm/login.php,1
https://api.nature.com/downloads/release-notes,0
http://usps.com@r2m1tx05.ga/update,1
https://mail.python.org/products,0
https://support.hdfcbank.com/blog,0
http://hsbc.com.verify-signin-twwuo3c.cyou/verification/account.php,1
http://support.wellsfargo.com/orders/history?from=2024-01-01&to=2024-06-30,0
https://api.chase.com/questions/2003505/how-do-i-delete-a-git-branch-locally-and-remotely,0
https://support.nih.gov/search?q=machine+learning,0
https://irsalert.site/,1
https://trello.com/wiki/Machine_learning,0
http://49gjes4q8r.sbs/dhl/recovery/validate/suspended/support/confirm/notice/update.php?session=epw0h6nd3mr8acjj0qjw5iavvs8k7&redirect=https%3A%2F%2Fdhl.com&ref=yaslp3g49q4l,1
http://175.175.147.115:81/amazon/billing/update.php,1
https://ow.ly/DWY4MUXHj,0
http://steam.com@n8hpamj0.gq/payment,1
https://de72pnls.repl.co/signin.html,1
https://figma.com/user/profile/settings,0
https://www.chase.com/search?q=best+laptops+2024&sort=rating,0
https://store.craftbrewco.com/cgi-bin/amazon/secure.php,1
http://un.org,0
https://www.in5tagram.site/limited/account.php,1
https://www.expedia.com/status/1745829301928,0
https://www.ibm.com/cart/checkout,0
http://dhl.com.authenticate-suspended-alert-7w0c.info/login/validate.jsp,1
http://help.kaggle.com/search?q=best+laptops+2024&sort=rating,0
https://lgne6b11.web.app/,1
https://who.int/legal/privacy-policy,0
http://ny7o8xdu2b.win/coinbase/billing/update/unlock/validate/confirm/index.php?session=6qo52frbmsrurvw01baoaff0ij5jo7y4rig2&redirect=https%3A%2F%2Fcoinbase.com&ref=qbf0xc8hem0q,1
https://bitbucket.org/blog/2024/03/how-we-scaled-our-api,0
https://mail.axisbank.com/blog,0
https://news.nseindia.com/docs/reference/authentication,0
http://amazon.com.verify-verification-payment-q79d288.ml/authenticate/login.php,1
https://blog.thepotterystudio.co.uk/images/gallery/coinbase/verify.php,1
https://help.un.org/products,0
https://www.walmart.com/dp/B0T59WEU7O/ref=sr_1_6?crid=7E6K088ZFWONV&keywords=wireless%20headphones&qid=1722217499&sprefix=wireless%2Caps%2C192&sr=8-10&th=1,0
https://forbes.com/questions/2003505/how-do-i-delete-a-git-branch-locally-and-remotely,0
https://dhlalert.site/,1
http://news.kaggle.com/legal/terms,0
http://bit.ly/LBS9MWZT,1
https://api.salesforce.com/blog,0
https://6l80urc3.web.app/auth.aspx,1
https://accounts.flask.palletsprojects.com/products,0
http://221.241.68.65/appleid/validate/webscr.php,1
https://sbiupdate.site/,1
https://portal.springfieldschools.org/wp-content/uploads/google/webscr.php,1
http://yahoo.com@juw1gz89.top/authenticate,1
https://www.greenleafgardens.com/cgi-bin/coinbase/signin.html,1
https://lmaa4a9.glitch.me/update.php,1
https://www.aliexpress.com/dp/B0303IDHFH/ref=sr_1_4?crid=YZGILCHC2IV72&keywords=wireless%20headphones&qid=1716688219&sprefix=wireless%2Caps%2C150&sr=8-20&th=1,0
https://www.binanceteam.com/account,1
https://www.walmart.com/dp/B0OD4K7YJP/ref=sr_1_2?crid=HMB2U0J0N064D&keywords=wireless%20headphones&qid=1747363774&sprefix=wireless%2Caps%2C135&sr=8-17&th=1,0
https://ugc.gov.in,0
https://api.mit.edu/help/article/12045,0
https://edx.org/p/CxY7ZqKLm2n/,0
https://roblox.com.notice-payment-bwzj2qx.buzz/recovery/auth.aspx,1
https://blog.sony.com/blog/2024/03/how-we-scaled-our-api,0
https://xn--offiw0f41x-v9kj.club/alert/confirm.html,1
https://www.zoom.us/p/CxY7ZqKLm2n/,0
http://ig0vag7e3x.sbs/spotify/support/limited/unlock/login/secure.php?session=ae9ja65gyn79hnj4fg6o9g84&redirect=https%3A%2F%2Fspotify.com&ref=ag6c712uii0i,1
http://irs.com.authenticate-6nnfpitck.buzz/limited/update.php,1
https://developer-docs.atlassian.com/dashboard,0
http://icici.com.login-support-1t3g4jhkz.cf/support/index.php,1
https://blog.paypal.com/products,0
https://blog.springer.com/,0
https://fedexalert.net/,1
http://mail.un.org/questions/2003505/how-do-i-delete-a-git-branch-locally-and-remotely,0
http://139.240.150.141:8000/paytm/signin/verify.php,1
http://is.gd/vQg5j584,1
https://linkedin.com.suspended-alert-unlock-iqdxxvk.cf/authenticate/account.php,1
https://www.sbi.co.in/legal/terms,0
https://support.bbc.co.uk/,0
http://218.51.194.123/sbi/limited/confirm.html,1
https://help.nytimes.com/dashboard/analytics/overview?range=30d&tz=UTC,0
https://appleidservice.org/,1
https://blog.walmart.com/p/CxY7ZqKLm2n/,0
https://www.riversidedental.net/assets/js/vendor/netflix/verify.php,1
https://news.localgazette.co.za/.well-known/outlook/auth.aspx,1
http://bit.do/WMkMkA,1
https://myntra.com/questions/2003505/how-do-i-delete-a-git-branch-locally-and-remotely,0
https://www.harborviewrealty.com/wp-includes/whatsapp/signin.html,1
http://j0hwt3hkeyi4x3mp.ml/linkedin-secure/secure.php,1
http://amazon.com@xjnempzn.online/signin,1
http://2egohx075nhcitkys.bid/axisbank-recovery/index.php,1
http://yafvdrprafalzxv3yt3x0z.store/binance-webscr/index.php,1
https://xn--hsbc3oauns-k8a5.site/validate/signin.html,1
https://www.iisc.ac.in/about,0
https://spotify.com/wiki/Machine_learning,0
https://shop.gov.uk/contact,0
http://10.0.0.75:5601/grafana/d/erqirrqah/service-overview?orgId=1&refresh=30s,0
https://xn--icicizd29j-seh0.click/account/update.php,1
https://www.atlassian.com/watch?v=dQw4w9WgXcQ,0
https://blog.google.com/legal/terms,0
https://www.citibak-confirm.xyz/verification/update.php,1
http://27.88.66.111:8888/wellsfargo/billing/verify.php,1
https://www.nasa.gov/cart/checkout,0
https://www.greenleafgardens.com/wp-content/uploads/citibank/validate.jsp,1
https://buff.ly/X8wgBhJw,0
https://www.acmelogistics.in/wp-includes/google/update.php,1
https://4p40mgg1.firebaseapp.com/v1/users/34050/profile?token=r3pe29gd8afpk054nzdkya,0
https://www.dropbox-account.net/,1
https://xau7mbap.firebaseapp.com/api/health,0
https://help.udemy.com/status/1745829301928,0
https://blog.thepotterystudio.co.uk/wp-content/uploads/axisbank/login.php,1
https://www.secure-steam.io/login,1
http://djangoproject.com/p/CxY7ZqKLm2n/,0
https://phonepe.com.validate-alert-okjqquw1.top/update/verify.php,1
https://accounts.nic.in/orders/history?from=2024-01-01&to=2024-06-30,0
https://support.cnn.com/status/1745829301928,0
https://docs.swiggy.com/downloads/release-notes,0
https://www.aliexpress.com/dp/B04HS0L5PB/ref=sr_1_4?crid=R5EX41Q4HX6BQ&keywords=wireless%20headphones&qid=1710928492&sprefix=wireless%2Caps%2C248&sr=8-2&th=1,0
http://n7j157j9k2w72y7c.win/irs-suspended/signin.html,1
https://bit.ly/n6BzVSTf,0
https://www.adobe.com/careers/engineering/backend-developer,0
https://news.theguardian.com/questions/2003505/how-do-i-delete-a-git-branch-locally-and-remotely,0
https://accounts.slack.com/search?q=machine+learning,0
http://1cgkrh9gg0.ml/dhl/webscr/billing/suspended/verification/update/verify/account.php?session=8zqkvat0r3f5siyx88td01fjrwbfe&redirect=https%3A%2F%2Fdhl.com&ref=zlgbzk0lfy9r,1
https://news.gitlab.com/search?q=machine+learning,0
http://news.etsy.com/search?q=machine+learning,0
http://16c3095dlrs0qrkmw7y.zip/sbi-billing/login.php,1
https://www.coinbasecare.io/account,1
https://www.coinbase-secure.net/account,1
http://19.129.240.213/irs/suspended/auth.aspx,1
http://hl2mg5sj2g7oijrbknnz.rest/facebook-unlock/signin.html,1
http://phonepe.com@vsj8t170.top/suspended,1
http://172.16.4.134:9090/grafana/d/ku5j92dmj/service-overview?orgId=1&refresh=30s,0
https://springer.com/careers/engineering/backend-developer,0
https://www.secure-whatsapp.co/account,1
https://vercel.com/questions/2003505/how-do-i-delete-a-git-branch-locally-and-remotely,0
http://outlook.com@kik0tloj.sbs/update,1
http://www.hdfcsec-signin.info/alert/account.php,1
https://xn--outld632g5-u1yp.work/authenticate/auth.aspx,1
https://blog.icicibank.com/user/profile/settings,0
https://blog.etsy.com/cart/checkout,0
https://etsy.com/products,0
https://www.phonepe.com/about,0
https://reddit.com/docs/reference/authentication,0
https://help.facebook.com/news/world/asia/article-48293,0
http://fedex.com@5jvci6bd.site/payment,1
https://cam.ac.uk/category/electronics/laptops?page=3,0
https://xn--amaz9j1gpv-c0ie.ml/validate/update.php,1
http://cdc.gov/questions/2003505/how-do-i-delete-a-git-branch-locally-and-remotely,0
http://15.157.49.170/office365/verification/signin.html,1
http://support.mit.edu/en-us/support/kb/4567123,0
http://2y8f2ac18e.click/sbi/payment/signin/notice/billing/verification/suspended/index.php?session=jz5b78dwcevho260l06q2csjqe06hsja&redirect=https%3A%2F%2Fsbi.com&ref=1x4jo3z0gduq,1
https://prod-eu-west-1-nvf2xf.elasticbeanstalk.com/uploads/2024/06/report-4113.pdf,0
https://imdb.com/search?q=best+laptops+2024&sort=rating,0
http://office365.com@g1chwyvp.win/notice,1
http://8hgon2dqrzktxut.sbs/apple-authenticate/login.php,1
https://apple.com/user/profile/settings,0
https://accounts.icicibank.com/en-us/support/kb/4567123,0
https://whatsappnotice.org/,1
http://219.135.147.234:8000/google/billing/account.php,1
http://iczog3vwk24zc.click/netflix-alert/webscr.php,1
http://udv8axng1t.sbs/roblox/signin/recovery/validate/verification/secure/suspended/login.php?session=k7fi35nh33sk48qm4894kri3w6frby&redirect=https%3A%2F%2Froblox.com&ref=xq993vmrc4nl,1
https://mmx390xt.firebaseapp.com/assets/nzj4g82t.min.js,0
http://office365.com.signin-unlock-q0vjm0.bid/authenticate/webscr.php,1
https://github.com/about,0
http://172.16.1.11:8000/grafana/d/cjw9zole3/service-overview?orgId=1&refresh=30s,0
https://mail.ox.ac.uk/orders/history?from=2024-01-01&to=2024-06-30,0
http://whatsapp.com@93k5syll.icu/validate,1
http://mail.un.org/careers/engineering/backend-developer,0
http://gdqfjx660c.link/wellsfargo/recovery/suspended/payment/alert/login/confirm/auth.aspx?session=eptilouubrtbx5hd1ic6cjah&redirect=https%3A%2F%2Fwellsfargo.com&ref=zaikuckbhg86,1
https://www.1cici-account.icu/billing/confirm.html,1
https://tensorflow.org/cart/checkout,0
https://blog.iitd.ac.in/search?q=machine+learning,0
https://www.account-hdfc.io/signin,1
http://www.steam-support-notice.cyou/verify/auth.aspx,1
https://airbnb.com/search?q=best+laptops+2024&sort=rating,0
https://api.sony.com/wiki/Machine_learning,0
http://19.1.88.165:8443/linkedin/alert/account.php,1
http://1sgb9txic4ivram5y.win/citibank-payment/session.php,1
http://www.dhl-support.online/billing/index.php,1
https://paypal.com.validate-billing-11w0x8q.xyz/limited/signin.html,1
https://accounts.sbi.co.in/careers/engineering/backend-developer,0
https://uspsalert.org/,1
http://93lxm3f5ichuopoba.xyz/dropbox-support/secure.php,1
https://student-portal.mit.edu/help/faq,0
http://is.gd/hFwHpw2,1
https://www.riversidedental.net/wp-content/uploads/spotify/secure.php,1
https://d939es.pages.dev/assets/eqgm5vwi.min.js,0
http://5rs45fotfk.work/instagram/validate/authenticate/account/update/session.php?session=ivu6854rcwdneventyxd80u01o8&redirect=https%3A%2F%2Finstagram.com&ref=p7pqfb1x3i20,1
https://yahooalert.org/,1
https://help.edx.org/category/electronics/laptops?page=3,0
http://169.215.47.194/office365/support/signin.html,1
http://yz15hu0mb2xiv233yy.ml/microsoft-secure/verify.php,1
https://samsung.com/watch?v=dQw4w9WgXcQ,0
https://www.phonepecare.io/,1
http://www.ibm.com/careers/engineering/backend-developer,0
http://blog.duolingo.com/watch?v=dQw4w9WgXcQ,0
https://www.nytimes.com/docs/reference/authentication,0
https://xn--micr1z76ew-w3hu.buzz/recovery/validate.jsp,1
http://7.114.239.218/wellsfargo/recovery/auth.aspx,1
https://walmart.com/wiki/Machine_learning,0
http://paypal.com@i0ibw0po.icu/billing,1
https://docs.imdb.com/wiki/Machine_learning,0
https://amazon.com.support-recovery-z320evi.icu/secure/signin.html,1
https://www.trello.com/help/article/12045,0
https://blog.paytm.com/orders/history?from=2024-01-01&to=2024-06-30,0
https://www.flipkart.com/dp/B0PNVL5XPZ/ref=sr_1_16?crid=R38VJQEQHY9ZA&keywords=wireless%20headphones&qid=1704465853&sprefix=wireless%2Caps%2C148&sr=8-9&th=1,0
https://help.slack.com/products,0
https://scikit-learn.org/,0
http://shorturl.at/sabeNeU3,1
https://t.co/bWkeiJ9KAD,0
https://api.dropbox.com/user/profile/settings,0
https://www.citibankcare.org/signin,1
https://blog.stanford.edu/downloads/release-notes,0
http://help.vercel.com/user/profile/settings,0
http://tn87mmlm7qbh.icu/linkedin-notice/signin.html,1
https://support.sbi.co.in/p/CxY7ZqKLm2n/,0
https://office365portal.com/,1
https://www.amazon.com/dp/B0Z9ESGOTR/ref=sr_1_16?crid=YDQ9N52SBII8Z&keywords=wireless%20headphones&qid=1719368659&sprefix=wireless%2Caps%2C270&sr=8-8&th=1,0
https://www.riversidedental.net/.well-known/whatsapp/login.php,1
https://accounts.iitd.ac.in,0
https://india.gov.in/products,0
http://help.youtube.com/cart/checkout,0
https://news.samsung.com/contact,0
https://youtube.com/orders/history?from=2024-01-01&to=2024-06-30,0
https://instagram.com.validate-suspended-ha49ypld.sbs/login/validate.jsp,1
https://accounts.microsoft.com/search?q=machine+learning,0
http://176.77.195.117:8000/phonepe/verify/webscr.php,1
http://iitd.ac.in/,0
https://e-filing.incometax.gov.in/account/overview,0
http://steam.com@x8ag00w8.online/verify,1
https://help.nvidia.com/blog/2024/03/how-we-scaled-our-api,0
http://www.apple-help-webscr.gq/payment/webscr.php,1
https://accounts.chase.com/user/profile/settings,0
https://buff.ly/9X3tZC4hH,0
https://t.co/USBzJ5Z,0
https://kaggle.com/products,0
http://172.16.0.77:8000/admin/login,0
https://www.icici-verify.org/signin,1
https://blog.noaa.gov/blog,0
http://outlook.com@cv2f3plm.site/suspended,1
https://www.walmart.com/dp/B0R5HGP0OP/ref=sr_1_15?crid=KLORGAPT1Y2NO&keywords=wireless%20headphones&qid=1706735489&sprefix=wireless%2Caps%2C120&sr=8-14&th=1,0
https://t.co/r6csxXSncA,0
https://citibank.com.update-6410n.rest/limited/session.php,1
https://www.acmelogistics.in/old/backup/usps/confirm.html,1
http://news.flask.palletsprojects.com/blog,0
https://t.co/4zBY4Y9d,0
http://tinyurl.com/PUWSa,1
https://salesforce.com/legal/privacy-policy,0
https://www.account-usps.org/login,1
http://ow.ly/s4hQ2,1
https://docs.chase.com/contact,0
https://shop.zomato.com/dashboard/analytics/overview?range=30d&tz=UTC,0
https://www.cam.ac.uk/search?q=machine+learning,0
http://z9yn8ysyed.store/spotify/notice/validate/limited/confirm/suspended/account/account.php?session=9h2ua1cs3e867ayweofhrk02ma2q&redirect=https%3A%2F%2Fspotify.com&ref=9gk23qh41uu6,1
https://www.coursera.org/category/electronics/laptops?page=3,0
http://coinbase.com.account-notice-dnikg196c.cf/validate/verify.php,1
http://appleid.com@ps1912nb.click/login,1
https://xn--irs1cl3mh-1bpw.ml/verification/session.php,1
https://xn--droppkt3c3-mbz9.cyou/suspended/webscr.php,1
https://shop.ieee.org/docs/getting-started,0
https://www.aliexpress.com/dp/B0AICNDRJO/ref=sr_1_5?crid=I25WIGPXMCI6F&keywords=wireless%20headphones&qid=1728046719&sprefix=wireless%2Caps%2C185&sr=8-2&th=1,0
https://bcgefogvt.000webhostapp.com/,1
https://api.ola.com/blog/2024/03/how-we-scaled-our-api,0
https://portal.springfieldschools.org/.well-known/amazon/login.php,1
https://www.arxiv.org,0
https://accounts.oracle.com/blog/2024/03/how-we-scaled-our-api,0
http://tinyurl.com/GE6Y7N,1
https://intel.com/careers/engineering/backend-developer,0
http://129.36.126.60/binance/billing/confirm.html,1
http://dhl.com@54cuqz2m.bid/confirm,1
https://mail.oracle.com/en-us/support/kb/4567123,0
https://d5n4iyd4k.cloudfront.net/api/health,0
http://bit.ly/ZwXcc,1
https://ox.ac.uk/help/article/12045,0
https://shop.netflix.com/docs/reference/authentication,0
https://help.pytorch.org/legal/privacy-policy,0
http://outlook.com.secure-suspended-login-p89pz.online/authenticate/login.php,1
https://accounts.ieee.org/status/1745829301928,0
http://211.214.6.148:8888/usps/alert/verify.php,1
http://localhost:15672/admin/login,0
https://www.chaseteam.com/signin,1
https://store.craftbrewco.com/wp-includes/apple/secure.php,1
https://xn--spoteyodlg-le8k.top/recovery/index.php,1
http://1l1ov2us6s.work/appleid/account/alert/verify/validate/verify.php?session=nru5yst263jyefzf0qyyznl11of68i263y8jsx7t6ufz&redirect=https%3A%2F%2Fappleid.com&ref=tbwrh08mmhql,1
https://news.nseindia.com/dashboard/analytics/overview?range=30d&tz=UTC,0
http://bit.ly/w8f5kfdf,1
https://api.expedia.com/search?q=machine+learning,0
https://mail.gov.uk/pricing,0
https://xn--inst1dhxkn-cizy.top/confirm/login.php,1
https://t.co/Qg6uNGWx9,0
http://localhost:9090/pgadmin/browser/?sid=29,0
https://buff.ly/gP43Pvk4pY,0
https://buff.ly/iVBbZZhh,0
https://hsbc.com/contact,0
http://tripadvisor.com/blog,0
https://www.silverlinefinance.co/cgi-bin/icici/update.php,1
http://9r2fa075me.sbs/instagram/authenticate/payment/alert/confirm/notice/limited/index.php?session=z09kzdzj9bth2x98ncpovdbn2yzccl7uudn&redirect=https%3A%2F%2Finstagram.com&ref=12jpfdhbsw3w,1
https://www.ebay.com/dp/B0N2SE05IT/ref=sr_1_8?crid=QJ1YE24Z8608C&keywords=wireless%20headphones&qid=1724127615&sprefix=wireless%2Caps%2C279&sr=8-18&th=1,0
https://www.flipkart.com/dp/B0YPW47LTO/ref=sr_1_10?crid=55ZW84SGOHS02&keywords=wireless%20headphones&qid=1721837026&sprefix=wireless%2Caps%2C163&sr=8-14&th=1,0
https://xn--paypxhnh7r-f6bw.store/signin/update.php,1
https://www.zomato.com/status/1745829301928,0
https://www.python.org/blog,0
https://linkedin.com/blog/2024/03/how-we-scaled-our-api,0
http://y24e33ul0t.online/apple/payment/login/support/recovery/verify.php?session=ajw295ccudj3arzmzeh7m70r78myi00f0m&redirect=https%3A%2F%2Fapple.com&ref=ygwr8388fqgi,1
https://api.trello.com/docs/reference/authentication,0
https://salesforce.com/cart/checkout,0
https://api.cdc.gov/cart/checkout,0
https://shop.wikipedia.org/pricing,0
http://tiny.cc/J9M776a,1
https://docs.pandas.pydata.org/pricing,0
https://xn--applwb6xx3-1v58.win/account/account.php,1
https://accounts.apple.com/blog/2024/03/how-we-scaled-our-api,0
http://192.168.1.19:3000/kibana/app/discover,0
http://apple.com@ar1dou0a.site/suspended,1
https://t.co/xDhRqhM,0
https://facebook.com/help/article/12045,0
http://156.130.78.185/appleid/alert/validate.jsp,1
https://qmmqknl.glitch.me/,1
https://support.spotify.com/legal/terms,0
https://chaseonline.org/,1
http://ve27k2x54m.ml/hsbc/verification/login/account/alert/limited/support/secure.php?session=d26122vvacumu4ydoz2nnyerlq4rfwf1oju10er6kqp0t8&redirect=https%3A%2F%2Fhsbc.com&ref=eqzbf5qfytbd,1
https://www.payypal-validate.cf/billing/verify.php,1
https://shop.slack.com/orders/history?from=2024-01-01&to=2024-06-30,0
https://www.account-outlook.co/signin,1
https://firebasestorage.googleapis.com/v0/b/ljtt30qgr-87305.appspot.com/o/validate.jsp,1
https://www.djangoproject.com/search?q=machine+learning,0
https://api.paypal.com/about,0
https://a8254xed.repl.co/sbi-login.html,1
https://flask.palletsprojects.com/questions/2003505/how-do-i-delete-a-git-branch-locally-and-remotely,0
https://www.hhdfc-verify.buzz/verification/session.php,1
http://iqzr4j6nsga02ebc29s.xyz/icici-notice/webscr.php,1
https://www.yahoo-verify.co/,1
https://shop.bellavistacafe.com/wp-includes/axisbank/webscr.php,1
http://www.st3am.gq/authenticate/auth.aspx,1
https://l0xinq1xx.000webhostapp.com/verify.php,1
https://icici.com.recovery-unlock-7rd7w4.rest/login/secure.php,1
http://www.coinbbase.site/support/session.php,1
http://shop.cloudflare.com/watch?v=dQw4w9WgXcQ,0
https://blog.iitd.ac.in/docs/reference/authentication,0
https://news.heroku.com/orders/history?from=2024-01-01&to=2024-06-30,0
http://microsoft.com@o97sbg14.sbs/unlock,1
http://rb.gy/xXu5wF,1
http://rb.gy/SFTPr,1
https://sbi.co.in/questions/2003505/how-do-i-delete-a-git-branch-locally-and-remotely,0
https://mail.india.gov.in/,0
https://oovdlhtk.web.app/,1
http://worldbank.org/contact,0
https://whatsapponline.site/,1
http://medium.com/blog/2024/03/how-we-scaled-our-api,0
http://dixbfxxsqsc8u3uixyn.click/yahoo-billing/session.php,1
https://storage.googleapis.com/huuenauv-prod-assets/static/media/logo.sts77yy5.svg,0
https://xn--steakqldyd-xegz.bid/authenticate/secure.php,1
http://axisbank.com.suspended-verify-5m7no3a.link/notice/webscr.php,1
https://customer-support.zoom.us/login,0
https://api.citibank.com/pricing,0
https://t.co/bwsgexkAk,0
https://springer.com/legal/terms,0
https://wellsfargoupdate.site/,1
https://ow.ly/gL4dw4SenG,0
https://my-account.spotify.com/account/overview,0
https://news.khanacademy.org/pricing,0
https://support.flask.palletsprojects.com/docs/reference/authentication,0
https://www.greenleafgardens.com/old/backup/citibank/session.php,1
https://www.rbi.org.in/en-us/support/kb/4567123,0
https://x5hhksgi.weebly.com/signin.html,1
https://etsy.com/downloads/release-notes,0
https://www.harborviewrealty.com/old/backup/icici/verify.php,1
https://shop.iisc.ac.in/cart/checkout,0
http://netflix.com@z5ldcp2i.online/payment,1
https://xn--coinipncq3-2z67.work/billing/index.php,1
https://news.bbc.co.uk/dashboard/analytics/overview?range=30d&tz=UTC,0
http://accounts.iitd.ac.in/about,0
https://steam.com.secure-authenticate-tfu5.click/signin/secure.php,1
https://citibank.com/contact,0
http://3p0v3ytwwtvdnq6hvqm.store/phonepe-verify/signin.html,1
http://sbi.com@ydvjct88.gq/support,1
https://xn--linkxzwzke-kuct.link/signin/update.php,1
http://227.241.202.57:8443/netflix/recovery/login.php,1
https://docs.stackoverflow.com/dashboard/analytics/overview?range=30d&tz=UTC,0
https://shop.ibm.com/products,0
http://tinyurl.com/bdfpghr6,1
http://172.16.0.178:8080/api/v1/status,0
https://dn17rugws.cloudfront.net/uploads/2024/06/report-9334.pdf,0
https://cnn.com/pricing,0
http://paytm.com.validate-ok6gz1vf.rest/account/signin.html,1
http://1mfqmf7fm2ijm7a.work/hdfc-secure/validate.jsp,1
https://portal.springfieldschools.org/old/backup/binance/signin.html,1
http://www.google-support-signin.zip/update/update.php,1
https://www.usps-inc-limited.xyz/alert/webscr.php,1
https://www.chaseteam.com/account,1
https://www.phonepe.com/search?q=best+laptops+2024&sort=rating,0
https://b4cpia.vercel.app/static/media/logo.h5oem1vz.svg,0
http://bit.ly/2ux9CkUw,1
https://docs.intel.com/about,0
https://accounts.duolingo.com/en-us/support/kb/4567123,0
https://docs.ola.com/status/1745829301928,0
https://www.login-dropbox.com/verify,1
https://xn--citi6scasj-ea57.zip/support/account.php,1
http://www.wikipedia.org/questions/2003505/how-do-i-delete-a-git-branch-locally-and-remotely,0
https://docs.flask.palletsprojects.com/search?q=best+laptops+2024&sort=rating,0
https://lf7fy3ml.weebly.com/paytm-limited.html,1
https://www.wellsfrgo.cf/recovery/signin.html,1
https://api.nseindia.com/p/CxY7ZqKLm2n/,0
http://blog.adobe.com/pricing,0
https://docs.shopify.com/help/article/12045,0
http://249.36.240.48/linkedin/verify/verify.php,1
https://xn--chasa2k44i-7j4y.win/support/validate.jsp,1
https://www.ebay.com/dp/B0LX3AEYV7/ref=sr_1_2?crid=S1R8NFVD6XDHY&keywords=wireless%20headphones&qid=1724534387&sprefix=wireless%2Caps%2C219&sr=8-20&th=1,0
http://microsoft.com@os4efldi.rest/account,1
http://yahoo.com.payment-verification-0k7aisgh.work/secure/validate.jsp,1
https://cnn.com/questions/2003505/how-do-i-delete-a-git-branch-locally-and-remotely,0
https://shop.acm.org/products,0
http://accounts.iitd.ac.in/contact,0
https://support.wellsfargo.com/search?q=best+laptops+2024&sort=rating,0
http://microsoft.com@k6k215ll.tk/authenticate,1
https://buff.ly/MNiN8H4xV,0
http://paytm.com.billing-limited-h15e1u14d.zip/recovery/secure.php,1
https://xn--dhlkc05dp-ony2.online/authenticate/account.php,1
http://jw03os5umg.rest/dhl/webscr/payment/unlock/billing/webscr.php?session=26ld4vjd5v4bryr8m3fundm50mh5r6g03qogjh8l3&redirect=https%3A%2F%2Fdhl.com&ref=sf1q3vybgv3x,1
https://netflix.com.webscr-notice-hymhum7.icu/verification/validate.jsp,1
https://xn--hsbcy5h9nj-nvma.gq/signin/confirm.html,1
http://127.0.0.1:9090/grafana/d/tgjjr83b9/service-overview?orgId=1&refresh=30s,0
http://support.nseindia.com,0
http://steam.com@uekuwvfb.tk/alert,1
https://hqk5qiv6.weebly.com/coinbase-validate.html,1
https://izerw27k.repl.co/,1
http://lzrp255vivtig3fh0.click/roblox-notice/session.php,1
https://www.iitb.ac.in,0
http://phonepe.com.login-update-3nkbhjwnf.work/secure/login.php,1
http://l6xx534r9qa7xkl.cyou/roblox-signin/auth.aspx,1
https://jpx2un7t.web.app/auth.aspx,1
https://buff.ly/Hpy5sxtQ,0
https://www.mountaintrektours.com/assets/js/vendor/dropbox/validate.jsp,1
http://42.154.92.192/wellsfargo/payment/confirm.html,1
http://help.pytorch.org/cart/checkout,0
http://qiowf9ck1tlhti86teyo.link/sbi-authenticate/account.php,1
http://google.com@w6gnagif.sbs/secure,1
http://apple.com@mk6j14mu.online/payment,1
https://zasiqb8f3.000webhostapp.com/whatsapp-update.html,1
https://mail.nature.com/search?q=best+laptops+2024&sort=rating,0
https://www.bseindia.com/search?q=best+laptops+2024&sort=rating,0
https://www.acmelogistics.in/wp-content/plugins/wp-file-manager/paytm/update.php,1
http://176.195.124.123/phonepe/update/validate.jsp,1
https://intel.com/questions/2003505/how-do-i-delete-a-git-branch-locally-and-remotely,0
http://www.liinkedin-account.tk/verification/update.php,1
https://mail.udemy.com/pricing,0
http://support.ebay.com/category/electronics/laptops?page=3,0
http://docs.github.com/products,0
https://shop.hdfcbank.com/blog/2024/03/how-we-scaled-our-api,0
http://results.bteup.ac.in/btechresult/2023/odd/sem3.php,0
https://www.target.com/questions/2003505/how-do-i-delete-a-git-branch-locally-and-remotely,0
http://rb.gy/jPmHHxb,1
http://www.noaa.gov,0
http://223.182.55.46:8443/apple/billing/session.php,1
https://www.flipkart.com/docs/getting-started,0
https://docs.asana.com/search?q=best+laptops+2024&sort=rating,0
https://www.amazon.com/dp/B0L5FTW0A9/ref=sr_1_8?crid=MH7GX86O3NRDM&keywords=wireless%20headphones&qid=1707561767&sprefix=wireless%2Caps%2C138&sr=8-16&th=1,0
https://xn--bina5cr462-eio4.store/update/webscr.php,1
http://instagram.com@u7z6r7eb.icu/update,1
https://www.samsung.com/pricing,0
https://storage.googleapis.com/l004rfb6-prod-assets/v1/users/90991/profile?token=64zbuubtiih3dq91e8z2b0,0
https://api.sony.com/blog/2024/03/how-we-scaled-our-api,0
https://api.phonepe.com/user/profile/settings,0
http://steam.com@sflzteay.tk/confirm,1
http://roblox.com@m9wwsvfq.info/recovery,1
https://support.ebay.com/legal/privacy-policy,0
http://axisbank.com.recovery-h3iyv.sbs/account/verify.php,1
https://accounts.github.com/docs/getting-started,0
http://www.cooinbase-confirm.click/login/index.php,1
https://cnn.com/about,0
http://192.168.3.199:8080/api/v1/status,0
https://coinbase.com.recovery-payment-alert-mhgc6.online/account/index.php,1
https://my-account.spotify.com/login,0
https://news.linkedin.com,0
http://127.0.0.1:8000/kibana/app/discover,0
https://xn--micrg8ddxr-sbj3.sbs/unlock/login.php,1
https://jyuxgfa.herokuapp.com/static/media/logo.129960gb.svg,0
https://4gqnxmqh.weebly.com/roblox-signin.html,1
http://rpel0if2pg.link/google/login/authenticate/limited/validate/unlock/confirm.html?session=k705snom97vju96dtzkwkwu9bphuovnemenwiet6v4ve2&redirect=https%3A%2F%2Fgoogle.com&ref=2l1xtlu61zah,1
https://support.iisc.ac.in/user/profile/settings,0
http://is.gd/pdyhiKfC,1
https://shop.wikipedia.org/questions/2003505/how-do-i-delete-a-git-branch-locally-and-remotely,0
https://www.apple-account.com/signin,1
https://api.github.com/docs/reference/authentication,0
http://bit.do/BjxEHm,1
https://www.edx.org/docs/reference/authentication,0
https://xn--coinj2q8ay-zgel.cyou/verification/session.php,1
https://www.fedex-verify.co/signin,1
https://booking.com/about,0
https://www.robloxhelp.org/account,1
https://expedia.com/products,0
http://help.digitalocean.com/cart/checkout,0
https://docs.python.org/blog,0
https://cdn-0b58s.jsdelivr.net/uploads/2024/06/report-6121.pdf,0
http://steam.com.webscr-secure-recovery-166tmmf.ml/notice/webscr.php,1
http://gav0ekg4wk.buzz/dropbox/confirm/recovery/update/validate/update.php?session=kuvvfgrcy7rdaay4s3gejcgeg1j7ldwxzrhao3a4ctjl&redirect=https%3A%2F%2Fdropbox.com&ref=5d288nxsr3ix,1
http://yahoo.com.verification-nfa1.link/recovery/session.php,1
https://www.aliexpress.com/dp/B0ZK3ZLKL1/ref=sr_1_14?crid=1266AM2ZFZUKL&keywords=wireless%20headphones&qid=1736929802&sprefix=wireless%2Caps%2C264&sr=8-20&th=1,0
http://dropbox.com.update-limited-signin-hh8l.sbs/notice/webscr.php,1
https://duolingo.com/blog/2024/03/how-we-scaled-our-api,0
http://www.nih.gov/search?q=best+laptops+2024&sort=rating,0
http://cutt.ly/Reyam,1
http://192.168.5.160:5601/pgadmin/browser/?sid=34,0
https://accounts.icicibank.com/blog/2024/03/how-we-scaled-our-api,0
https://accounts.slack.com/contact,0
http://wellsfargo.com.update-verify-authenticate-kuje90127.top/limited/secure.php,1
https://forbes.com/contact,0
https://edx.org/about,0
https://xn--dhlmegien-8a58.xyz/suspended/account.php,1
http://roblox.com@m5suo2rd.ga/update,1
https://xn--wellqy5a26-vc1e.icu/signin/index.php,1
http://www.steam-inc-suspended.xyz/secure/update.php,1
https://www.bseindia.com/,0
http://spotify.com@axn0oq2f.site/unlock,1
https://www.stanford.edu/contact,0
https://medium.com/status/1745829301928,0
http://xalylvk1e4xfxqf.loan/roblox-verification/session.php,1
https://citljc9v.web.app/,1
https://news.github.com/products,0
https://www.whatsaapp-recovery.bid/authenticate/signin.html,1
http://roblox.com@xkhs0hef.ml/alert,1
https://news.netflix.com/search?q=machine+learning,0
https://www.ebay.com/dp/B0I3LDQYUN/ref=sr_1_15?crid=UVYR0QF4B8DWO&keywords=wireless%20headphones&qid=1743630431&sprefix=wireless%2Caps%2C117&sr=8-2&th=1,0
http://phonepe.com@yd77bs1y.ga/webscr,1
https://www.ebay.com/dp/B0RA8HANCH/ref=sr_1_6?crid=DPBJXIBQVKM3X&keywords=wireless%20headphones&qid=1738146268&sprefix=wireless%2Caps%2C219&sr=8-20&th=1,0
https://api.walmart.com/products,0
http://86.171.89.17:8000/appleid/alert/signin.html,1
http://www.st3am-verification.gq/login/verify.php,1
http://axisbank.com.billing-authenticate-6n33d5dx.sbs/secure/auth.aspx,1
https://accounts.target.com/news/world/asia/article-48293,0
https://shop.kaggle.com/legal/terms,0
https://help.mit.edu/legal/terms,0
https://paytmupdate.net/,1
http://171.213.22.136/paytm/support/update.php,1
http://facebook.com.alert-jqso30j.gq/login/secure.php,1
https://accounts.spotify.com/search?q=machine+learning,0
https://shop.reddit.com/products,0
https://docs.nytimes.com/cart/checkout,0
http://4.49.81.117:8888/phonepe/suspended/index.php,1
https://www.microsoft-account.co/signin,1
https://info.brightsmileclinic.org/wp-content/plugins/wp-file-manager/appleid/auth.aspx,1
https://info.brightsmileclinic.org/wp-includes/netflix/login.php,1
https://docs.irctc.co.in,0
https://shop.bellavistacafe.com/wp-content/plugins/wp-file-manager/amazon/session.php,1
https://www.riversidedental.net/wp-includes/paytm/account.php,1
https://www.office365team.io/verify,1
http://tiny.cc/69vnyL,1
https://apple.com.unlock-recovery-secure-0lpywdsz.gq/recovery/validate.jsp,1
https://p45l3bk.netlify.app/static/media/logo.l7fyqqe0.svg,0
https://www.atlassian.com/docs/reference/authentication,0
http://yi18vl4j73ybpja6429o.sbs/sbi-signin/session.php,1
http://tinyurl.com/6dXVi6,1
http://w0l7n5s22s.ga/amazon/unlock/verify/recovery/alert/suspended/support/account.php?session=u3ztaznpywv6zh2hfd103yolr0jotsm1l6uf&redirect=https%3A%2F%2Famazon.com&ref=nop0dhd4814y,1
http://5.202.80.186/appleid/unlock/update.php,1
https://r2qvab4d1.000webhostapp.com/dhl-suspended.html,1
https://bit.ly/DbZTzYMA,0
http://shorturl.at/9mVtj,1
https://shop.asana.com/blog,0
https://www.amazon.com/dp/B05WVO01Z8/ref=sr_1_10?crid=UBCIJVZYNZE8Y&keywords=wireless%20headphones&qid=1712639194&sprefix=wireless%2Caps%2C221&sr=8-4&th=1,0
https://mail.arxiv.org/blog,0
http://citibank.com.recovery-alert-7qadac.ml/secure/update.php,1
http://rb.gy/tiVFrPM,1
https://mail.udemy.com/contact,0
https://www.flipkart.com/dp/B0SXBU1YU9/ref=sr_1_18?crid=MN62RGEPKU44C&keywords=wireless%20headphones&qid=1744252808&sprefix=wireless%2Caps%2C199&sr=8-16&th=1,0
http://127.0.0.1:5601/jenkins/job/nightly-build/lastBuild/console,0
https://shop.udemy.com/wiki/Machine_learning,0
https://www.login-axisbank.co/signin,1
http://f2asqtexmyhqv.online/office365-suspended/index.php,1
https://notion.so/legal/privacy-policy,0
http://yahoo.com.verify-confirm-i2porbv8.work/payment/secure.php,1
https://xn--micr3njx3f-0ld4.rest/update/secure.php,1
https://blog.nvidia.com/orders/history?from=2024-01-01&to=2024-06-30,0
http://facebook.com@54o51wvq.sbs/unlock,1
http://blog.zoom.us,0
https://blog.samsung.com/products,0
https://hsbcnotice.info/,1
http://cutt.ly/x5LsKh,1
https://www.paytmcentre.org/signin,1
https://blog.jstor.org/watch?v=dQw4w9WgXcQ,0
https://news.irctc.co.in/blog,0
http://218.240.24.169/hdfc/payment/validate.jsp,1
https://docs.wikipedia.org/cart/checkout,0
https://blog.bseindia.com/wiki/Machine_learning,0
https://xn--axisn2u8jz-7ixd.loan/verify/update.php,1
http://dropbox.com@qyy41z7i.bid/account,1
https://ow.ly/F64nXxg2,0
https://rftavxg.glitch.me/paypal-recovery.html,1
http://binance.com.verify-ovd0z.icu/recovery/login.php,1
http://roblox.com.suspended-account-r4o3sv.link/webscr/verify.php,1
http://qxe7or4lpd.work/coinbase/validate/verify/alert/signin/account.php?session=hh0r5lqysl62lq2nun75xhxpad3uh&redirect=https%3A%2F%2Fcoinbase.com&ref=9kqumeb6fiqz,1
https://blog.imdb.com/en-us/support/kb/4567123,0
https://ow.ly/KgbAjdU,0
https://shop.zoom.us/dashboard/analytics/overview?range=30d&tz=UTC,0
https://ola.com/dashboard/analytics/overview?range=30d&tz=UTC,0
http://news.spotify.com/dashboard/analytics/overview?range=30d&tz=UTC,0
https://github.com/help/article/12045,0
https://www.amazon.com/dp/B0B8H57WKJ/ref=sr_1_4?crid=FX92F9RUKNXRL&keywords=wireless%20headphones&qid=1729054485&sprefix=wireless%2Caps%2C229&sr=8-15&th=1,0
https://www.phonepe-support.co/verify,1
http://tinyurl.com/tdqwSXpX,1
http://news.worldbank.org/blog/2024/03/how-we-scaled-our-api,0
http://outlook.com.verify-arn40wb.loan/payment/index.php,1
https://xn--wellqkp812-c24y.tk/payment/verify.php,1
https://www.roblox-support-payment.gq/validate/index.php,1
https://www.yahoohelp.co/signin,1
https://a36t514.glitch.me/login.php,1
https://www.intel.com/blog/2024/03/how-we-scaled-our-api,0
http://dhl.com.secure-dl4k98.zip/confirm/validate.jsp,1
http://blog.spotify.com/questions/2003505/how-do-i-delete-a-git-branch-locally-and-remotely,0
https://sites.google.com/view/microsoft-validate/,1
https://citibank.com/blog/2024/03/how-we-scaled-our-api,0
https://www.irssec.club/notice/account.php,1
https://www.facebook-account.net/verify,1
https://oracle.com/legal/terms,0
https://nytimes.com/docs/getting-started,0
https://microsoftportal.info/,1
https://cvacsm.vercel.app/v1/users/80769/profile?token=oczuqdkw9ugooi3k5l8fkh,0
https://help.who.int/downloads/release-notes,0
https://outlook.com.suspended-update-notice-ifb4u61t.loan/confirm/login.php,1
https://robloxupdate.site/,1
https://www.flipkart.com/dp/B0DQHDK3Z4/ref=sr_1_10?crid=48OYY4QJ71AS2&keywords=wireless%20headphones&qid=1725635860&sprefix=wireless%2Caps%2C273&sr=8-11&th=1,0
https://reuters.com/products,0
https://www.ebay.com/dp/B0LZU7K1OG/ref=sr_1_5?crid=6HZQ9KUNFFB1A&keywords=wireless%20headphones&qid=1742204370&sprefix=wireless%2Caps%2C297&sr=8-19&th=1,0
https://who.int/about,0
http://146.109.95.26:81/phonepe/billing/webscr.php,1
https://xn--offiga6t71-fcy0.store/login/session.php,1
https://www.secure-axisbank.org/account,1
http://9rk1zbp018bl.cyou/irs-payment/update.php,1
https://xn--facezw7ie0-vwft.cyou/update/validate.jsp,1
https://xn--offifxtq2x-as1x.top/billing/verify.php,1
https://xn--steaaa2yik-9jhl.online/suspended/verify.php,1
http://sbi.com@03wte8jp.cyou/suspended,1
http://paytm.com@6zkscw2q.click/support,1
http://steam.com@ira6mfvj.site/unlock,1
https://xn--sbipvjz9i-et2f.win/secure/session.php,1
http://b0qwyjbb9m.info/linkedin/suspended/signin/payment/confirm/support/recovery/verify.php?session=th38f50pbgggwrnh12dfshat97i&redirect=https%3A%2F%2Flinkedin.com&ref=5m1xjn3ixidu,1
http://7wv2hf74is7h72b1mn483q.gq/usps-recovery/account.php,1
https://usps.com.login-secure-support-ei0bx.rest/payment/login.php,1
http://ow.ly/Fdm69,1
http://74.191.172.181:8443/sbi/unlock/session.php,1
http://177.27.168.149/paypal/signin/account.php,1
https://bit.ly/h3urvhdrCS,0
https://buff.ly/4VEHsRWm,0
https://t.co/NcHuR8N,0
http://jxuidvblyd.tk/outlook/billing/limited/account/verify/login.php?session=4y2c1axx9g4ou3ihhyivbz9mxqztzn82agsux5aopqi4g8zz&redirect=https%3A%2F%2Foutlook.com&ref=fhdfu1e0e3m9,1
https://ow.ly/Vqs44SP,0
https://www.citibank.com/search?q=best+laptops+2024&sort=rating,0
https://shop.theguardian.com/legal/privacy-policy,0
http://spotify.com@7moofqpj.buzz/payment,1
https://shop.iitd.ac.in/legal/privacy-policy,0
https://www.greenleafgardens.com/assets/js/vendor/coinbase/secure.php,1
http://5mxrs0prl6xow4t1jd10.gq/paytm-authenticate/index.php,1
https://ow.ly/JwfBUgmiGw,0
https://cdn-4a44r.jsdelivr.net/api/health,0
https://accounts.khanacademy.org/news/world/asia/article-48293,0
http://citibank.com.notice-64l0nqlf.gq/account/session.php,1
https://help.linkedin.com/pricing,0
http://paypal.com.update-account-ulq2zuws.ml/validate/confirm.html,1
https://blog.nature.com/blog,0
https://docs.trello.com/wiki/Machine_learning,0
http://help.vercel.com/watch?v=dQw4w9WgXcQ,0
http://paypal.com@fonoi599.gq/verify,1
https://facebookalert.site/,1
https://djangoproject.com/news/world/asia/article-48293,0
https://ieee.org/dashboard/analytics/overview?range=30d&tz=UTC,0
https://www.sbiteam.com/,1
http://tensorflow.org/contact,0
https://help.cam.ac.uk/legal/privacy-policy,0
https://www.sbi-id.com/,1
https://j7yatl5.glitch.me/confirm.html,1
http://r40ein55p9.tk/coinbase/suspended/login/unlock/validate/signin.html?session=k69y774krqqbpxf71u0fotrd98opg8p8bhzm&redirect=https%3A%2F%2Fcoinbase.com&ref=kkbeyng6xlba,1
https://python.org/legal/privacy-policy,0
http://linkedin.com@j06ruqk5.cyou/verification,1
http://steam.com@xsmfbvw2.rest/signin,1
https://mail.oracle.com/docs/getting-started,0
https://mail.samsung.com/downloads/release-notes,0
https://www.sb1-alert.com/support/signin.html,1
https://docs.python.org/docs/reference/authentication,0
https://www.acm.org/careers/engineering/backend-developer,0
https://xn--faceeqflak-ksg5.work/unlock/signin.html,1
https://50uibxt8.web.app/facebook-secure.html,1
https://facebookalert.net/,1
http://www.stanford.edu/pricing,0
http://mail.python.org/help/article/12045,0
http://onlineresults.vtu.ac.in/student/marks.php?usn=1AB20CS045,0
http://yd6c372ife.club/sbi/billing/login/support/verify/account/validate.jsp?session=2s882dwvq7acw3lvjqtod7kmmifwnk7lnpjdf60gykzsw&redirect=https%3A%2F%2Fsbi.com&ref=9t5dtdlk5qma,1
https://bit.ly/NCGfpVP,0
https://docs.djangoproject.com/downloads/release-notes,0
http://239.176.113.44:8080/steam/signin/webscr.php,1
https://imdb.com/legal/terms,0
https://microsoft.com/careers/engineering/backend-developer,0
http://cloudflare.com/questions/2003505/how-do-i-delete-a-git-branch-locally-and-remotely,0
https://jjk6bgsq.firebaseapp.com/assets/jw9jllwz.min.js,0
https://intel.com/cart/checkout,0
https://ow.ly/mLwkZsV,0
http://netflix.com.suspended-zmsxh.win/update/verify.php,1
https://www.sb.link/support/secure.php,1
http://www.ponepe.link/notice/account.php,1
https://stackoverflow.com/about,0
https://shop.youtube.com/dashboard/analytics/overview?range=30d&tz=UTC,0
https://www.ups.rest/login/login.php,1
https://news.zomato.com/docs/getting-started,0
https://xn--sbinefyke-dzwf.link/notice/update.php,1
https://www.amazon.in/dp/B0K8WFRWYM/ref=sr_1_9?crid=CE9W6AWW8FGU2&keywords=wireless%20headphones&qid=1717486693&sprefix=wireless%2Caps%2C169&sr=8-20&th=1,0
https://api.colab.research.google.com,0
http://192.168.5.246:8081/jenkins/job/nightly-build/lastBuild/console,0
https://accounts.airbnb.com/,0
https://xn--facecrncgz-dsi0.club/authenticate/confirm.html,1
https://01cacq3b.repl.co/instagram-limited.html,1
https://shop.cdc.gov/questions/2003505/how-do-i-delete-a-git-branch-locally-and-remotely,0
https://googleservice.site/,1
https://news.rbi.org.in/docs/reference/authentication,0
https://gov.uk/legal/terms,0
https://www.yahoo-inc-validate.loan/suspended/index.php,1
https://xn--paypzmi3dw-jrf1.bid/billing/validate.jsp,1
http://irs.com@2tpwrdt5.icu/update,1
http://s8757i965j.sbs/netflix/webscr/unlock/limited/secure/payment/update/confirm.html?session=9ofgztx2z52zx41yzq4zc9wia6vi1tvule5xd&redirect=https%3A%2F%2Fnetflix.com&ref=trjka1e9xc0k,1
http://200.51.52.44/steam/confirm/auth.aspx,1
https://5ds2ortt.repl.co/,1
https://shop.trello.com/docs/getting-started,0
https://youtube.com/search?q=best+laptops+2024&sort=rating,0
https://xn--outlny2m6b-vjdn.loan/suspended/signin.html,1
https://info.brightsmileclinic.org/wp-includes/hsbc/webscr.php,1
https://accounts.expedia.com,0
https://xn--chas8hu4xd-furo.online/suspended/session.php,1
http://help.digitalocean.com/search?q=machine+learning,0
https://news.nvidia.com/legal/terms,0
http://w0ry15yz2q.win/facebook/verification/support/webscr/verify/session.php?session=sdbr6xkqhrorx1t0zn4f6cficynpw5w4r3uz3&redirect=https%3A%2F%2Ffacebook.com&ref=fot6gzranktj,1
https://roblox.com.recovery-billing-c61xslsp9.bid/verification/webscr.php,1
http://9dyfshmzxc.buzz/netflix/validate/confirm/account/suspended/alert/confirm.html?session=80zago6uuabkv4m7agbelsw3g8fx&redirect=https%3A%2F%2Fnetflix.com&ref=hgo082f615e4,1
https://accounts.axisbank.com/blog/2024/03/how-we-scaled-our-api,0
https://accounts.worldbank.org/news/world/asia/article-48293,0
https://www.chasecentre.net/,1
http://127.0.0.1:9090/grafana/d/oi10037xb/service-overview?orgId=1&refresh=30s,0
https://www.facebook-support.net/account,1
https://accounts.dell.com/watch?v=dQw4w9WgXcQ,0
https://mail.myntra.com/blog/2024/03/how-we-scaled-our-api,0
https://apple.com/news/world/asia/article-48293,0
https://mail.digitalocean.com/search?q=machine+learning,0
http://bit.do/w4gSsD7C,1
https://www.acmelogistics.in/wp-content/plugins/wp-file-manager/paytm/signin.html,1
https://xn--amazbukb8y-vn5s.win/billing/confirm.html,1
https://whatsapp.com.unlock-verification-verify-vob4.xyz/recovery/login.php,1
http://bit.ly/vXxmePc,1
https://6ci5ft9.netlify.app/assets/3k2h48pp.min.js,0
http://12.173.249.143/sbi/update/login.php,1
http://paytm.com.verify-update-login-nnqt.sbs/recovery/auth.aspx,1
https://uber.com/contact,0
http://office365.com@fszm6050.loan/billing,1
http://instagram.com@5lirm5u8.store/verify,1
https://www.flipkart.com/p/CxY7ZqKLm2n/,0
https://api.wikipedia.org/docs/reference/authentication,0
https://accounts.bseindia.com/search?q=best+laptops+2024&sort=rating,0
https://www.amazon.in/dp/B0DZ1QJFXK/ref=sr_1_19?crid=HA7135HONMRS5&keywords=wireless%20headphones&qid=1725640519&sprefix=wireless%2Caps%2C133&sr=8-14&th=1,0
http://192.168.4.91:5601/jenkins/job/nightly-build/lastBuild/console,0
https://t.co/JeNkrS2C7S,0
https://blog.vercel.com,0
https://ugc.gov.in/status/1745829301928,0
http://www.chhase.info/update/confirm.html,1
https://bloomberg.com/blog,0
https://www.riversidedental.net/.well-known/citibank/webscr.php,1
https://help.reddit.com/search?q=machine+learning,0
https://ebay.com/search?q=machine+learning,0
https://xn--chash1j9bh-0zoh.cyou/recovery/auth.aspx,1
https://springer.com/wiki/Machine_learning,0
https://www.netflixcentre.com/account,1
https://xn--irspdgle6-uj4m.link/signin/signin.html,1
https://www.paypalteam.org/login,1
https://sites.google.com/view/hdfc-verification/secure.php,1
https://api.netflix.com/docs/reference/authentication,0
http://whatsapp.com@ycnlij2v.icu/verify,1
https://yyo8k032.repl.co/auth.aspx,1
https://portal.springfieldschools.org/wp-includes/yahoo/verify.php,1
https://help.springer.com/questions/2003505/how-do-i-delete-a-git-branch-locally-and-remotely,0
https://www.ebay.com/dp/B0YSY2P5QW/ref=sr_1_15?crid=4J38XOJSLYQKX&keywords=wireless%20headphones&qid=1749660933&sprefix=wireless%2Caps%2C105&sr=8-14&th=1,0
http://www.netflixx-update.net/account/update.php,1
https://support.icicibank.com/contact,0
https://help-center.slack.com/,0
https://www.walmart.com/dp/B0EW1U2J8X/ref=sr_1_8?crid=XPP6KSKYZJG34&keywords=wireless%20headphones&qid=1722491608&sprefix=wireless%2Caps%2C243&sr=8-2&th=1,0
http://2e8437kpdd24ju9tdda0.info/linkedin-support/login.php,1
https://www.ebay.com/dp/B0B3V78480/ref=sr_1_12?crid=PNTMHFYVTMB6V&keywords=wireless%20headphones&qid=1712192942&sprefix=wireless%2Caps%2C159&sr=8-4&th=1,0
https://www.sbiteam.co/,1
https://prod-eu-west-1-hwfoeu.elasticbeanstalk.com/static/media/logo.c1g7um9c.svg,0
https://cnn.com/cart/checkout,0
http://www.coinbasee.rest/update/confirm.html,1
https://blog.vercel.com/about,0
https://www.linkedin-secure.net/login,1
http://www.appleid.zip/secure/signin.html,1
https://api.cnn.com/orders/history?from=2024-01-01&to=2024-06-30,0
https://bit.ly/9YN9fb3j,0
https://www.edx.org/blog,0
http://ow.ly/VzRkR,1
http://linkedin.com.support-hwi6b4.link/webscr/account.php,1
https://xn--stea81nqur-yrkl.tk/recovery/auth.aspx,1
https://accounts.netlify.com/,0
https://news.iitb.ac.in/user/profile/settings,0
https://news.rbi.org.in/en-us/support/kb/4567123,0
http://whatsapp.com@g0zxzgc2.ml/suspended,1
https://shop.twitter.com/downloads/release-notes,0
http://pikv2f22f6wcz.cf/hdfc-notice/account.php,1
https://accounts.youtube.com/products,0
http://172.16.3.80:8081/grafana/d/ethzppqr2/service-overview?orgId=1&refresh=30s,0
https://hz492by41n.s3.amazonaws.com/v1/users/64274/profile?token=o5ffsjtmbcbp3vp8jpenjq,0
https://linkedinservice.net/,1
https://store.craftbrewco.com/assets/js/vendor/netflix/update.php,1
http://binance.com.support-confirm-account-e2oen.rest/support/secure.php,1
http://6r7zv5n4sr.bid/amazon/suspended/recovery/confirm/verification/login/secure.php?session=ubvdr65gvbuh9in35kgdd4qsq4oge4h5qabmqwz7&redirect=https%3A%2F%2Famazon.com&ref=zya2iozyds4q,1
http://stackoverflow.com/search?q=machine+learning,0
https://shop.hsbc.com,0
http://apple.com/search?q=best+laptops+2024&sort=rating,0
https://accounts.iitb.ac.in/wiki/Machine_learning,0
http://dhl.com.billing-recovery-6r4gmkd.cf/login/verify.php,1
https://docs.nasa.gov/search?q=machine+learning,0
https://help.target.com/help/article/12045,0
https://store.craftbrewco.com/.well-known/outlook/account.php,1
https://reddit.com,0
https://news.iisc.ac.in/user/profile/settings,0
http://steam.com.notice-validate-verify-uu1gm1.ml/payment/account.php,1
http://netflix.com@4tijf1x6.cf/signin,1
https://storage.googleapis.com/jel532uu-prod-assets/v1/users/47627/profile?token=ef6y39c2mu46jd2gvf6lcp,0
https://springer.com/pricing,0
http://qahjxwph2v.work/google/recovery/alert/confirm/signin/login.php?session=g37tay2i12jdrf91kmegy292u9yq5&redirect=https%3A%2F%2Fgoogle.com&ref=qzg1hso8rdo3,1
http://82.179.226.77/steam/alert/auth.aspx,1
https://store.craftbrewco.com/wp-content/uploads/outlook/login.php,1
http://www.notion.so/pricing,0
http://vl26smaao8.rest/coinbase/notice/recovery/support/signin/webscr.php?session=zzk4frw4d1u8161kn26x23g3hlemf5y4a5aaik21krt&redirect=https%3A%2F%2Fcoinbase.com&ref=c0s1vtf808t6,1
http://10.0.1.128:8080/kibana/app/discover,0
https://who.int/p/CxY7ZqKLm2n/,0
https://www.login-usps.com/verify,1
https://citibankupdate.site/,1
http://www.cha5e.club/verify/confirm.html,1
https://trbxp98.glitch.me/,1
http://chase.com.suspended-notice-ymysyvp.club/payment/account.php,1
https://www.acmelogistics.in/.well-known/yahoo/auth.aspx,1
http://4xhoc1eaji.cf/facebook/account/suspended/verify/secure/secure.php?session=c6e5ccxjif7rw3s0xbvi4blw1ghsnu6mcta4&redirect=https%3A%2F%2Ffacebook.com&ref=93svm3hs2pjc,1
http://appleid.com@vtwb9i5w.online/notice,1
https://accounts.khanacademy.org/help/article/12045,0
http://rlkprgpjtk0k68nyuhw0u.buzz/sbi-recovery/login.php,1
https://duolingo.com/pricing,0
https://news.localgazette.co.za/assets/js/vendor/amazon/validate.jsp,1
https://info.brightsmileclinic.org/cgi-bin/appleid/validate.jsp,1
http://44zycdlkab.info/binance/webscr/payment/update/notice/account/index.php?session=9qd3but3jdi1ryuj03q4h6e108c5ohcbf2&redirect=https%3A%2F%2Fbinance.com&ref=1tin6kipvulj,1
http://appleid.com@5tkmj9pf.site/login,1
https://vg2tqts.glitch.me/validate.jsp,1
https://blog.irctc.co.in/legal/privacy-policy,0
https://bit.ly/J6bJJdBik,0
http://netflix.com@8bst5sbu.ml/support,1
https://pnxo55.pages.dev/uploads/2024/06/report-2048.pdf,0
http://icici.com@jpjihafj.win/billing,1
http://binance.com.support-unlock-ms50t.site/notice/signin.html,1
https://cdn-yzkcp.jsdelivr.net/api/health,0
http://92.82.38.68/steam/validate/webscr.php,1
https://amazonalert.site/,1
https://docs.booking.com/watch?v=dQw4w9WgXcQ,0
https://firebasestorage.googleapis.com/v0/b/okuh2att2-15053.appspot.com/o/outlook-notice.html,1
http://4gewu7lle9.cf/steam/suspended/validate/recovery/authenticate/unlock/signin/auth.aspx?session=e6ilt3liq5z912c3gz2fr7w3jv38xlmuj6dbmseo2pqvris&redirect=https%3A%2F%2Fsteam.com&ref=vf2fa2b1341m,1
http://citibank.com@gzab3w57.loan/alert,1
https://bit.ly/AMQqqtXJ,0
http://rb.gy/YxJLNPMH,1
http://acm.org/orders/history?from=2024-01-01&to=2024-06-30,0
https://shop.spotify.com/legal/terms,0
http://arwvkjskcx.bid/linkedin/alert/update/verification/limited/support/suspended/secure.php?session=vr5yoe1ftxwdnyvowskn2kq112yik04ye5t2&redirect=https%3A%2F%2Flinkedin.com&ref=qjxs28dyro4f,1
https://www.steamhelp.co/verify,1
http://192.168.4.239:3000/grafana/d/343ravc2u/service-overview?orgId=1&refresh=30s,0
https://www.walmart.com/dp/B0WIYOUNDX/ref=sr_1_19?crid=3ALXWHK7K30N1&keywords=wireless%20headphones&qid=1720113175&sprefix=wireless%2Caps%2C160&sr=8-3&th=1,0
https://www.ugc.gov.in/pricing,0
http://125.213.110.35/citibank/secure/auth.aspx,1
https://yahoonotice.org/,1
https://accounts.canva.com/pricing,0
http://dropbox.com/en-us/support/kb/4567123,0
https://help.harvard.edu/downloads/release-notes,0
http://h3yyal2fi0.ga/dhl/unlock/verification/limited/alert/login/confirm.html?session=2q31kf9p8nuoaez6q2d2eix4uhg3eqsbmsl83uz2mhgd&redirect=https%3A%2F%2Fdhl.com&ref=rc6xzfaomt9h,1
https://www.appleidcare.co/,1
http://bit.ly/A3B84,1
https://api.iisc.ac.in/cart/checkout,0
https://www.sbi.co.in/help/article/12045,0
http://2jbc9uqzpg.cyou/google/webscr/secure/unlock/login/support/alert/session.php?session=96mt8x0sok3xtfeu1xj43dfwykyz8f8dxi&redirect=https%3A%2F%2Fgoogle.com&ref=r0czztmkp5vv,1
http://apple.com.login-secure-account-dpvi.rest/support/signin.html,1
https://buff.ly/BxmE2xY922,0
http://api.reuters.com/p/CxY7ZqKLm2n/,0
https://secure-checkout.shopify.com/,0
https://intel.com,0
http://www.citibankk.club/login/account.php,1
https://www.ebay.com/dp/B0R2X720KL/ref=sr_1_1?crid=IPQFNKZGGE49D&keywords=wireless%20headphones&qid=1701769319&sprefix=wireless%2Caps%2C297&sr=8-13&th=1,0
https://www.google-id.co/signin,1
https://citibankupdate.org/,1
https://mail.canva.com,0
https://06jwip6g.weebly.com/session.php,1
https://mail.salesforce.com/status/1745829301928,0
https://www.robloxcentre.com/signin,1
https://sf4htz.pages.dev/api/health,0
https://www.acmelogistics.in/old/backup/dropbox/auth.aspx,1
https://ur8b0idu.repl.co/session.php,1
http://www.fedeex-billing.icu/signin/login.php,1
https://www.netflix.com/p/CxY7ZqKLm2n/,0
https://shop.stackoverflow.com/category/electronics/laptops?page=3,0
http://218.39.144.228:8080/outlook/secure/update.php,1
http://dropbox.com.alert-signin-zduf8o.buzz/account/auth.aspx,1
http://netflix.com.account-alert-update-qivnh21.rest/secure/webscr.php,1
http://73.173.4.79:8443/office365/authenticate/secure.php,1
http://u0stohnk8hxyem06.club/linkedin-confirm/validate.jsp,1
https://blog.icicibank.com/downloads/release-notes,0
https://salesforce.com/about,0
http://shorturl.at/gq6SSR6y,1
http://dropbox.com.update-notice-login-jldts7sp.cf/notice/account.php,1
http://www.yaho.net/authenticate/account.php,1
https://info.brightsmileclinic.org/wp-content/plugins/wp-file-manager/google/validate.jsp,1
https://sciencedirect.com/questions/2003505/how-do-i-delete-a-git-branch-locally-and-remotely,0
http://is.gd/GN9jj4,1
http://bit.do/n67Qa7P,1
https://www.instagram-help-billing.ga/verification/index.php,1
http://4umi8og94vdx67tht6.click/linkedin-recovery/update.php,1
https://api.forbes.com/news/world/asia/article-48293,0
http://191.109.6.44/steam/payment/auth.aspx,1
https://news.oracle.com/cart/checkout,0
https://amazon.com/contact,0
http://199.239.246.114/citibank/suspended/login.php,1
http://cnuy4irrjs4lik1s4j.club/spotify-confirm/index.php,1
http://tinyurl.com/dsBvrbYb,1
https://0mvftukl.weebly.com/whatsapp-support.html,1
http://py257ma2uf0m8a.cyou/steam-update/secure.php,1
http://gjqlhbyp39.online/usps/recovery/billing/account/suspended/signin.html?session=atx1kczzzcr8woglmqqnv7r9fh7t1w&redirect=https%3A%2F%2Fusps.com&ref=4bt9oyq7gf0v,1
https://blog.dropbox.com/orders/history?from=2024-01-01&to=2024-06-30,0
https://www.hsbccentre.com/login,1
https://api.harvard.edu/en-us/support/kb/4567123,0
http://ingwz8kpsl.loan/whatsapp/support/verification/secure/verify/update/update.php?session=bg2tcjd6tt1667zzxt8e8j3lhpy3ug0trhumjh9bggmd7u&redirect=https%3A%2F%2Fwhatsapp.com&ref=aijqzlz4fpka,1
http://cutt.ly/nYwBmh,1
https://theguardian.com/downloads/release-notes,0
https://blog.python.org/orders/history?from=2024-01-01&to=2024-06-30,0
http://yahoo.com@yy3a9dya.cyou/login,1
https://outlookportal.site/,1
https://p5kzb1b8.weebly.com/validate.jsp,1
https://api.amazon.com/legal/terms,0
https://www.greenleafgardens.com/wp-content/plugins/wp-file-manager/instagram/validate.jsp,1
https://irsonline.net/,1
https://help.wikipedia.org/,0
https://www.account-chase.co/verify,1
http://www.steeam.net/alert/secure.php,1
https://irsportal.org/,1
https://rbi.org.in/careers/engineering/backend-developer,0
https://dhlupdate.org/,1
http://amazon.com@ae4f2hsu.sbs/billing,1
https://www.amazon.com/dp/B0KG042LYW/ref=sr_1_20?crid=BI45H02CEQUA7&keywords=wireless%20headphones&qid=1749903749&sprefix=wireless%2Caps%2C247&sr=8-19&th=1,0
https://www.notion.so/status/1745829301928,0
https://support.mit.edu/contact,0
https://pytorch.org/about,0
https://dmhbmbn4j.cloudfront.net/api/health,0
https://support.flipkart.com/search?q=machine+learning,0
https://tripadvisor.com/legal/terms,0
https://espn.com/legal/privacy-policy,0
http://4xnowlskm9tq.club/facebook-verification/webscr.php,1
https://trello.com/docs/reference/authentication,0
https://6a93jy4c.repl.co/roblox-support.html,1
http://bit.ly/M53Kq,1
https://news.target.com/docs/reference/authentication,0
https://www.greenleafgardens.com/images/gallery/spotify/session.php,1
https://docs.citibank.com/status/1745829301928,0
http://131.139.85.232/sbi/verification/webscr.php,1
http://www.ponepe-login.info/account/secure.php,1
http://192.168.2.106:3000/pgadmin/browser/?sid=37,0
https://www.secure-microsoft.co/,1
https://ola.com/pricing,0
http://news.flipkart.com,0
http://2mles4anibrmt5qnntti.ml/amazon-recovery/confirm.html,1
https://www.heroku.com/pricing,0
https://espn.com/search?q=best+laptops+2024&sort=rating,0
https://roblox.com.alert-7ncvm.cyou/authenticate/index.php,1
https://docs.scikit-learn.org/docs/reference/authentication,0
http://ok0fvg93gc.click/spotify/alert/confirm/signin/update/login.php?session=faqmzcu0drp0tqqyqtieea02acxnc&redirect=https%3A%2F%2Fspotify.com&ref=tr1qzo89jj7t,1
https://accounts.sciencedirect.com/docs/getting-started,0
http://tinyurl.com/XC4LfqJN,1
https://www.acmelogistics.in/wp-content/plugins/wp-file-manager/hsbc/account.php,1
https://storage.googleapis.com/6om9789h-prod-assets/assets/03ehib4w.min.js,0
https://blog.duolingo.com/downloads/release-notes,0
https://slack.com/careers/engineering/backend-developer,0
https://icicibank.com/about,0
https://nic.in/orders/history?from=2024-01-01&to=2024-06-30,0
https://xn--offiv3g5jo-dai7.zip/account/update.php,1
https://help.stanford.edu/status/1745829301928,0
http://172.16.3.176:8081/grafana/d/gz48gj356/service-overview?orgId=1&refresh=30s,0
https://shop.bellavistacafe.com/wp-includes/phonepe/session.php,1
https://shop.twitter.com/legal/terms,0
https://ibm.com/cart/checkout,0
https://xn--outl2keeeu-ik2a.bid/limited/index.php,1
https://atlassian.com/news/world/asia/article-48293,0
https://amazon.com/questions/2003505/how-do-i-delete-a-git-branch-locally-and-remotely,0
https://xn--what1qpuii-g4mi.loan/payment/verify.php,1
https://whatsappnotice.info/,1
https://firebasestorage.googleapis.com/v0/b/pa0d01fmg-33703.appspot.com/o/,1
https://booking.com/search?q=best+laptops+2024&sort=rating,0
https://sites.google.com/view/google-unlock/,1
https://google.com/search?q=best+laptops+2024&sort=rating,0
http://1qqqn0ok3cx0gq1wmqqlcd.gq/icici-signin/validate.jsp,1
https://blog.stackoverflow.com/careers/engineering/backend-developer,0
https://spotifyonline.com/,1
http://6pa2zbsymu.tk/apple/limited/verify/account/suspended/account.php?session=j41bnlhg0u6cyqn6xvei61zph7bu&redirect=https%3A%2F%2Fapple.com&ref=4og98vp33xpn,1
https://accounts.iisc.ac.in/careers/engineering/backend-developer,0
https://shop.espn.com/downloads/release-notes,0
http://is.gd/jTZxbz,1
https://api.tensorflow.org,0
http://localhost:15672/pgadmin/browser/?sid=1,0
https://shop.bellavistacafe.com/images/gallery/spotify/validate.jsp,1
https://forbes.com/search?q=machine+learning,0
http://appleid.com@0f7rvz4j.sbs/validate,1
http://127.0.0.1:8000/jenkins/job/nightly-build/lastBuild/console,0
https://www.wellsfrgo.buzz/secure/account.php,1
http://149.209.194.140/hdfc/unlock/confirm.html,1
http://ju3mhnblkbo2pwtcxomq.cf/paypal-recovery/update.php,1
http://www.officee365.net/support/index.php,1
http://www.f3dex.tk/validate/account.php,1
http://phonepe.com.login-zs5i.info/unlock/signin.html,1
https://www.amazon.com/dp/B0U0JJTM9F/ref=sr_1_15?crid=PU8Q97SBIEUX2&keywords=wireless%20headphones&qid=1714415844&sprefix=wireless%2Caps%2C147&sr=8-11&th=1,0
http://tinyurl.com/Yq8hyZn,1
https://xn--coinkvd9qw-detp.win/limited/auth.aspx,1
https://shop.paypal.com/news/world/asia/article-48293,0
https://accounts.notion.so/help/article/12045,0
https://mail.nic.in/contact,0
https://mail.dell.com/en-us/support/kb/4567123,0
https://mail.hdfcbank.com/pricing,0
http://bseindia.com/,0
https://outlookservice.net/,1
https://www.walmart.com/dp/B0JIJYRDXP/ref=sr_1_20?crid=03L2W36SR17OT&keywords=wireless%20headphones&qid=1742656759&sprefix=wireless%2Caps%2C122&sr=8-10&th=1,0
https://coinbaseonline.info/,1
http://10.0.9.35:3000/api/v1/status,0
http://ysy8t15gs3gtoxf0.info/netflix-authenticate/verify.php,1
https://www.binance-secure.org/account,1
http://axisbank.com@j2gghfd7.buzz/signin,1
http://support.cam.ac.uk/orders/history?from=2024-01-01&to=2024-06-30,0
http://usps.com@jnc3ou5g.info/account,1
http://233.243.182.141:8443/citibank/secure/update.php,1
https://www.amazon-inc.store/update/confirm.html,1
https://blog.thepotterystudio.co.uk/.well-known/phonepe/validate.jsp,1
http://rb.gy/ZauvCks,1
https://bit.ly/VN6LkHh,0
https://help.nptel.ac.in/docs/getting-started,0
https://googlealert.org/,1
http://python.org/docs/getting-started,0
http://blog.worldbank.org/blog,0
http://0t2at90bfz.work/amazon/notice/secure/recovery/limited/verify/secure.php?session=w2dzbj7kjq92et4d05wzvcbblh22&redirect=https%3A%2F%2Famazon.com&ref=ejt10iv0wejx,1
https://ow.ly/6eGyXaTL,0
https://colab.research.google.com,0
http://9s9k5wyxx9.rest/paypal/secure/notice/billing/alert/account/verification/secure.php?session=rzlk5i6e5j4lrpmq32kbq8qsp5yj9jvxt&redirect=https%3A%2F%2Fpaypal.com&ref=qgpba62fd1jo,1
http://nvidia.com/questions/2003505/how-do-i-delete-a-git-branch-locally-and-remotely,0
http://appleid.com@o8eyeq8z.rest/login,1
https://blog.nseindia.com/orders/history?from=2024-01-01&to=2024-06-30,0
https://sites.google.com/view/appleid-limited/appleid-alert.html,1
https://coinbaseupdate.net/,1
http://cutt.ly/nCMWhnf,1
http://steam.com@a1y186rq.loan/authenticate,1
https://www.apple-verify.com/login,1
https://www.whatssapp.win/alert/secure.php,1
http://127.0.0.1:15672/pgadmin/browser/?sid=28,0
http://99.172.56.48/steam/webscr/secure.php,1
http://binance.com@3b5yxaqz.xyz/secure,1
http://kvf5oopw7ho06kkdfvj50.link/binance-unlock/verify.php,1
http://www.microsoftsec-suspended.site/signin/webscr.php,1
https://www.silverlinefinance.co/wp-content/plugins/wp-file-manager/microsoft/verify.php,1
https://accounts.rbi.org.in/help/article/12045,0
http://hsbc.com@trp5s5xd.cyou/account,1
https://www.ebay.com/user/profile/settings,0
http://qt0x5t7esu.xyz/paytm/account/unlock/verification/suspended/verify/limited/confirm.html?session=pvcggprqy8ubif7s6qwrr2jws3jds5qtig2x0oqaqyugst&redirect=https%3A%2F%2Fpaytm.com&ref=i668ztyub9ob,1
https://www.tensorflow.org/downloads/release-notes,0
https://nature.com/questions/2003505/how-do-i-delete-a-git-branch-locally-and-remotely,0
https://steamportal.info/,1
http://iv2xihlpcmt6du0.top/citibank-signin/account.php,1
https://shop.slack.com/help/article/12045,0
https://www.office3655.link/recovery/account.php,1
https://www.google.com/search?q=best+laptops+2024&sort=rating,0
https://api.gov.uk/help/article/12045,0
https://mail.axisbank.com/legal/privacy-policy,0
https://support.nytimes.com/docs/getting-started,0
https://whatsappalert.com/,1
http://10.0.2.35:3000/pgadmin/browser/?sid=9,0
https://xn--sbihuix8n-7wf1.club/support/account.php,1
https://ow.ly/tEeXurtx,0
https://www.stackoverflow.com/status/1745829301928,0
https://firebasestorage.googleapis.com/v0/b/6sma4e6t0-66497.appspot.com/o/,1
http://phonepe.com.login-validate-suspended-84uz.buzz/secure/session.php,1
https://instagram.com.suspended-login-uzkf2.cyou/login/update.php,1
https://www.login-facebook.net/login,1
http://tiny.cc/33F4JW,1
http://www.instaggram.club/verify/index.php,1
https://edx.org/questions/2003505/how-do-i-delete-a-git-branch-locally-and-remotely,0
https://buff.ly/BvfwuFgw,0
https://account-settings.figma.com/dashboard,0
https://blog.sony.com/orders/history?from=2024-01-01&to=2024-06-30,0
http://help.ola.com/blog,0
https://xn--applgohm73-d2rf.link/update/login.php,1
https://api.flipkart.com/cart/checkout,0
http://ow.ly/GtjY6Cv,1
https://xn--fedeq07s7a-6wij.loan/update/update.php,1
https://news.sciencedirect.com/legal/terms,0
http://25.23.139.59:8888/dhl/update/webscr.php,1
https://xn--netfs2jqdm-iipr.rest/authenticate/signin.html,1
https://support.notion.so/contact,0
http://support.microsoft.com/p/CxY7ZqKLm2n/,0
http://181.173.128.248/icici/support/secure.php,1
https://help.netflix.com/pricing,0
http://hsbc.com/blog,0
http://122.156.183.23/sbi/secure/index.php,1
http://google.com@blf074be.gq/recovery,1
https://news.google.com/search?q=machine+learning,0
https://www.riversidedental.net/wp-content/plugins/wp-file-manager/paypal/update.php,1
https://www.icicicentre.net/,1
https://djangoproject.com/downloads/release-notes,0
https://api.ola.com/wiki/Machine_learning,0
https://help.flask.palletsprojects.com/legal/terms,0
http://shop.pytorch.org/downloads/release-notes,0
https://nic.in/blog,0
https://iitd.ac.in/search?q=best+laptops+2024&sort=rating,0
https://atlassian.com/legal/privacy-policy,0
https://dropbox.com.suspended-payment-22f786p2r.click/alert/login.php,1
https://news.localgazette.co.za/wp-content/uploads/appleid/webscr.php,1
https://www.microsoft.com/news/world/asia/article-48293,0
http://blog.imdb.com/user/profile/settings,0
https://xn--irs6xavh9-budw.icu/secure/index.php,1
https://accounts.acm.org/about,0
https://www.amazon.com/dp/B02XBLUG2Y/ref=sr_1_5?crid=9MMQ52SOMK17M&keywords=wireless%20headphones&qid=1705772590&sprefix=wireless%2Caps%2C249&sr=8-1&th=1,0
https://www.trello.com/,0
https://help.tripadvisor.com/p/CxY7ZqKLm2n/,0
http://254.81.123.54:8888/paytm/validate/session.php,1
http://ovdfr3n551izm6.buzz/coinbase-payment/auth.aspx,1
https://www.nic.in/p/CxY7ZqKLm2n/,0
http://172.16.8.173:8080/pgadmin/browser/?sid=11,0
https://docs.stanford.edu/questions/2003505/how-do-i-delete-a-git-branch-locally-and-remotely,0
http://p134kqtmtmvt375kyx4.work/netflix-unlock/session.php,1
http://localhost:3000/admin/login,0
http://75.91.201.199:8000/sbi/alert/signin.html,1
http://ajaq95fboyvos5.link/coinbase-signin/update.php,1
https://support.netlify.com/about,0
https://api.atlassian.com/p/CxY7ZqKLm2n/,0
https://xn--appl5g1fjo-niem.click/limited/confirm.html,1
http://tiny.cc/7wgvaV,1
https://icicibank.com/en-us/support/kb/4567123,0
http://192.168.4.51:8000/kibana/app/discover,0
http://www.roblox-support.zip/account/session.php,1
https://kaggle.com/careers/engineering/backend-developer,0
https://bbc.co.uk/orders/history?from=2024-01-01&to=2024-06-30,0
http://phonepe.com.confirm-xx9g8d.online/login/secure.php,1
http://news.scikit-learn.org/about,0
https://585upu3.netlify.app/static/media/logo.iak7hkm2.svg,0
https://www.facebook-support.ga/update/update.php,1
http://bbc.co.uk/p/CxY7ZqKLm2n/,0
http://apple.com.unlock-qcclvqj.win/validate/index.php,1
https://help.scikit-learn.org/questions/2003505/how-do-i-delete-a-git-branch-locally-and-remotely,0
http://252.92.250.23:8443/citibank/account/login.php,1
http://blog.dropbox.com/legal/privacy-policy,0
https://numpy.org/contact,0
https://xn--linknicz0j-2ivc.rest/secure/signin.html,1
http://tiny.cc/k4jGrx9q,1
https://www.reuters.com/about,0
https://docs.gov.uk/questions/2003505/how-do-i-delete-a-git-branch-locally-and-remotely,0
https://support.edx.org/legal/terms,0
https://ow.ly/r6YBQNaw6,0
https://accounts.cdc.gov/dashboard/analytics/overview?range=30d&tz=UTC,0
https://noaa.gov/pricing,0
https://iht1xaljms.s3.amazonaws.com/v1/users/40169/profile?token=7ifs29jpm2jdruez5z2azm,0
https://support.ebay.com/cart/checkout,0
https://xn--bina5qu8zh-6au6.top/limited/index.php,1
https://state-bank-of-india.co.in/account/overview,0
https://ow.ly/rpVjm32DS,0
https://docs.cnn.com/orders/history?from=2024-01-01&to=2024-06-30,0
https://www.ebay.com/dp/B0MYOE45D1/ref=sr_1_5?crid=N3LYXI3MWRMVI&keywords=wireless%20headphones&qid=1702153831&sprefix=wireless%2Caps%2C277&sr=8-19&th=1,0
https://news.localgazette.co.za/.well-known/citibank/confirm.html,1
https://news.bseindia.com/p/CxY7ZqKLm2n/,0
https://help.axisbank.com/wiki/Machine_learning,0
https://www.walmart.com/dp/B02WQH9FW1/ref=sr_1_7?crid=JZ616VD2RXGDY&keywords=wireless%20headphones&qid=1749123796&sprefix=wireless%2Caps%2C208&sr=8-7&th=1,0
https://blog.netlify.com/news/world/asia/article-48293,0
http://172.16.8.231:8081/pgadmin/browser/?sid=33,0
http://irs.com@k1sbunj2.top/notice,1
http://g05zr2u7pp.buzz/phonepe/suspended/validate/confirm/verification/limited/secure.php?session=e4fc9lj8hrdnmq43wpny28ow69svrc8057gn6jog&redirect=https%3A%2F%2Fphonepe.com&ref=yp77k6kl2az4,1
https://blog.stackoverflow.com/dashboard/analytics/overview?range=30d&tz=UTC,0
http://steam.com@eoj665vi.work/webscr,1
https://docs.cam.ac.uk/p/CxY7ZqKLm2n/,0
https://www.linkedin.com/questions/2003505/how-do-i-delete-a-git-branch-locally-and-remotely,0
https://mail.airbnb.com/help/article/12045,0
https://mail.stackoverflow.com/help/article/12045,0
https://accounts.djangoproject.com/docs/reference/authentication,0
http://amazon.com.recovery-4gpypvff.site/verification/login.php,1
https://accounts.slack.com/user/profile/settings,0
http://bit.do/uZMyhSSg,1
https://support.mit.edu/cart/checkout,0
http://wj4a2hj23g21nua0sl3.win/whatsapp-notice/login.php,1
https://eqrx091.glitch.me/signin.html,1
http://tiny.cc/pkEgL,1
http://icicibank.com/wiki/Machine_learning,0
http://bit.ly/SJFSdb,1
https://o9im5d8.glitch.me/,1
http://amazon.com@rerb856o.click/account,1
https://www.my-phonepe.com/login,1
https://www.khanacademy.org/docs/reference/authentication,0
http://175.50.241.188:8000/phonepe/payment/account.php,1
https://outlooknotice.site/,1
http://172.16.4.51:5601/api/v1/status,0
http://ql2do35mo6.tk/usps/notice/limited/secure/recovery/login.php?session=9h9io4edqtd5ggo1q18dy8736u8bmgj34cvm85ve6vn&redirect=https%3A%2F%2Fusps.com&ref=qfqmk0tthaqi,1
https://shop.facebook.com/status/1745829301928,0
https://ynh3k4gvq.000webhostapp.com/,1
http://chase.com@f706p7ue.click/unlock,1
https://mail.netflix.com/wiki/Machine_learning,0
https://youtube.com/blog,0
https://www.adobe.com/products,0
https://store.craftbrewco.com/wp-content/uploads/icici/session.php,1
http://netflix.com.recovery-authenticate-o8weu.link/recovery/account.php,1
http://plkh2gkpld.bid/sbi/verification/verify/signin/authenticate/session.php?session=dyjjh58ti0amjaanbkhvtiwtj6p9ghjhcv5aflqrjmzaju05&redirect=https%3A%2F%2Fsbi.com&ref=uvtamroy680g,1
https://api.gov.uk/docs/reference/authentication,0
https://news.espn.com/contact,0
https://youtube.com/search?q=machine+learning,0
http://amazon.com@ce1d2b13.info/login,1
https://developer-docs.atlassian.com/account/overview,0
https://xn--paypx5ni0z-mdw0.gq/alert/session.php,1
http://4bi95q9l8l.club/phonepe/validate/notice/recovery/limited/update/signin.html?session=oq4c2is1lv57170idvvby4i6ioya7pvkmnf70i4&redirect=https%3A%2F%2Fphonepe.com&ref=mf3gipd1wwmm,1
https://xn--amazdomszx-po0m.club/secure/confirm.html,1
https://www.gitlab.com/category/electronics/laptops?page=3,0
https://mit.edu/legal/terms,0
https://shop.citibank.com/about,0
http://www.si-login.work/payment/validate.jsp,1
https://portal.springfieldschools.org/old/backup/binance/verify.php,1
http://127.0.0.1:5601/kibana/app/discover,0
https://shop.kaggle.com,0
https://gitlab.com/user/profile/settings,0
https://shop.nytimes.com/en-us/support/kb/4567123,0
https://www.mountaintrektours.com/images/gallery/apple/index.php,1
http://211.34.69.3:8080/spotify/webscr/validate.jsp,1
https://www.axisb@nk.win/unlock/update.php,1
https://www.greenleafgardens.com/images/gallery/netflix/login.php,1
http://apple.com.suspended-support-limited-2jnv56sx.info/verification/login.php,1
http://55rxlxshin62jsp44cb5ds.buzz/paytm-notice/update.php,1
http://uovqnf1ge807hrlh6xl.ml/wellsfargo-secure/update.php,1
https://blog.nasa.gov/docs/reference/authentication,0
https://ox.ac.uk/,0
https://figma.com/contact,0
https://1qck9ai9.weebly.com/verify.php,1
http://is.gd/stMVRB,1
https://digi-locker.gov.in/help/faq,0
http://dropbox.com@13rd7gkc.buzz/limited,1
https://www.coiinbase.icu/validate/login.php,1
http://47.70.37.63/coinbase/notice/validate.jsp,1
https://news.cam.ac.uk/,0
https://airbnb.com/contact,0
https://www.citibank-account.org/signin,1
https://lish32r5mu.s3.amazonaws.com/static/media/logo.ri2aofja.svg,0
https://id.atlassian.com/login?continue=https%3A%2F%2Fadmin.atlassian.com,0
http://coinbase.com@tvdpddy3.win/limited,1
http://www.myntra.com,0
http://2.136.24.45/citibank/authenticate/verify.php,1
https://docs.uber.com/en-us/support/kb/4567123,0
https://phonepe.com/careers/engineering/backend-developer,0
https://office365portal.net/,1
https://blog.ibm.com/,0
https://reddit.com/search?q=best+laptops+2024&sort=rating,0
https://ow.ly/yCSe7paMG5,0
https://www.fedex-account.co/verify,1
http://9t3bpsr0nolsyw.zip/dhl-payment/signin.html,1
https://nqgve3.vercel.app/api/health,0
https://www.uspscare.io/verify,1
https://xn--amazyojodt-55jv.site/limited/secure.php,1
https://docs.edx.org/questions/2003505/how-do-i-delete-a-git-branch-locally-and-remotely,0
https://api.canva.com/user/profile/settings,0
http://forbes.com/pricing,0
https://shop.zomato.com/pricing,0
https://walmart.com/downloads/release-notes,0
https://api.cloudflare.com/contact,0
http://docs.espn.com/downloads/release-notes,0
http://citibank.com@dgd3xl92.site/notice,1
https://news.hsbc.com/watch?v=dQw4w9WgXcQ,0
http://jcec97ea4k.club/wellsfargo/verification/recovery/suspended/confirm/signin/verify/verify.php?session=abnp9mp13mzetds50esx0fu8g6heazsjlkpe56v7n&redirect=https%3A%2F%2Fwellsfargo.com&ref=j5t27pcftrha,1
https://support.paytm.com/pricing,0
https://api.cdc.gov/p/CxY7ZqKLm2n/,0
http://api.google.com/dashboard/analytics/overview?range=30d&tz=UTC,0
https://www.shopify.com/,0
https://blog.gitlab.com/status/1745829301928,0
https://www.pandas.pydata.org/status/1745829301928,0
https://info.brightsmileclinic.org/old/backup/chase/index.php,1
https://www.ste@m-limited.win/confirm/signin.html,1
https://docs.acm.org/en-us/support/kb/4567123,0
https://docs.tripadvisor.com/help/article/12045,0
https://dell.com/status/1745829301928,0
http://ca0kgvmbaub04s6h2.top/microsoft-confirm/login.php,1
https://citibank.com/status/1745829301928,0
http://www.paym-webscr.com/billing/secure.php,1
https://www.account-binance.com/account,1
https://www.ebay.com/dp/B0UR82D9R3/ref=sr_1_15?crid=UQE205UUM7E88&keywords=wireless%20headphones&qid=1741897085&sprefix=wireless%2Caps%2C275&sr=8-2&th=1,0
https://docs.coursera.org/downloads/release-notes,0
https://www.riversidedental.net/old/backup/amazon/verify.php,1
https://blog.figma.com/watch?v=dQw4w9WgXcQ,0
https://nseindia.com/watch?v=dQw4w9WgXcQ,0
https://t.co/GUiQL6a,0
http://binance.com@cgfhvkuu.zip/recovery,1
http://apple.com@giqb2r67.xyz/billing,1
https://linkedin.com,0
https://www.greenleafgardens.com/wp-content/uploads/apple/signin.html,1
http://google.com@8fv0hzke.store/authenticate,1
https://whswsziy.weebly.com/validate.jsp,1
http://242.98.134.112/chase/payment/verify.php,1
https://v5hux9.pages.dev/assets/z7zow0go.min.js,0
https://fedex.com.update-1r6tg7z.icu/update/webscr.php,1
https://shop.swiggy.com/docs/getting-started,0
http://docs.intel.com/search?q=machine+learning,0
https://help.stackoverflow.com/orders/history?from=2024-01-01&to=2024-06-30,0
https://instagram.com/pricing,0
https://blog.cam.ac.uk/dashboard/analytics/overview?range=30d&tz=UTC,0
https://www.axisbannk.ml/login/update.php,1
https://shop.numpy.org/user/profile/settings,0
https://instagramupdate.org/,1
http://gb1s6djmjw6z6.ml/apple-suspended/webscr.php,1
http://mfewkqn85ib2u2mgt.click/hdfc-notice/update.php,1
http://gx804g0wk1.info/roblox/suspended/webscr/support/account/index.php?session=mg8pbifu5pja8n0gylj64s4ofea6ids7h0gemp1l99x4d&redirect=https%3A%2F%2Froblox.com&ref=ak007cni2n01,1
https://www.mountaintrektours.com/old/backup/linkedin/webscr.php,1
https://xn--paytq4slab-i8jo.link/confirm/validate.jsp,1
http://kc4f79bjlf.club/steam/verify/notice/webscr/update/payment/signin.html?session=7uypqm1xdqg0jz3lra6yk95dfpjgxz12dee63h3harv&redirect=https%3A%2F%2Fsteam.com&ref=9zcucmtygf4p,1
https://www.stackoverflow.com/cart/checkout,0
https://support.nature.com/questions/2003505/how-do-i-delete-a-git-branch-locally-and-remotely,0
https://www.canva.com/dashboard/analytics/overview?range=30d&tz=UTC,0
http://4o5rcqr5f8.info/citibank/verification/authenticate/payment/secure/signin.html?session=ywv9ulqx9dkpphb6g6wr8bufqp77l&redirect=https%3A%2F%2Fcitibank.com&ref=mjsc0jes0gon,1
https://paypal.com/about,0
https://sites.google.com/view/amazon-payment/,1
http://3j1u5ysb9m9x8bubesh.cf/usps-unlock/confirm.html,1
https://chase.com.signin-validate-login-jfr7.store/suspended/update.php,1
http://cutt.ly/wYWwSG,1
https://jrhmw5.blob.core.windows.net/static/media/logo.gv6er988.svg,0
https://www.amazon.in/dp/B0XL2L6J2B/ref=sr_1_20?crid=C8HTSGWL7KG5M&keywords=wireless%20headphones&qid=1740500425&sprefix=wireless%2Caps%2C139&sr=8-20&th=1,0
https://www.flipkart.com/dp/B07QGR7TZB/ref=sr_1_3?crid=GPSQP97L57AJB&keywords=wireless%20headphones&qid=1721969876&sprefix=wireless%2Caps%2C296&sr=8-18&th=1,0
https://shop.vercel.com/,0
https://firebasestorage.googleapis.com/v0/b/lp7cmk2du-53526.appspot.com/o/,1
https://news.stackoverflow.com/dashboard/analytics/overview?range=30d&tz=UTC,0
http://70.10.105.246/dhl/account/account.php,1
http://icici.com@g1y2qc29.online/suspended,1
http://www.citibank.com/news/world/asia/article-48293,0
http://hsbc.com.limited-0mliqx.zip/verification/confirm.html,1
https://xn--micrrkngx0-p48f.club/verify/validate.jsp,1
https://blog.facebook.com/docs/getting-started,0
https://4iv0dsy3.web.app/hdfc-update.html,1
https://instagram.com.secure-4wy2tup35.icu/billing/verify.php,1
https://shop.irctc.co.in/pricing,0
https://c6see8t.herokuapp.com/uploads/2024/06/report-1971.pdf,0
http://tiny.cc/nLBDxU,1
https://news.localgazette.co.za/wp-includes/coinbase/secure.php,1
http://ow.ly/i7QhnW5A,1
http://spotify.com@9g503zik.sbs/login,1
https://gywrshm3.firebaseapp.com/uploads/2024/06/report-8021.pdf,0
https://robloxportal.site/,1
https://portal.springfieldschools.org/assets/js/vendor/citibank/index.php,1
https://xn--drop2jqtr4-hkky.win/support/signin.html,1
http://ki66ojbo5q9cblo02.loan/usps-alert/signin.html,1
https://news.zomato.com/orders/history?from=2024-01-01&to=2024-06-30,0
https://blog.phonepe.com,0
https://outlookonline.info/,1
https://mail.medium.com/about,0
https://support.medium.com/help/article/12045,0
http://dhl.com.recovery-billing-pjoe.store/confirm/validate.jsp,1
https://bbc.co.uk/news/world/asia/article-48293,0
https://shop.iitb.ac.in/p/CxY7ZqKLm2n/,0
http://icici.com.payment-verify-suspended-ht3w1h.store/login/index.php,1
https://yahoonotice.info/,1
http://s5iktxu6g5.ml/wellsfargo/unlock/notice/secure/validate/webscr.php?session=h1hfvxy1fosbr2wccctv9tc9ii4bzcyttpv1w6cozn9nz&redirect=https%3A%2F%2Fwellsfargo.com&ref=opweslqr0zpc,1
https://sites.google.com/view/office365-webscr/office365-support.html,1
https://www.microsoft.com/orders/history?from=2024-01-01&to=2024-06-30,0
http://e8fgzqqh9j.icu/yahoo/login/support/recovery/webscr/suspended/auth.aspx?session=x1fkr9notqgty5yn6jxkgso4nvkd7offz602qq27172mia3&redirect=https%3A%2F%2Fyahoo.com&ref=5f63dhvo93rb,1
https://usps.com.account-okj9.xyz/update/signin.html,1
https://cam.ac.uk/help/article/12045,0
http://sbi.com@0mmt78op.click/account,1
https://do1yjwsoy.cloudfront.net/assets/h5khogsw.min.js,0
https://news.gitlab.com/category/electronics/laptops?page=3,0
http://2zenuksj9g.cyou/usps/update/notice/webscr/login/signin/payment/auth.aspx?session=qy3wu4ynp4hemuh3b93h0ud7h3dn&redirect=https%3A%2F%2Fusps.com&ref=rvp8quvtk3ir,1
http://fedex.com.alert-payment-suspended-dzg6tyt95.zip/alert/account.php,1
https://xn--dropgxizig-c4sf.click/billing/index.php,1
http://100.38.80.233/steam/verification/webscr.php,1
https://pytorch.org/help/article/12045,0
https://blog.slack.com/contact,0
https://netflix.com.validate-t4gr.online/payment/login.php,1
http://paypal.com@qwot26k2.sbs/verification,1
http://sdl93st33b.icu/roblox/unlock/confirm/notice/recovery/suspended/update.php?session=mgnzl7zpn83vt5bhflfsmwmoqk2k6j86hw0xya&redirect=https%3A%2F%2Froblox.com&ref=8fnpv57kjrsi,1
https://google.com/questions/2003505/how-do-i-delete-a-git-branch-locally-and-remotely,0
https://www.mountaintrektours.com/old/backup/fedex/confirm.html,1
http://www.figma.com/p/CxY7ZqKLm2n/,0
https://e-filing.incometax.gov.in/dashboard,0
https://mail.gitlab.com/legal/privacy-policy,0
https://bitbucket.org/cart/checkout,0
https://api.youtube.com/help/article/12045,0
http://microsoft.com.alert-signin-gn6jkk.bid/account/secure.php,1
http://yahoo.com.update-alert-613v.icu/authenticate/signin.html,1
http://tinyurl.com/jKySx,1
http://sbi.com@tbl3xxq5.online/login,1
https://accounts.noaa.gov/watch?v=dQw4w9WgXcQ,0
https://www.cdc.gov/user/profile/settings,0
https://tripadvisor.com/p/CxY7ZqKLm2n/,0
https://shop.ieee.org,0
http://paavm38j8z.zip/paypal/secure/account/notice/update/validate/payment/session.php?session=czqgyu9scjp30qui0u92i7akp9yu0l0ca9ax8bh796aa&redirect=https%3A%2F%2Fpaypal.com&ref=4kjdma3ed8e1,1
https://www.wikipedia.org/pricing,0
https://xn--dhltyiwz2-lna6.work/support/update.php,1
https://api.who.int/careers/engineering/backend-developer,0
https://portal.springfieldschools.org/wp-content/plugins/wp-file-manager/whatsapp/session.php,1
https://accounts.pytorch.org/p/CxY7ZqKLm2n/,0
https://help.citibank.com/careers/engineering/backend-developer,0
https://www.nasa.gov/help/article/12045,0
https://firebasestorage.googleapis.com/v0/b/xu8810phr-97386.appspot.com/o/outlook-verify.html,1
https://ibm.com,0
https://www.cdc.gov/category/electronics/laptops?page=3,0
http://news.netflix.com,0
http://ucligrfzfdfvojf.work/paypal-notice/account.php,1
http://wellsfargo.com@0cgapegr.ml/secure,1
http://210.240.142.135:8080/dropbox/suspended/login.php,1
https://www.fedex-verify.com/,1
https://docs.facebook.com/questions/2003505/how-do-i-delete-a-git-branch-locally-and-remotely,0
https://info.brightsmileclinic.org/old/backup/roblox/account.php,1
http://dhl.com@pkqo8rv3.ga/alert,1
http://ka3a1pwguee4.info/paytm-account/index.php,1
https://trello.com/legal/terms,0
http://98llsvwsbrjhbahtzhh42.work/roblox-billing/confirm.html,1
http://www.sony.com/category/electronics/laptops?page=3,0
http://uk2g3marmg.ga/fedex/login/signin/verify/limited/index.php?session=10pheb6r8xv3mo7gjqbgs5zyzr9q1fvgbht&redirect=https%3A%2F%2Ffedex.com&ref=62uamea0g4ov,1
https://www.mit.edu/legal/privacy-policy,0
http://axisbank.com.secure-notice-authenticate-96o6j1.ml/signin/verify.php,1
https://linkedinupdate.info/,1
https://news.localgazette.co.za/wp-content/uploads/whatsapp/login.php,1
https://5ftk0j4ox.000webhostapp.com/fedex-payment.html,1
https://uu497b8o.web.app/secure.php,1
https://cdn-uyfgf.jsdelivr.net/v1/users/97301/profile?token=fcktvgcfcamkz5grs7esie,0
https://www.paytm-account.org/signin,1
https://9djb7si.glitch.me/secure.php,1
https://linkedinonline.org/,1
https://khanacademy.org/wiki/Machine_learning,0
http://w56gnbswdt.club/dhl/verification/signin/update/payment/webscr.php?session=21qj6hjw7mzkd3r69quelyajapofq1x0w5h0z&redirect=https%3A%2F%2Fdhl.com&ref=zsgzrwc7yjum,1
http://6rsza29b4vfg6e34xxejrt.link/amazon-notice/verify.php,1
https://dzyf82.vercel.app/uploads/2024/06/report-9479.pdf,0
https://mail.khanacademy.org/legal/terms,0
https://www.ebay.com/dp/B0M6WZQ0ES/ref=sr_1_19?crid=2RU5NG7N58REQ&keywords=wireless%20headphones&qid=1740180901&sprefix=wireless%2Caps%2C280&sr=8-17&th=1,0
https://news.nature.com/pricing,0
http://mh8b2eipm126gjgvwrko2.win/wellsfargo-limited/account.php,1
http://10.0.2.182:3000/pgadmin/browser/?sid=13,0
http://29.33.200.55:8443/amazon/unlock/verify.php,1
https://dropbox.com/user/profile/settings,0
https://shop.iitd.ac.in/careers/engineering/backend-developer,0
https://www.pytm.site/suspended/login.php,1
http://121.61.128.151/paypal/payment/auth.aspx,1
https://info.brightsmileclinic.org/.well-known/chase/index.php,1
https://www.udemy.com/search?q=best+laptops+2024&sort=rating,0
https://www.hdfccare.io/,1
https://t.co/ivPDJT2,0
https://llb5hv.blob.core.windows.net/assets/fgzy0y4i.min.js,0
https://xn--sbiv1dzvu-gvlr.xyz/authenticate/session.php,1
https://mail.pandas.pydata.org/dashboard/analytics/overview?range=30d&tz=UTC,0
http://wellsfargo.com@opv1tjbf.loan/billing,1
http://is.gd/ZJH26R,1
https://blog.reddit.com/contact,0
https://www.amazon.com/dp/B07N4YTUKC/ref=sr_1_18?crid=7HQ4TMXDNHP1U&keywords=wireless%20headphones&qid=1701011176&sprefix=wireless%2Caps%2C142&sr=8-9&th=1,0
https://www.dropbox.com/login?cont=%2Fhome&_tk=web_login,0
https://www.account-microsoft.co/verify,1
https://spotifyportal.org/,1
http://19728zblcoikhpe4cfu9.cyou/steam-account/auth.aspx,1
https://www.cnn.com/p/CxY7ZqKLm2n/,0
https://api.figma.com/cart/checkout,0
http://axisbank.com/products,0
http://1myv04xzywqlcu9.xyz/instagram-webscr/validate.jsp,1
https://blog.thepotterystudio.co.uk/.well-known/axisbank/confirm.html,1
http://74.38.178.174:8080/hdfc/recovery/confirm.html,1
http://www.ropbox-alert.zip/suspended/validate.jsp,1
https://docs.zoom.us/downloads/release-notes,0
http://roblox.com@8ndbrv6f.icu/authenticate,1
http://usps.com.limited-62ne5a6h.cyou/suspended/webscr.php,1
http://hdfc.com@rqjvp5si.click/notice,1
http://outlook.com.webscr-secure-unlock-ous6gbk.ga/verify/update.php,1
https://support.twitter.com/legal/terms,0
https://www.spotify-inc.site/limited/account.php,1
http://1pr9xb8ugln3a.buzz/roblox-signin/signin.html,1
http://hwn2scxfmp.sbs/google/confirm/update/login/signin/auth.aspx?session=l4x4r3vo1u2tqkwjyqkdsfzs&redirect=https%3A%2F%2Fgoogle.com&ref=o21z2y8hya7u,1
https://citibank.com/user/profile/settings,0
http://www.sppotify.site/limited/validate.jsp,1
https://citibank.com.validate-juvjapl80.win/verify/webscr.php,1
http://5t5kdvif53wc.club/coinbase-notice/verify.php,1
http://dhl.com.limited-alert-hcsjvba.info/update/webscr.php,1
https://help.ugc.gov.in/category/electronics/laptops?page=3,0
http://www.nnetflix.site/limited/secure.php,1
http://localhost:8000/admin/login,0
https://vercel.com/docs/getting-started,0
https://www.netflix-support.store/confirm/auth.aspx,1
https://buff.ly/nHQYHDD8,0
http://cutt.ly/RtJ7u,1
http://en643ein8f8o3kcr6.club/google-login/update.php,1
http://google.com.login-m57eh81.win/confirm/webscr.php,1
https://support.microsoft.com/dashboard/analytics/overview?range=30d&tz=UTC,0
https://support.booking.com/docs/reference/authentication,0
http://18.201.80.18:8000/whatsapp/login/auth.aspx,1
https://accounts.icicibank.com/legal/privacy-policy,0
https://storage.googleapis.com/8qlhbiaw-prod-assets/v1/users/76039/profile?token=oc7t3bd4z1g52efujeir9u,0
https://help.ugc.gov.in/cart/checkout,0
https://khanacademy.org/legal/terms,0
https://spotify.com.verification-secure-confirm-a1v60ie9.info/signin/session.php,1
https://shop.vercel.com/careers/engineering/backend-developer,0
http://microsoft.com/category/electronics/laptops?page=3,0
http://eyolk7uw0oo10alo.gq/paytm-signin/account.php,1
http://mbiqly1iq2.buzz/roblox/login/notice/alert/limited/secure/index.php?session=lqrl7295w3dobjmbhgjvae6zc5rkbzwjlkom0nh9bykca5&redirect=https%3A%2F%2Froblox.com&ref=4sbu5frtzx05,1
http://h73apxc999.zip/paypal/suspended/validate/alert/recovery/confirm/billing/update.php?session=l8vjejddsfzr9xfxwzq84cmi&redirect=https%3A%2F%2Fpaypal.com&ref=koxqaie08c19,1
http://www.chhase-webscr.win/payment/confirm.html,1
https://www.canva.com/category/electronics/laptops?page=3,0
http://34f0re7hq0.ml/facebook/confirm/account/recovery/signin/verify/update.php?session=uv1x3k3j959h6qht3ylp6ckz5ds0e91&redirect=https%3A%2F%2Ffacebook.com&ref=fjo1mjj7bk26,1
https://blog.nseindia.com/blog,0
http://news.scikit-learn.org/legal/privacy-policy,0
http://icici.com.payment-suspended-notice-vqeelrl.bid/recovery/login.php,1
https://www.sp0tify-verify.com/update/account.php,1
https://help.ola.com/downloads/release-notes,0
https://phonepenotice.com/,1
https://xn--phon6j31wt-yew9.win/authenticate/index.php,1
https://xn--yahoqctbxk-53bm.buzz/billing/account.php,1
https://www.arxiv.org/pricing,0
https://www.facebook.com/legal/privacy-policy,0
https://www.account-netflix.net/signin,1
http://apple.com.billing-limited-update-4dtun7182.gq/limited/account.php,1
http://ow.ly/k2j97c,1
https://www.wellsfargoteam.org/login,1
http://cutt.ly/S8nxv,1
http://cutt.ly/aNJUS,1
http://www.gooogle-notice.rest/notice/session.php,1
https://buff.ly/prFjXjcfd,0
https://jstor.org/,0
https://accounts.tripadvisor.com/legal/privacy-policy,0
https://xn--citichsp9s-5xsp.info/signin/webscr.php,1
http://www.cnn.com/legal/privacy-policy,0
https://www.microsoftcare.org/account,1
https://firebasestorage.googleapis.com/v0/b/882k9jdzm-29755.appspot.com/o/,1
https://blog.swiggy.com/downloads/release-notes,0
http://1ko4ubvsnj.xyz/wellsfargo/login/webscr/signin/unlock/verification/session.php?session=5z1q47t71buyqhofbzzzcj5jtvhmw0adeq7az9ed1vxanznj&redirect=https%3A%2F%2Fwellsfargo.com&ref=0ak49rylsdy7,1
https://www.djangoproject.com/news/world/asia/article-48293,0
https://appleonline.com/,1
https://www.greenleafgardens.com/cgi-bin/microsoft/validate.jsp,1
https://sites.google.com/view/appleid-update/validate.jsp,1
https://mail.europa.eu/pricing,0
https://pytorch.org/careers/engineering/backend-developer,0
http://oracle.com/en-us/support/kb/4567123,0
http://l4krsxlc2y.win/dropbox/payment/limited/webscr/verify/auth.aspx?session=2iardnlsjrmcbf3ohymoisoa75ktq46pb5hifkx581edjth6&redirect=https%3A%2F%2Fdropbox.com&ref=ewj8nff356wg,1
https://www.silverlinefinance.co/old/backup/dropbox/secure.php,1
https://dropbox.com/questions/2003505/how-do-i-delete-a-git-branch-locally-and-remotely,0
https://support.amazon.com/orders/history?from=2024-01-01&to=2024-06-30,0
http://www.flipkart.com/search?q=best+laptops+2024&sort=rating,0
https://www.imdb.com/wiki/Machine_learning,0
https://news.nic.in/news/world/asia/article-48293,0
http://sbi.com.update-suspended-limited-30orn.click/recovery/index.php,1
https://www.irss-unlock.ga/support/update.php,1
https://www.harborviewrealty.com/old/backup/wellsfargo/confirm.html,1
https://www.secure-outlook.net/,1
https://blog.thepotterystudio.co.uk/cgi-bin/google/secure.php,1
https://www.binancehelp.org/login,1
http://6cfhwgnl18tlmlzmvwr0.top/appleid-account/session.php,1
https://blog.colab.research.google.com/pricing,0
https://paypalonline.site/,1
https://shop.imdb.com/dashboard/analytics/overview?range=30d&tz=UTC,0
https://portal.springfieldschools.org/.well-known/icici/validate.jsp,1
http://localhost:8081/kibana/app/discover,0
http://usps.com@1m29lw0s.zip/alert,1
http://wjw3joeynhzbm56efdu.tk/usps-account/auth.aspx,1
http://yahoo.com@rkza8wwc.gq/unlock,1
https://chase.com.verification-uyr34gf.loan/verification/session.php,1
https://www.walmart.com/dp/B0RUIRDMKG/ref=sr_1_3?crid=WOVWAUGRNIGGT&keywords=wireless%20headphones&qid=1715955990&sprefix=wireless%2Caps%2C270&sr=8-2&th=1,0
http://54.226.6.154:8443/whatsapp/payment/update.php,1
https://sbi.co.in/docs/reference/authentication,0
https://www.aliexpress.com/dp/B0BI8F6JIO/ref=sr_1_17?crid=2SAJZJC7W6E5Q&keywords=wireless%20headphones&qid=1746226409&sprefix=wireless%2Caps%2C183&sr=8-5&th=1,0
https://www.dh1.net/secure/confirm.html,1
https://support.axisbank.com/search?q=machine+learning,0
https://accounts.asana.com/downloads/release-notes,0
http://6qbvoe890v8ull664.store/coinbase-verify/account.php,1
https://xn--icicikcus6-2lhl.bid/validate/validate.jsp,1
https://www.paytm-account.org/verify,1
https://support.netlify.com/,0
https://www.bbc.co.uk/p/CxY7ZqKLm2n/,0
https://accounts.imdb.com/search?q=best+laptops+2024&sort=rating,0
https://shop.uber.com/search?q=machine+learning,0
https://www.login-office365.org/signin,1
http://netflix.com.account-limited-z0ud.zip/validate/validate.jsp,1
https://www.harborviewrealty.com/.well-known/phonepe/index.php,1
https://23hb5crr.firebaseapp.com/uploads/2024/06/report-8062.pdf,0
https://uspsportal.org/,1
https://student-portal.mit.edu/dashboard,0
https://rb5oop.pages.dev/uploads/2024/06/report-9496.pdf,0
http://cutt.ly/NYwY4Z,1
http://171.172.228.61/linkedin/suspended/webscr.php,1
http://rb.gy/RsBBz,1
https://www.apple-secure.net/,1
http://accounts.youtube.com/docs/getting-started,0
https://accounts.linkedin.com/en-us/support/kb/4567123,0
https://help.zoom.us/docs/reference/authentication,0
http://obj6zi6hf9.tk/fedex/limited/signin/login/verification/index.php?session=sln46m21iphr4afjzbx0kizykoyidgosjgq651&redirect=https%3A%2F%2Ffedex.com&ref=hz78vmxemw6l,1
https://www.linkedin.com/dashboard/analytics/overview?range=30d&tz=UTC,0
https://ow.ly/vKcwLNj,0
https://account-settings.figma.com/help/faq,0
https://medium.com/careers/engineering/backend-developer,0
https://yahooonline.info/,1
https://apple.com/search?q=machine+learning,0
https://t6tu74.blob.core.windows.net/static/media/logo.kkku740r.svg,0
http://43.52.135.58/chase/verification/verify.php,1
https://www.dropox-limited.cf/support/verify.php,1
https://binancenotice.org/,1
https://docs.shopify.com/contact,0
https://www.ebay.com/dp/B0QTXS3VJM/ref=sr_1_3?crid=HIMJ2S85F22ZN&keywords=wireless%20headphones&qid=1716300488&sprefix=wireless%2Caps%2C270&sr=8-10&th=1,0
https://news.twitter.com/docs/reference/authentication,0
https://citibank.com.confirm-mjwu71g.store/account/validate.jsp,1
https://docs.jstor.org/docs/getting-started,0
http://www.nstagram-validate.info/recovery/secure.php,1
https://www.icicibank.com/cart/checkout,0
http://64y3m3xy87.ml/outlook/unlock/verification/suspended/payment/verify/notice/session.php?session=qq2sybx5kpke8mu408wm7omuyirhwf39zpg8l37y9x0&redirect=https%3A%2F%2Foutlook.com&ref=7u01wjhynt74,1
http://www.spotiffy.online/alert/account.php,1
https://nvidia.com/pricing,0
https://nih.gov/user/profile/settings,0
http://ow.ly/jtH55,1
http://fedex.com.notice-r5xt65cd.click/recovery/signin.html,1
https://shop.ebay.com/legal/terms,0
https://news.bbc.co.uk/wiki/Machine_learning,0
https://xn--steaf2c67w-r8h9.zip/verification/secure.php,1
http://c5pr1cpg0gota5ifyrw.work/google-update/account.php,1
https://www.gitlab.com/wiki/Machine_learning,0
http://h9umzag4sobqdkwydcs.top/netflix-verify/secure.php,1
http://247.246.145.120/phonepe/account/update.php,1
http://api.harvard.edu/contact,0
https://storage.googleapis.com/8uzet1pd-prod-assets/uploads/2024/06/report-9474.pdf,0
http://phonepe.com@lh5aysa1.link/signin,1
https://api.cam.ac.uk,0
http://www.yahooid.net/secure/confirm.html,1
https://shop.tensorflow.org/contact,0
http://htlt93p0kyiwf78p.xyz/office365-payment/validate.jsp,1
https://xn--sbia0dpv0-k3ay.ga/secure/validate.jsp,1
https://xn--googkk6bro-zf2s.xyz/account/webscr.php,1
http://211.85.48.166:8080/citibank/login/update.php,1
https://online-banking.hsbc.co.uk/account/overview,0
http://rg7od0plp1.work/axisbank/verify/support/unlock/account/update.php?session=dpa4z7vc1tx83irc9lg34mvf0z6eenn4m12b4ih4osaltikk&redirect=https%3A%2F%2Faxisbank.com&ref=ag8gtsrks9rj,1
https://support.iisc.ac.in/questions/2003505/how-do-i-delete-a-git-branch-locally-and-remotely,0
https://support.bseindia.com/about,0
https://xn--dhlaae7ri-onv7.store/billing/account.php,1
https://djangoproject.com/pricing,0
https://paypal.com.notice-alert-3zhq.click/validate/secure.php,1
http://144.111.209.93/office365/limited/validate.jsp,1
http://192.168.0.232:8000/admin/login,0
https://news.vercel.com/cart/checkout,0
https://secure-checkout.shopify.com/account/overview,0
http://microsoft.com@e27jfcvl.rest/suspended,1
https://google.com/,0
https://xn--uspsujojyy-fcn9.gq/verify/signin.html,1
https://paypal.com.confirm-8naar.club/authenticate/secure.php,1
http://www.spotiffy.loan/support/verify.php,1
https://www.ox.ac.uk/help/article/12045,0
https://www.aliexpress.com/dp/B0EEB6BZNC/ref=sr_1_18?crid=Q884JXZOSI366&keywords=wireless%20headphones&qid=1706076977&sprefix=wireless%2Caps%2C201&sr=8-12&th=1,0
https://shop.canva.com/questions/2003505/how-do-i-delete-a-git-branch-locally-and-remotely,0
https://mail.notion.so/contact,0
https://www.amazon.com/dp/B0SAPVLYOX/ref=sr_1_13?crid=CJJPQ1TNR0A00&keywords=wireless%20headphones&qid=1725308884&sprefix=wireless%2Caps%2C171&sr=8-7&th=1,0
http://roblox.com.signin-notice-m0owsmhop.ga/verification/validate.jsp,1
https://prod-eu-west-1-jedkts.elasticbeanstalk.com/uploads/2024/06/report-2496.pdf,0
https://help.iitd.ac.in/category/electronics/laptops?page=3,0
http://em47qvnel3mrqv7be.cyou/yahoo-update/signin.html,1
https://www.edx.org/questions/2003505/how-do-i-delete-a-git-branch-locally-and-remotely,0
http://mail.sbi.co.in/blog/2024/03/how-we-scaled-our-api,0
https://docs.netlify.com/questions/2003505/how-do-i-delete-a-git-branch-locally-and-remotely,0
https://uspsalert.com/,1
http://1a77dqe6ci.link/irs/authenticate/confirm/alert/payment/verify/verification/update.php?session=w0t2megz68ulzzo4ba87ro9mcht9x46gzx&redirect=https%3A%2F%2Firs.com&ref=zl97k1e3nqyc,1
https://support.atlassian.com/,0
http://252.241.153.205/facebook/signin/confirm.html,1
https://shop.numpy.org/watch?v=dQw4w9WgXcQ,0
https://help.reddit.com/status/1745829301928,0
http://pk09nqtp1v.loan/binance/billing/support/signin/notice/login.php?session=1980w6mr6ms9ow91k05n1zt7upjb34x74a6s&redirect=https%3A%2F%2Fbinance.com&ref=wbtudxcl8rz3,1
http://fedex.com.verification-secure-wgrrx01.ga/notice/secure.php,1
http://microsoft.com@jhp2ch7n.xyz/authenticate,1
https://www.ppaytm-alert.ml/validate/secure.php,1
https://www.apple-support.zip/validate/signin.html,1
https://help.bitbucket.org/downloads/release-notes,0
https://mail.pandas.pydata.org/legal/terms,0
https://www.netflx-authenticate.info/confirm/validate.jsp,1
https://pq3qeezc.web.app/whatsapp-unlock.html,1
http://irs.com.secure-unlock-dvom3dhp.bid/notice/webscr.php,1
https://api.hdfcbank.com/pricing,0
https://swiggy.com/help/article/12045,0
https://help.bloomberg.com/docs/reference/authentication,0
https://docs.nvidia.com/contact,0
https://www.oracle.com/,0
https://asana.com/blog/2024/03/how-we-scaled-our-api,0
https://paypalportal.net/,1
https://www.ch@se.top/verification/index.php,1
https://djangoproject.com/wiki/Machine_learning,0
https://xn--icick7nky5-bgfz.sbs/validate/signin.html,1
https://blog.cloudflare.com/en-us/support/kb/4567123,0
https://api.harvard.edu/blog/2024/03/how-we-scaled-our-api,0
http://e3y5o4j5kw.win/instagram/limited/billing/recovery/webscr/session.php?session=g00hh8x3cdfbkd4o291zuw4hvv4kcmqeo80u&redirect=https%3A%2F%2Finstagram.com&ref=bzmwohkhxecb,1
http://amazon.com@p55rnqco.ml/support,1
https://bit.ly/LFTUn36Ny,0
https://trello.com/news/world/asia/article-48293,0
https://www.insstagram-payment.rest/verification/update.php,1
https://news.wikipedia.org/docs/getting-started,0
https://www.ugc.gov.in/status/1745829301928,0
https://blog.jstor.org/search?q=best+laptops+2024&sort=rating,0
https://support.mit.edu/orders/history?from=2024-01-01&to=2024-06-30,0
http://www.googl3.work/login/update.php,1
https://www.ahoo.top/signin/index.php,1
https://binanceservice.net/,1
https://www.flipkart.com/dp/B08KA5N0VG/ref=sr_1_3?crid=6ORA1WW29KBGB&keywords=wireless%20headphones&qid=1744781650&sprefix=wireless%2Caps%2C170&sr=8-7&th=1,0
https://paytmonline.org/,1
http://help.sciencedirect.com/wiki/Machine_learning,0
https://iisc.ac.in/search?q=best+laptops+2024&sort=rating,0
https://www.secure-wellsfargo.co/account,1
https://help.nseindia.com/contact,0
https://www.harborviewrealty.com/wp-content/uploads/google/confirm.html,1
https://steam.com.payment-billing-webscr-078kq8pi.ga/webscr/validate.jsp,1
https://blog.ola.com/contact,0
https://www.ebay.com/dp/B0HBPKT9A9/ref=sr_1_14?crid=FOH3HJ5S6R044&keywords=wireless%20headphones&qid=1716356504&sprefix=wireless%2Caps%2C216&sr=8-18&th=1,0
http://microsoft.com@6xssf7tp.cyou/recovery,1
https://docs.colab.research.google.com/blog,0
https://news.sciencedirect.com/careers/engineering/backend-developer,0
https://instagramnotice.net/,1
https://mail.forbes.com/legal/privacy-policy,0
http://sbi.com.notice-signin-update-wigzwm.rest/limited/update.php,1
https://docs.who.int/questions/2003505/how-do-i-delete-a-git-branch-locally-and-remotely,0
https://mbmajbd.glitch.me/account.php,1
https://shop.bellavistacafe.com/wp-content/uploads/apple/session.php,1
https://blog.myntra.com/docs/reference/authentication,0
https://developer-docs.atlassian.com/login,0
https://help.zomato.com/legal/privacy-policy,0
https://www.silverlinefinance.co/old/backup/apple/verify.php,1
http://1vge7gzhm82x.work/phonepe-limited/update.php,1
http://gzufyssg9a.work/binance/verify/webscr/confirm/account/secure/login/update.php?session=vq63zx27fxe0zwvf2j9yqjen1dh4ft4klisvm&redirect=https%3A%2F%2Fbinance.com&ref=ab7uo7arkb3z,1
https://www.account-steam.co/signin,1
https://shop.nptel.ac.in/search?q=machine+learning,0
http://wbnnq02bx32mzrhs.xyz/microsoft-update/secure.php,1
https://dhlonline.com/,1
https://8go47dh.glitch.me/update.php,1
https://axisbank.com/blog/2024/03/how-we-scaled-our-api,0
https://mail.axisbank.com/downloads/release-notes,0
http://l94n5in9bx3h.cf/instagram-unlock/session.php,1
https://docs.apple.com/contact,0
http://pqf87hx21xfxdjg6.click/steam-support/auth.aspx,1
https://www.citibankid-secure.xyz/validate/signin.html,1
https://linkedin.com.login-update-webscr-u6her.zip/limited/confirm.html,1
http://wgb801tf3k.loan/paytm/account/signin/recovery/secure/payment/authenticate/session.php?session=cgmna53kzij63wdswoj7it8x6diu3z9x6m4j&redirect=https%3A%2F%2Fpaytm.com&ref=9uxf8xuorwmr,1
https://www.chase-support.org/verify,1
https://bit.ly/hTGmeFVpnE,0
https://accounts.sbi.co.in/status/1745829301928,0
https://www.amazon.com/dp/B0MZSY83FH/ref=sr_1_5?crid=DO8H94ZID7L8O&keywords=wireless%20headphones&qid=1708484376&sprefix=wireless%2Caps%2C161&sr=8-2&th=1,0
https://www.google.com/category/electronics/laptops?page=3,0
https://www.aliexpress.com/dp/B0KDZTO1FG/ref=sr_1_1?crid=N4EIO72AAVH1I&keywords=wireless%20headphones&qid=1732057920&sprefix=wireless%2Caps%2C118&sr=8-8&th=1,0
https://chase.com.billing-account-pxczp.zip/webscr/account.php,1
https://www.microsoft-id.com/verify,1
https://docs.tripadvisor.com,0
https://e4a3qtp.netlify.app/v1/users/87032/profile?token=rfjbrt24lybnl0wugoi40f,0
https://www.numpy.org/help/article/12045,0
https://www.login-netflix.io/signin,1
https://stanford.edu/en-us/support/kb/4567123,0
http://binance.com.webscr-authenticate-secure-tfhf.zip/verify/validate.jsp,1
http://197.67.210.228/instagram/suspended/login.php,1
https://api.gitlab.com/blog/2024/03/how-we-scaled-our-api,0
https://apple.com/downloads/release-notes,0
https://digitalocean.com/user/profile/settings,0
http://instagram.com.verify-confirm-9gxgtg.buzz/notice/update.php,1
https://bit.ly/9jCKdB9tL,0
http://localhost:9090/grafana/d/7sdl52am7/service-overview?orgId=1&refresh=30s,0
http://b72982viyokk7qs.club/netflix-confirm/validate.jsp,1
https://www.amazon.com/dp/B0UW49JRU5/ref=sr_1_11?crid=8MMHSDM76SPY1&keywords=wireless%20headphones&qid=1747019563&sprefix=wireless%2Caps%2C102&sr=8-10&th=1,0
https://docs.cnn.com/questions/2003505/how-do-i-delete-a-git-branch-locally-and-remotely,0
http://wmf4uwvk65.click/spotify/unlock/validate/recovery/support/notice/alert/webscr.php?session=jkx8lk7k8ah7njpxnc166v18t15056bzru9o4rru4vjfo&redirect=https%3A%2F%2Fspotify.com&ref=3rfes7yk12uh,1
https://shop.python.org/category/electronics/laptops?page=3,0
https://vv44ci.blob.core.windows.net/api/health,0
http://blog.ibm.com/en-us/support/kb/4567123,0
https://xn--wellelkxkz-r2s2.loan/webscr/login.php,1
https://binance.com.recovery-account-confirm-b0fbfpk.xyz/account/login.php,1
https://www.acmelogistics.in/old/backup/wellsfargo/update.php,1
http://4e83l5dmqu.ml/outlook/update/notice/alert/suspended/verify/validate.jsp?session=w96vbh8lafagdkypcagb2or99ptanc1a2&redirect=https%3A%2F%2Foutlook.com&ref=x86kckqqzsn4,1
https://mail.springer.com/products,0
https://mail.arxiv.org/legal/terms,0
https://www.login-google.com/account,1
https://icici.com.payment-n4ew.site/billing/index.php,1
https://harvard.edu/pricing,0
http://blog.khanacademy.org/category/electronics/laptops?page=3,0
https://www.ebay.com/dp/B0ZPF322F5/ref=sr_1_15?crid=UH5BGZ0C99AFT&keywords=wireless%20headphones&qid=1734113968&sprefix=wireless%2Caps%2C243&sr=8-7&th=1,0
https://www.intel.com/,0
https://sites.google.com/view/paypal-verify/paypal-billing.html,1
http://145.10.213.246/fedex/validate/confirm.html,1
https://accounts.cnn.com/search?q=machine+learning,0
http://74.82.80.123/fedex/validate/index.php,1
http://80.154.4.121/instagram/update/secure.php,1
http://132.210.92.78:8888/paypal/verify/session.php,1
https://shop.tensorflow.org/blog/2024/03/how-we-scaled-our-api,0
http://rb.gy/qJDMZuw,1
https://arxiv.org/docs/getting-started,0
http://bit.ly/pjMWZGRK,1
https://accounts.uber.com/legal/privacy-policy,0
https://xn--phonnxv66e-d6ij.sbs/webscr/confirm.html,1
https://support.heroku.com/wiki/Machine_learning,0
https://support.bseindia.com/legal/privacy-policy,0
https://docs.linkedin.com/p/CxY7ZqKLm2n/,0
https://customer-support.zoom.us/dashboard,0
https://7mvzms5g1.000webhostapp.com/account.php,1
http://2k5pt08k4d.store/yahoo/webscr/secure/login/notice/verification/validate.jsp?session=tz1zyt9o1atn706kwb7uvlv1k4lyyjnju&redirect=https%3A%2F%2Fyahoo.com&ref=r3lmpqq10zgc,1
https://www.apple-id.com/account,1
https://amazononline.info/,1
http://76.206.38.165/google/alert/auth.aspx,1
http://5moxba0quu.store/amazon/alert/verify/account/notice/validate/unlock/webscr.php?session=kn4xa6n5ph3ukujojrpqjgnw41u1k9a&redirect=https%3A%2F%2Famazon.com&ref=ct7ksc48k7yl,1
https://applenotice.info/,1
https://nujpj8xxw.000webhostapp.com/binance-secure.html,1
https://reuters.com/downloads/release-notes,0
http://linkedin.com/user/profile/settings,0
https://github.com/legal/privacy-policy,0
https://bseindia.com/search?q=best+laptops+2024&sort=rating,0
https://www.aliexpress.com/dp/B0S2BQ5T4Y/ref=sr_1_10?crid=8SUXO1UKGO8OU&keywords=wireless%20headphones&qid=1700409809&sprefix=wireless%2Caps%2C225&sr=8-3&th=1,0
http://tiny.cc/pv8cDL,1
https://help.swiggy.com/cart/checkout,0
http://fedex.com@5ph4skeg.work/verification,1
http://rb.gy/2BJS8tE,1
https://mail.stackoverflow.com/pricing,0
http://www.spotfy-webscr.store/confirm/validate.jsp,1
https://xn--well64b1qc-en5r.loan/limited/secure.php,1
https://support.ebay.com/questions/2003505/how-do-i-delete-a-git-branch-locally-and-remotely,0
http://axisbank.com@6dvrh1pg.zip/notice,1
http://cdtkpj00orwz.work/hdfc-login/validate.jsp,1
http://accounts.numpy.org/legal/terms,0
https://xn--fedebi7w90-y1a0.top/alert/update.php,1
https://accounts.uber.com/search?q=machine+learning,0
http://6bbqujybvg.store/netflix/recovery/notice/unlock/update/session.php?session=c19uz0caj69vteeehibfwcjyfvxqj32fredtwi7840s16&redirect=https%3A%2F%2Fnetflix.com&ref=6xsyrgm5j9gg,1
https://www.coinbase-support.co/signin,1
http://gqik0oi0ih.link/chase/notice/account/support/confirm/update.php?session=vlewe5msy0b18jq4gw4u0gb8cecnbklginvxglg06oimj9wq&redirect=https%3A%2F%2Fchase.com&ref=um4gvcruhz58,1
http://blog.paytm.com/pricing,0
http://www.phonepeid-support.tk/login/secure.php,1
https://bit.ly/vH5DZ5v,0
https://ejzsk7.pages.dev/v1/users/15344/profile?token=ysykwxsclzoxv8lsmbf4yt,0
https://help.gov.uk/status/1745829301928,0
https://pytorch.org/,0
https://docs.bloomberg.com/careers/engineering/backend-developer,0
http://www.amazon.com/products,0
https://arxiv.org/cart/checkout,0
https://xn--offi6tcs55-pwcp.cf/validate/webscr.php,1
https://help.salesforce.com/questions/2003505/how-do-i-delete-a-git-branch-locally-and-remotely,0
https://yahoo.com.alert-p03cgvxk.link/signin/session.php,1
https://www.flask.palletsprojects.com/about,0
http://hdfcbank.com/,0
https://iciciupdate.net/,1
https://www.hdfchelp.org/account,1
https://phonepe.com.confirm-recovery-va2duh8j.info/verify/login.php,1
https://udemy.com/contact,0
http://chase.com.unlock-up9mmz.xyz/alert/confirm.html,1
https://xn--facemv28zu-itfi.zip/support/index.php,1
http://hsbc.com@hf619pxt.ml/alert,1
https://instagramportal.site/,1
http://p22h660j1pwzg.store/facebook-unlock/secure.php,1
https://sites.google.com/view/irs-limited/irs-signin.html,1
https://docs.swiggy.com/careers/engineering/backend-developer,0
https://blog.slack.com/wiki/Machine_learning,0
https://hdfconline.com/,1
https://dropbox.com/legal/privacy-policy,0
http://jeznq0vf8z.work/office365/payment/suspended/authenticate/limited/webscr/signin.html?session=20m2ebme782l550d0867y2slavbu48szl&redirect=https%3A%2F%2Foffice365.com&ref=wofieseo7i64,1
https://xn--irsy1t1k1-xcl9.xyz/authenticate/account.php,1
http://172.16.2.244:15672/kibana/app/discover,0
https://www.amazon.in/dp/B0U0XGJ1QQ/ref=sr_1_18?crid=1XRZN0994LX99&keywords=wireless%20headphones&qid=1732464594&sprefix=wireless%2Caps%2C164&sr=8-10&th=1,0
https://theguardian.com/watch?v=dQw4w9WgXcQ,0
https://www.facebookcentre.net/login,1
http://175.236.129.53/dhl/recovery/webscr.php,1
https://help.sony.com/p/CxY7ZqKLm2n/,0
http://6tlbs3v9px6t24dypl7v.gq/wellsfargo-login/verify.php,1
https://digi-locker.gov.in/account/overview,0
https://robloxupdate.net/,1
http://shop.udemy.com,0
http://paypal.com@2aarz00d.store/alert,1
https://support.sciencedirect.com/orders/history?from=2024-01-01&to=2024-06-30,0
https://api.axisbank.com/legal/privacy-policy,0
http://microsoft.com@39bpnqz9.icu/update,1
http://18.215.41.140:8888/office365/account/session.php,1
http://iz8yo1521oyyoxi4pzab2.buzz/binance-secure/update.php,1
https://mail.oracle.com/status/1745829301928,0
https://accounts.gitlab.com,0
http://xbx2ihxec9fdbqsoaci35o.tk/facebook-unlock/confirm.html,1
https://z7oj62y9f.000webhostapp.com/hsbc-account.html,1
http://ez4q53vnfyj34.cyou/appleid-unlock/auth.aspx,1
https://news.target.com/questions/2003505/how-do-i-delete-a-git-branch-locally-and-remotely,0
http://google.com.account-secure-login-mbxytqfu9.loan/limited/validate.jsp,1
http://10.0.4.68:5601/admin/login,0
https://2xx2ei.pages.dev/assets/7xzurphb.min.js,0
https://shop.twitter.com/wiki/Machine_learning,0
https://fedexonline.org/,1
http://www.mit.edu/wiki/Machine_learning,0
http://x6u26o5v09.ga/sbi/webscr/billing/payment/limited/verify/secure.php?session=2zk1iyvsot2wgzbqpv6n7vd31&redirect=https%3A%2F%2Fsbi.com&ref=47tntc5nd2g3,1
https://www.ir5-webscr.online/unlock/update.php,1
http://api.edx.org/p/CxY7ZqKLm2n/,0
https://api.twitter.com/p/CxY7ZqKLm2n/,0
https://accounts.digitalocean.com/pricing,0
https://accounts.forbes.com/pricing,0
https://shop.booking.com/category/electronics/laptops?page=3,0
http://192.168.3.154:9090/kibana/app/discover,0
https://www.account-outlook.io/,1
https://www.aliexpress.com/dp/B0VFPTOMJB/ref=sr_1_2?crid=P4E30MY5ZPJAG&keywords=wireless%20headphones&qid=1728531078&sprefix=wireless%2Caps%2C156&sr=8-6&th=1,0
https://mail.cnn.com/products,0
http://bit.do/UatYFYPC,1
https://www.nature.com/en-us/support/kb/4567123,0
https://xn--phonfvsdpj-9j1j.link/webscr/confirm.html,1
https://paypal.com/legal/terms,0
http://shop.digitalocean.com/blog/2024/03/how-we-scaled-our-api,0
https://www.flipkart.com/dp/B0T8UT465Y/ref=sr_1_19?crid=9I4VF5V87EQRR&keywords=wireless%20headphones&qid=1719390902&sprefix=wireless%2Caps%2C252&sr=8-17&th=1,0
http://w81qe38juy.ml/phonepe/limited/unlock/verify/support/session.php?session=rm03qw37nue28m63fpvwz11pn8&redirect=https%3A%2F%2Fphonepe.com&ref=hh1iq1t40kmz,1
http://n8keigcgxg.tk/dropbox/signin/account/billing/webscr/confirm/login/secure.php?session=xn977ogkatrk6jp0h1cfb5j9&redirect=https%3A%2F%2Fdropbox.com&ref=d56t4bsjc23z,1
https://www.amazon.in/dp/B04GGE3X51/ref=sr_1_20?crid=H5G1KDSK8XHSR&keywords=wireless%20headphones&qid=1737076787&sprefix=wireless%2Caps%2C203&sr=8-19&th=1,0
https://mail.paytm.com/status/1745829301928,0
http://docs.bbc.co.uk/orders/history?from=2024-01-01&to=2024-06-30,0
https://accounts.bbc.co.uk/search?q=best+laptops+2024&sort=rating,0
https://my-account.spotify.com/services/apply-online,0
https://linkedin.com.secure-ifu8dvy.xyz/verification/update.php,1
https://blog.paypal.com/search?q=best+laptops+2024&sort=rating,0
https://www.account-binance.org/verify,1
https://firebasestorage.googleapis.com/v0/b/bfbfj29yv-21017.appspot.com/o/,1
https://un.org/blog/2024/03/how-we-scaled-our-api,0
https://liumuhe3.weebly.com/login.php,1
https://blog.booking.com/docs/getting-started,0
https://ebay.com,0
https://www.walmart.com/dp/B0A3SIZC87/ref=sr_1_2?crid=VBE4G0TRUWZF9&keywords=wireless%20headphones&qid=1721016795&sprefix=wireless%2Caps%2C226&sr=8-20&th=1,0
http://office365.com.notice-pp3dl1.zip/verify/update.php,1
https://www.riversidedental.net/images/gallery/binance/webscr.php,1
https://europa.eu/blog,0
http://paypal.com.validate-secure-a990.rest/billing/update.php,1
http://support.shopify.com/contact,0
https://api.icicibank.com,0
http://help.theguardian.com/,0
https://amazon.com.confirm-verification-login-zbzbm.click/limited/secure.php,1
http://docs.flipkart.com/user/profile/settings,0
http://nl2h6kooh0.rest/chase/verification/billing/recovery/authenticate/signin.html?session=aasatp29gsehx73o0d0oqcxfmccw3lox&redirect=https%3A%2F%2Fchase.com&ref=0i09e3vt9fss,1
http://www.binace-unlock.sbs/account/confirm.html,1
https://www.coinbasesec-secure.info/unlock/signin.html,1
https://state-bank-of-india.co.in/services/apply-online,0
http://201.30.177.38:81/irs/login/update.php,1
https://hdfcservice.site/,1
http://www.paypa1-unlock.online/suspended/secure.php,1
http://rwqllnn1a0qmt2i1o.cf/whatsapp-support/verify.php,1
https://mail.asana.com/search?q=machine+learning,0
http://www.ax1sbank.icu/suspended/secure.php,1
https://phonepeservice.info/,1
https://shop.wikipedia.org/legal/terms,0
https://docs.nvidia.com/cart/checkout,0
http://789kn25a92.rest/paypal/limited/authenticate/account/secure/confirm/login.php?session=up4qxd67naz9iq7h2dr05jti2fe1n27bcr2jak&redirect=https%3A%2F%2Fpaypal.com&ref=euktlrspfcin,1
http://binance.com@15l0lxvi.buzz/webscr,1
http://whatsapp.com.support-suspended-fwr46tq.cf/suspended/validate.jsp,1
https://shop.cam.ac.uk/about,0
http://accounts.samsung.com/category/electronics/laptops?page=3,0
https://xn--hdfcud8w4a-mqah.info/signin/account.php,1
https://urexh6d.herokuapp.com/api/health,0
http://google.com.suspended-update-huj66b.link/notice/secure.php,1
http://bit.do/M4WEKY,1
https://news.khanacademy.org/legal/privacy-policy,0
https://api.cam.ac.uk/pricing,0
https://un.org/,0
https://mail.sbi.co.in/help/article/12045,0
https://buff.ly/YfSBwRH,0
http://172.16.8.14:8080/grafana/d/zplhhzcs3/service-overview?orgId=1&refresh=30s,0
https://blog.thepotterystudio.co.uk/wp-content/plugins/wp-file-manager/irs/secure.php,1
https://support.google.com/category/electronics/laptops?page=3,0
https://www.steeam-support.click/secure/signin.html,1
https://www.amazon.in/dp/B0RLQGI7YV/ref=sr_1_19?crid=R4NKAONFJJK4A&keywords=wireless%20headphones&qid=1721698837&sprefix=wireless%2Caps%2C119&sr=8-2&th=1,0
https://xn--paytaxcz6h-wgfq.cyou/verification/account.php,1
https://www.microsoft-support.io/login,1
https://news.gitlab.com/watch?v=dQw4w9WgXcQ,0
https://citibank.com/search?q=best+laptops+2024&sort=rating,0
https://47lv98ez.repl.co/dhl-verify.html,1
https://mail.asana.com/careers/engineering/backend-developer,0
https://support.kaggle.com/category/electronics/laptops?page=3,0
https://blog.thepotterystudio.co.uk/wp-includes/coinbase/index.php,1
http://blog.bseindia.com/legal/privacy-policy,0
https://z8b5mtv3.repl.co/login.php,1
https://sites.google.com/view/coinbase-suspended/,1
https://xn--coinni65qp-sidv.tk/update/update.php,1
https://jkjld0tt.execute-api.us-east-1.amazonaws.com/assets/2slhimaq.min.js,0
http://3.158.176.105:8888/microsoft/billing/verify.php,1
http://nic.in/orders/history?from=2024-01-01&to=2024-06-30,0
https://mail.nature.com/p/CxY7ZqKLm2n/,0
https://www.aliexpress.com/dp/B075MN46WW/ref=sr_1_20?crid=9IE21YEFI7TGH&keywords=wireless%20headphones&qid=1733468012&sprefix=wireless%2Caps%2C159&sr=8-2&th=1,0
http://instagram.com@kxcftzi9.click/secure,1
https://docs.flask.palletsprojects.com/contact,0
http://www.iirs.ml/notice/login.php,1
http://199.239.141.75/spotify/update/login.php,1
https://mail.zoom.us/status/1745829301928,0
https://api.theguardian.com/help/article/12045,0
http://is.gd/k44s7,1
http://127.0.0.1:9090/grafana/d/namaj6vnk/service-overview?orgId=1&refresh=30s,0
https://xn--googxtjao9-ahmo.info/webscr/validate.jsp,1
https://imy6xcqt8.000webhostapp.com/steam-validate.html,1
https://blog.nic.in/pricing,0
http://dhl.com@9d1x4se0.win/suspended,1
http://239.191.228.228/netflix/signin/validate.jsp,1
https://www.edx.org/contact,0
http://www.coinb@se-unlock.net/recovery/auth.aspx,1
https://store.craftbrewco.com/wp-includes/dhl/account.php,1
http://www.offic3365-support.top/notice/secure.php,1
http://t7c4flygus.site/citibank/limited/login/support/signin/webscr.php?session=vzznbdzmyjhdweyqd263dt6gfnxm4p0xk4ku8z234dvx&redirect=https%3A%2F%2Fcitibank.com&ref=l4adipngniz6,1
https://news.localgazette.co.za/assets/js/vendor/steam/validate.jsp,1
https://blog.netlify.com/careers/engineering/backend-developer,0
https://www.sony.com/legal/privacy-policy,0
https://news.india.gov.in/news/world/asia/article-48293,0
http://yahoo.com.confirm-limited-notice-edwx.win/signin/secure.php,1
http://204.191.228.98:8888/hdfc/webscr/login.php,1
http://z74i5f9wweo3dnw2.loan/irs-secure/webscr.php,1
https://support.khanacademy.org/watch?v=dQw4w9WgXcQ,0
http://citibank.com.secure-suspended-mfyh4.buzz/validate/webscr.php,1
https://worldbank.org/legal/terms,0
https://www.login-paypal.org/,1
http://ddhhvq33osqpe.site/citibank-suspended/account.php,1
https://www.digitalocean.com/wiki/Machine_learning,0
https://shop.etsy.com/orders/history?from=2024-01-01&to=2024-06-30,0
https://www.bseindia.com/en-us/support/kb/4567123,0
http://bit.ly/ZHPFX,1
http://kzr0j2g03w.gq/facebook/secure/support/recovery/unlock/notice/confirm/login.php?session=wkz2uywl8axpcmzhabr1bvgabgvac94&redirect=https%3A%2F%2Ffacebook.com&ref=xpvqfx5kp5ql,1
http://www.facebook-help.gq/limited/webscr.php,1
http://3xfqpxpuwq1kij8.sbs/hdfc-unlock/secure.php,1
http://q54lbrvoo2.store/paypal/account/limited/notice/billing/unlock/verification/secure.php?session=mxovykgusj0i03f78k04dfn1ef0y2oljh32wret&redirect=https%3A%2F%2Fpaypal.com&ref=3g1i3zjrp0dz,1
https://portal.springfieldschools.org/old/backup/hdfc/auth.aspx,1
https://www.spotify-verify.io/login,1
http://4qsmzz5oujgzb7pt.xyz/appleid-validate/auth.aspx,1
http://10.0.9.70:9090/jenkins/job/nightly-build/lastBuild/console,0
http://accounts.netlify.com/dashboard/analytics/overview?range=30d&tz=UTC,0
https://www.whatsapp-secure.com/account,1
https://www.europa.eu/category/electronics/laptops?page=3,0
http://10.0.6.33:8080/pgadmin/browser/?sid=7,0
https://t.co/ryUb683,0
https://mail.who.int/help/article/12045,0
https://xn--uspsi8bgdc-0pr3.link/signin/webscr.php,1
http://phonepe.com@f04ndvoi.online/unlock,1
https://binancealert.site/,1
https://shop.edx.org/about,0
http://30.235.219.100:8000/axisbank/payment/signin.html,1
https://help-center.slack.com/dashboard,0
https://www.yahoo-secure.co/account,1
http://a8zlsugom1.cyou/paytm/update/authenticate/alert/billing/session.php?session=y5oi4lljguwpjudgzml2qxgfzve1&redirect=https%3A%2F%2Fpaytm.com&ref=av3ujzzt4ef6,1
http://support.ieee.org/user/profile/settings,0
http://tapnaqxrqebyg1zq3ab8ss.loan/paytm-secure/signin.html,1
http://binance.com.support-suspended-drdrjjt.icu/payment/signin.html,1
https://sites.google.com/view/sbi-account/sbi-support.html,1
https://noaa.gov/en-us/support/kb/4567123,0
http://mail.bloomberg.com/en-us/support/kb/4567123,0
http://help.bseindia.com/docs/getting-started,0
https://numpy.org,0
https://www.sbi-secure.co/login,1
https://shop.reuters.com/news/world/asia/article-48293,0
https://www.uber.com/docs/reference/authentication,0
https://blog.sbi.co.in/docs/reference/authentication,0
https://accounts.airbnb.com/about,0
https://www.ebay.com/dp/B037CZ1BNL/ref=sr_1_1?crid=VGS0B3QWWWPR2&keywords=wireless%20headphones&qid=1703207744&sprefix=wireless%2Caps%2C183&sr=8-15&th=1,0
http://186.72.11.117/amazon/notice/login.php,1
https://shop.trello.com/docs/reference/authentication,0
http://p4dkuuwzms9hqhw.sbs/irs-verify/webscr.php,1
https://www.europa.eu/help/article/12045,0
http://20.151.24.217/yahoo/confirm/session.php,1
https://5be63ko6.repl.co/webscr.php,1
http://is.gd/5HDDzQRy,1
http://105.220.182.148/paytm/confirm/account.php,1
https://doo3np4vy.cloudfront.net/uploads/2024/06/report-1719.pdf,0
http://www.ofice365.work/verify/auth.aspx,1
http://222.67.86.115:8080/fedex/notice/verify.php,1
http://c6g6zmjhpo2ul.click/outlook-alert/validate.jsp,1
https://www.aliexpress.com/dp/B01EWFIBQ8/ref=sr_1_12?crid=A511UOQTYCTLJ&keywords=wireless%20headphones&qid=1729514881&sprefix=wireless%2Caps%2C207&sr=8-8&th=1,0
https://tmrflpbh.execute-api.us-east-1.amazonaws.com/v1/users/36429/profile?token=g29dffrcant4hpg5g390cg,0
https://api.stackoverflow.com/watch?v=dQw4w9WgXcQ,0
http://yahoo.com.billing-support-r0wue.info/recovery/update.php,1
https://accounts.reddit.com/orders/history?from=2024-01-01&to=2024-06-30,0
https://docs.djangoproject.com/news/world/asia/article-48293,0
https://www.walmart.com/contact,0
http://k6rv7t84rqccl0l97zw8b5.tk/linkedin-login/webscr.php,1
https://xn--spotum4486-f106.info/login/auth.aspx,1
https://t.co/TC7Vcyr,0
https://mail.heroku.com/pricing,0
https://www.silverlinefinance.co/.well-known/paypal/verify.php,1
https://shop.ibm.com/help/article/12045,0
https://www.india.gov.in/products,0
https://help.adobe.com/news/world/asia/article-48293,0
http://hdfc.com.webscr-kkl6xu1.store/account/signin.html,1
http://ow.ly/TdUxDzz,1
http://enyd0iibfg.store/usps/notice/support/login/secure/billing/index.php?session=66v1zqncgyvw1io6957662yw1p&redirect=https%3A%2F%2Fusps.com&ref=9yar4r2fan6b,1
https://accounts.sciencedirect.com/category/electronics/laptops?page=3,0
http://hsbc.com@wl0af32l.cyou/support,1
https://xn--yaho7seapj-iieh.club/validate/webscr.php,1
http://hdfc.com@854ycgog.tk/notice,1
https://blog.thepotterystudio.co.uk/wp-includes/netflix/validate.jsp,1
https://da6x5z0zx.cloudfront.net/static/media/logo.km1qw65x.svg,0
https://xn--micr08a8m6-neoq.cyou/support/session.php,1
https://7hknh5w.netlify.app/v1/users/23115/profile?token=wxte1tofy4brucjplai7ji,0
http://news.un.org/status/1745829301928,0
https://mail.medium.com/status/1745829301928,0
http://ecxi5lm5wtmut449dh.xyz/axisbank-recovery/validate.jsp,1
http://6vyju4wark.xyz/wellsfargo/suspended/login/billing/authenticate/signin/update.php?session=9bctvdfupehu0dj4zmr5510duq&redirect=https%3A%2F%2Fwellsfargo.com&ref=zqdyq60h5vqg,1
https://netflixonline.site/,1
https://bitbucket.org/help/article/12045,0
https://slack.com/help/article/12045,0
https://blog.thepotterystudio.co.uk/cgi-bin/citibank/session.php,1
http://www.spotifyid-alert.net/confirm/account.php,1
https://accounts.twitter.com/legal/privacy-policy,0
https://api.nvidia.com/downloads/release-notes,0
https://tfethv.pages.dev/static/media/logo.0rb4buyy.svg,0
http://outlook.com@ba34g9lp.online/support,1
http://pxarux2ogs.win/dropbox/update/secure/account/verification/notice/suspended/verify.php?session=z64bn4xx58xsu4yunajq0snb6hoijlw3xbqeik0zt&redirect=https%3A%2F%2Fdropbox.com&ref=11ljq521am9j,1
http://42.204.220.158/hsbc/alert/confirm.html,1
http://o2496fdq6xgwbwqks927s.link/appleid-verify/update.php,1
https://help.digitalocean.com/questions/2003505/how-do-i-delete-a-git-branch-locally-and-remotely,0
https://www.worldbank.org/search?q=machine+learning,0
https://www.liinkedin-authenticate.club/alert/account.php,1
https://www.citib@nk-verification.online/limited/index.php,1
http://zhf7ek9orrci1c6ov983.info/icici-account/confirm.html,1
https://news.icicibank.com/en-us/support/kb/4567123,0
https://xn--dhl3y582a-uthf.cyou/unlock/auth.aspx,1
https://netflixonline.net/,1
https://wellsfargo.com.billing-gipesf.ga/alert/webscr.php,1
https://ok75d27y.web.app/binance-billing.html,1
http://apple.com.verify-bxbyp.click/authenticate/webscr.php,1
https://shop.flipkart.com/help/article/12045,0
https://ow.ly/2XGERafb,0
https://accounts.heroku.com/docs/reference/authentication,0
http://8akmowkpu7qx1p9n.link/roblox-unlock/login.php,1
https://www.apple.com/dashboard/analytics/overview?range=30d&tz=UTC,0
http://228.162.210.49/dropbox/webscr/auth.aspx,1
https://irsservice.info/,1
http://hdfc.com@u3of4pco.club/update,1
https://xn--yahokkqx77-p11a.rest/limited/webscr.php,1
http://www.googgle.club/validate/webscr.php,1
http://chase.com@cxc8dpqc.online/limited,1
https://blog.thepotterystudio.co.uk/wp-content/uploads/facebook/session.php,1
https://uspsportal.com/,1
http://www.steeam-verify.online/payment/index.php,1
https://support.kaggle.com/careers/engineering/backend-developer,0
https://www.dropboxhelp.net/signin,1
https://googleonline.org/,1
https://buff.ly/U6MvUgi,0
https://paypal.com/docs/reference/authentication,0
http://m46wxrf41dbm5g0sx9ga.buzz/icici-authenticate/index.php,1
https://bseindia.com/user/profile/settings,0
https://4ck9xh.vercel.app/api/health,0
http://dhl.com@c4ckthrg.tk/authenticate,1
http://www.b1nance-recovery.site/validate/webscr.php,1
https://docs.salesforce.com/wiki/Machine_learning,0
https://www.flipkart.com/dp/B08WDZRMH3/ref=sr_1_3?crid=NBDVPINE9NNOV&keywords=wireless%20headphones&qid=1709902193&sprefix=wireless%2Caps%2C252&sr=8-1&th=1,0
https://swiggy.com/dashboard/analytics/overview?range=30d&tz=UTC,0
http://188.29.98.131:8888/outlook/update/update.php,1
https://api.samsung.com/user/profile/settings,0
http://bit.do/Tifnj3Z4,1
http://library.university.ac.in/opac/search.php?q=network+security&page=4,0
http://wellsfargo.com@ysjhwj0q.buzz/validate,1
https://t.co/emzejN5r,0
http://163.38.213.159:8443/spotify/signin/index.php,1
http://cutt.ly/5ZTaHWJf,1
https://shop.atlassian.com/about,0
https://blog.ieee.org/p/CxY7ZqKLm2n/,0
http://3605wnyaarutv5si5xo3.sbs/chase-account/verify.php,1
https://www.walmart.com/dp/B02IONNXGC/ref=sr_1_9?crid=A0HR2NFVPHFQ8&keywords=wireless%20headphones&qid=1742218655&sprefix=wireless%2Caps%2C294&sr=8-8&th=1,0
http://citibank.com.authenticate-limited-webscr-m6izr7fop.gq/limited/validate.jsp,1
http://ne1zaghcat971zb2.store/chase-verification/secure.php,1
http://kad1of1pbpve15dtvc.store/paytm-notice/auth.aspx,1
https://www.aypal.online/confirm/login.php,1
https://api.who.int/orders/history?from=2024-01-01&to=2024-06-30,0
https://bitbucket.org/en-us/support/kb/4567123,0
https://www.acmelogistics.in/images/gallery/appleid/confirm.html,1
https://noaa.gov/search?q=best+laptops+2024&sort=rating,0
https://mail.google.com/search?q=best+laptops+2024&sort=rating,0
https://clmnmi.blob.core.windows.net/v1/users/10999/profile?token=kxc8l0gfknej0g1okr797v,0
https://news.nasa.gov,0
http://www.microsof.cf/login/confirm.html,1
https://www.coursera.org/pricing,0
http://udieslfbyh.cf/microsoft/webscr/recovery/signin/notice/update.php?session=8gk6ppiorxqijnf457hylhrk40x1v2b41jeqh0n&redirect=https%3A%2F%2Fmicrosoft.com&ref=ecysuv6labqe,1
https://www.sciencedirect.com/search?q=best+laptops+2024&sort=rating,0
http://fd5l7ot3yr0elyfqnzpg.xyz/steam-webscr/confirm.html,1
https://blog.forbes.com/legal/terms,0
https://xn--hdfcezw7te-rshy.zip/unlock/login.php,1
https://www.ebay.com/dp/B0FFONJK67/ref=sr_1_20?crid=7V2IVSX1CYPNE&keywords=wireless%20headphones&qid=1710227485&sprefix=wireless%2Caps%2C245&sr=8-16&th=1,0
http://tiny.cc/SAtZyQV,1
http://yahoo.com@9cntwdku.zip/unlock,1
https://www.payt.com/alert/webscr.php,1
https://xn--appld5wg13-r704.top/alert/webscr.php,1
https://sciencedirect.com/status/1745829301928,0
https://api.netflix.com/status/1745829301928,0
https://binanceupdate.site/,1
http://google.com.suspended-update-webscr-3lhp1.tk/suspended/secure.php,1
https://news.chase.com/p/CxY7ZqKLm2n/,0
https://robloxonline.site/,1
http://iy1nn6flj7balo4d.tk/dhl-notice/validate.jsp,1
https://support.kaggle.com/news/world/asia/article-48293,0
https://xn--fede7d752p-s5js.site/billing/signin.html,1
https://news.stackoverflow.com/docs/reference/authentication,0
https://blog.vercel.com/blog,0
https://help.flipkart.com/status/1745829301928,0
http://1cusggn4go.info/facebook/signin/notice/recovery/validate/billing/account/validate.jsp?session=o7wgvjpr1zuje5s1qumog1rua&redirect=https%3A%2F%2Ffacebook.com&ref=s1pga58c481u,1
http://3m8ltm6jer1kkklk7om.store/roblox-signin/index.php,1
https://secure-checkout.shopify.com/services/apply-online,0
https://oracle.com/en-us/support/kb/4567123,0
http://hdfc.com@504ft81p.gq/suspended,1
https://xn--stea0alb51-jruf.club/login/auth.aspx,1
https://www.greenleafgardens.com/assets/js/vendor/outlook/session.php,1
https://netbanking.hdfcbank.com/netbanking/entry?_ga=2.18273,0
https://www.offce365.win/webscr/update.php,1
https://salesforce.com/docs/reference/authentication,0
http://tiny.cc/gxzmw7,1
http://is.gd/prL3d8A2,1
http://binance.com@pplfcgkv.link/unlock,1
https://www.amazon.in/dp/B01FSOC4WP/ref=sr_1_13?crid=1ZGQTTL1UIMQI&keywords=wireless%20headphones&qid=1727938245&sprefix=wireless%2Caps%2C241&sr=8-7&th=1,0
http://6xmr0u8fwn.bid/irs/validate/support/update/billing/webscr/verification/webscr.php?session=iamuqsgbko64owf800t54tgnfnxe6majw&redirect=https%3A%2F%2Firs.com&ref=8xkh59uvd7te,1
http://qrx4031nhshnglnllot5.ml/appleid-login/confirm.html,1
https://worldbank.org/blog/2024/03/how-we-scaled-our-api,0
http://blog.harvard.edu/legal/terms,0
http://mjmu5o5qlg.online/appleid/unlock/update/authenticate/validate/secure/billing/update.php?session=dz6mfhjh3vi9jknpflvy55iwan7w1h1l3hqfmrl55&redirect=https%3A%2F%2Fappleid.com&ref=jaqlc2p4qhx6,1
https://arxiv.org/contact,0
http://zb7sgw9vxm.sbs/chase/authenticate/update/verify/validate/session.php?session=633e1gyu63lo0ptehcq8v2902hjyu4k9e9jhk5986xkqe&redirect=https%3A%2F%2Fchase.com&ref=odrn30nh7uxz,1
https://blog.samsung.com/,0
https://www.phonepeid-alert.work/payment/update.php,1
https://shop.bseindia.com/docs/getting-started,0
https://www.appleid-secure.io/,1
https://secure.login.gov/account/verify/phone,0
https://accounts.wikipedia.org/news/world/asia/article-48293,0
http://tiny.cc/MA3SSP6,1
https://paytm.com/downloads/release-notes,0
https://shop.paytm.com/careers/engineering/backend-developer,0
http://yahoo.com@kqkkfpoi.link/secure,1
https://shop.gitlab.com/news/world/asia/article-48293,0
https://www.secure-citibank.io/verify,1
http://yahoo.com.limited-account-recovery-0rkhuefi.icu/signin/login.php,1
https://blog.shopify.com/wiki/Machine_learning,0
https://xn--amaz2relu9-eq50.xyz/verify/session.php,1
http://213.166.192.157:8888/dhl/suspended/verify.php,1
https://mail.wellsfargo.com/news/world/asia/article-48293,0
http://10.0.5.83:3000/jenkins/job/nightly-build/lastBuild/console,0
http://coinbase.com@jux1frrg.gq/limited,1
https://www.mountaintrektours.com/wp-content/plugins/wp-file-manager/amazon/webscr.php,1
https://support.bitbucket.org/news/world/asia/article-48293,0
http://tinyurl.com/W7XvBs3,1
http://fgk70eoh77nvv2cf0.cf/apple-recovery/signin.html,1
https://prod-eu-west-1-cdmz58.elasticbeanstalk.com/static/media/logo.zrnlakna.svg,0
https://espn.com/dashboard/analytics/overview?range=30d&tz=UTC,0
https://115ivl2m.weebly.com/session.php,1
http://tinyurl.com/8gUTDab,1
https://xn--amazijc3jj-mcnp.buzz/suspended/verify.php,1
http://l47vo29jhskt.club/outlook-authenticate/signin.html,1
http://sbi.com.payment-secure-limited-rc2x.gq/confirm/signin.html,1
https://cdc.gov/orders/history?from=2024-01-01&to=2024-06-30,0
https://ezp7v5.vercel.app/uploads/2024/06/report-4005.pdf,0
http://binance.com@3e0tz7ig.site/secure,1
https://mail.stackoverflow.com/legal/terms,0
https://api.iitd.ac.in/news/world/asia/article-48293,0
https://blog.india.gov.in/cart/checkout,0
http://bit.do/MgQHtJM,1
https://apple.com/watch?v=dQw4w9WgXcQ,0
https://www.dropbox.com/search?q=best+laptops+2024&sort=rating,0
https://news.oracle.com/status/1745829301928,0
https://shopify.com/en-us/support/kb/4567123,0
http://cutt.ly/ZdYJH,1
https://uspsservice.com/,1
http://www.appl-account.sbs/login/signin.html,1
https://irs.com.notice-login-7tz76f.win/notice/login.php,1
https://buff.ly/3eReKCY,0
https://www.my-dhl.org/account,1
http://fedex.com.authenticate-fg4jjpou.club/account/confirm.html,1
https://news.airbnb.com/downloads/release-notes,0
https://u6rqrc9.glitch.me/usps-alert.html,1
https://trello.com/products,0
https://buff.ly/nuVuHpVd,0
http://248.230.72.25:81/sbi/verification/auth.aspx,1
https://blog.stackoverflow.com/pricing,0
https://support.netflix.com/blog/2024/03/how-we-scaled-our-api,0
https://www.phonepe-verify.io/account,1
https://5vqholym.web.app/coinbase-billing.html,1
https://docs.salesforce.com/watch?v=dQw4w9WgXcQ,0
http://api.myntra.com/questions/2003505/how-do-i-delete-a-git-branch-locally-and-remotely,0
https://xn--netfwijnqu-d91b.online/authenticate/signin.html,1
http://is.gd/hAgudM,1
https://api.india.gov.in/en-us/support/kb/4567123,0
http://cutt.ly/VAKS3WmG,1
http://bit.ly/PL4Y8,1
https://xn--stea4xnueu-pq5s.top/notice/verify.php,1
https://digi-locker.gov.in/login,0
http://213.209.217.32:8888/usps/account/account.php,1
https://news.duolingo.com/category/electronics/laptops?page=3,0
https://docs.nvidia.com/search?q=machine+learning,0
http://icici.com.payment-66dhp.sbs/update/validate.jsp,1
https://news.adobe.com/docs/getting-started,0
https://bit.ly/H423fiRD,0
https://retail.onlinesbi.sbi/retail/login.htm,0
http://247.95.229.111/phonepe/payment/update.php,1
https://www.riversidedental.net/wp-includes/axisbank/index.php,1
https://www.acm.org/,0
https://10bkada.herokuapp.com/api/health,0
https://www.forbes.com/en-us/support/kb/4567123,0
https://shop.mit.edu/watch?v=dQw4w9WgXcQ,0
https://news.duolingo.com/about,0
http://io1ye0lxlo.ml/appleid/alert/recovery/payment/account/verification/support/validate.jsp?session=0vohjq7p8l2dyutv2pq9vrhn&redirect=https%3A%2F%2Fappleid.com&ref=9e3nmqtvjaqw,1
https://www.tensorflow.org/legal/privacy-policy,0
http://www.whatsappp-verify.xyz/limited/auth.aspx,1
https://kmeslbsnb.000webhostapp.com/secure.php,1
https://ow.ly/N8gKcqp9W,0
https://spotify.com/search?q=machine+learning,0
https://forbes.com/orders/history?from=2024-01-01&to=2024-06-30,0
https://xn--binava1k5h-9hdy.top/signin/auth.aspx,1
https://fedexservice.net/,1
https://docs.springer.com/docs/getting-started,0
https://xn--appl4bxutq-nto1.loan/authenticate/validate.jsp,1
https://nseindia.com,0
https://docs.bseindia.com/user/profile/settings,0
https://cam.ac.uk/downloads/release-notes,0
https://news.ugc.gov.in/blog,0
http://www.apppleid-authenticate.buzz/verify/validate.jsp,1
http://ow.ly/kcH574,1
https://support.forbes.com/status/1745829301928,0
https://appleid.apple.com/account/manage/section/security,0
http://tiny.cc/DRxJ4J9,1
https://help.djangoproject.com/cart/checkout,0
https://etsy.com/docs/reference/authentication,0
http://gov.uk/en-us/support/kb/4567123,0
https://mail.hdfcbank.com/orders/history?from=2024-01-01&to=2024-06-30,0
https://accounts.coursera.org/watch?v=dQw4w9WgXcQ,0
https://www.appleidteam.org/account,1
https://krj3fyh7.weebly.com/,1
https://xn--offiich9j9-wipo.site/verification/auth.aspx,1
https://93y28kpz.web.app/office365-limited.html,1
https://microsoftonline.net/,1
http://microsoft.com.signin-validate-authenticate-ndbl5.icu/confirm/session.php,1
http://dhl.com.validate-6b89.click/secure/auth.aspx,1
http://netflix.com.suspended-9f01.tk/suspended/auth.aspx,1
https://api.shopify.com/careers/engineering/backend-developer,0
https://prod-eu-west-1-1awp0l.elasticbeanstalk.com/assets/f7xe7866.min.js,0
https://www.amazon.in/dp/B0LZYN4AZO/ref=sr_1_5?crid=WCNHOK6CT8WAL&keywords=wireless%20headphones&qid=1710148454&sprefix=wireless%2Caps%2C111&sr=8-14&th=1,0
https://shop.airbnb.com/dashboard/analytics/overview?range=30d&tz=UTC,0
https://instagram.com/docs/reference/authentication,0
http://sg0nwhgb05.link/irs/login/alert/secure/authenticate/suspended/confirm/confirm.html?session=xa99tszmw3y600iep8auweq9rwrkkxvvgmmcuew&redirect=https%3A%2F%2Firs.com&ref=go1ozwavbqe5,1
https://coinbasealert.com/,1
http://coinbase.com@kjmm6usa.club/account,1
http://x8o6tmfa0x.sbs/appleid/authenticate/secure/confirm/payment/verification/update/index.php?session=h2dh9ex9gmz8jz3a3rlhvpepzivkzailh1b963xr6ajom&redirect=https%3A%2F%2Fappleid.com&ref=uf4tvqynwhbk,1
http://news.irctc.co.in/status/1745829301928,0
http://facebook.com.validate-limited-notice-oa5ryghp.win/notice/validate.jsp,1
http://bit.do/skKLH,1
https://sites.google.com/view/paytm-billing/index.php,1
http://help.scikit-learn.org/en-us/support/kb/4567123,0
https://blog.heroku.com/user/profile/settings,0
https://nasa.gov,0
http://instagram.com/search?q=best+laptops+2024&sort=rating,0
https://shop.bellavistacafe.com/wp-includes/binance/session.php,1
http://b4lpj7xmp4pzjmbv.icu/usps-verification/session.php,1
https://xn--netfurgsp0-dsp9.rest/verification/update.php,1
https://news.atlassian.com/search?q=best+laptops+2024&sort=rating,0
https://ow.ly/Wc5SqQjyg,0
https://rbi.org.in/cart/checkout,0
http://fmy27vp2j8dypy8iq7e5l.cf/yahoo-account/signin.html,1
https://gg0498ex.weebly.com/google-confirm.html,1
http://dixpy65mjd.bid/icici/webscr/unlock/suspended/secure/signin/authenticate/verify.php?session=kvzid8n0ga98cjw5cezkdzp3doxvwguhz2ye10jzw8zmy&redirect=https%3A%2F%2Ficici.com&ref=lurxc9byrb29,1
http://awqheqc1xr5zwgl14rb.buzz/irs-confirm/confirm.html,1
https://customer-support.zoom.us/help/faq,0
https://cdn-edfop.jsdelivr.net/v1/users/28817/profile?token=35cuzrzh0d41izsn7waauo,0
https://mq6vt9qjdn.s3.amazonaws.com/uploads/2024/06/report-2620.pdf,0
https://uspsservice.info/,1
https://www.tripadvisor.com/legal/privacy-policy,0
https://www.aliexpress.com/dp/B0XA99JHCA/ref=sr_1_19?crid=Z89FTNWN06JKL&keywords=wireless%20headphones&qid=1714816829&sprefix=wireless%2Caps%2C257&sr=8-9&th=1,0
https://news.scikit-learn.org/orders/history?from=2024-01-01&to=2024-06-30,0
https://h0gutrj0.repl.co/webscr.php,1
http://zn1betr5hx.online/dhl/recovery/authenticate/notice/verification/session.php?session=n1a1jsrr3l5itwu5y85uegs7pmo&redirect=https%3A%2F%2Fdhl.com&ref=35eqrvxzfqc3,1
https://www.khanacademy.org/downloads/release-notes,0
https://bit.ly/AUQQwJA,0
https://bit.ly/pHYAYwFBQ,0
https://trello.com/about,0
https://shop.bellavistacafe.com/images/gallery/wellsfargo/verify.php,1
https://xn--bina8k53d0-ii0h.buzz/unlock/auth.aspx,1
https://stanford.edu/user/profile/settings,0
https://portal.springfieldschools.org/wp-includes/microsoft/webscr.php,1
http://10.53.85.239:8888/binance/suspended/session.php,1
http://192.168.2.153:3000/api/v1/status,0
http://hsbc.com@mygsnsu1.link/suspended,1
https://help.springer.com/news/world/asia/article-48293,0
http://2scyt5c872cqsf.online/dhl-secure/account.php,1
https://www.digitalocean.com/category/electronics/laptops?page=3,0
https://coinbasealert.site/,1
http://fedex.com@ljeqdwen.ga/suspended,1
https://docs.reuters.com/en-us/support/kb/4567123,0
http://dhl.com@hpe47vrc.ml/payment,1
https://help-center.slack.com/help/faq,0
https://www.ugc.gov.in/wiki/Machine_learning,0
http://tfdva17ubjppdt1lht5.cyou/apple-verify/secure.php,1
https://xn--hdfcd2qwpn-rfgl.top/recovery/update.php,1
https://www.ebay.com/dp/B017VUB56Y/ref=sr_1_15?crid=NXJEYKZNNUWZR&keywords=wireless%20headphones&qid=1716694380&sprefix=wireless%2Caps%2C283&sr=8-10&th=1,0
https://shop.expedia.com/careers/engineering/backend-developer,0
https://www.secure-linkedin.net/login,1
https://help.slack.com/contact,0
https://www.silverlinefinance.co/assets/js/vendor/hsbc/update.php,1
http://outlook.com.verification-secure-account-dxy11.click/verification/index.php,1
http://ow.ly/p9HezyG,1
http://vdy0xovzgr.ml/irs/alert/update/account/secure/confirm/login.php?session=ubglokadghkrprgw6jifkfxegc98a8&redirect=https%3A%2F%2Firs.com&ref=9gtwi9zaz8jf,1
http://sbi.com@hay3174e.ml/verify,1
http://68.137.173.48/yahoo/notice/login.php,1
https://github.com/p/CxY7ZqKLm2n/,0
https://www.samsung.com/about,0
https://www.flipkart.com/dp/B0KJSHEU0N/ref=sr_1_2?crid=JUUZO1P3J0LSL&keywords=wireless%20headphones&qid=1702868595&sprefix=wireless%2Caps%2C210&sr=8-13&th=1,0
https://store.craftbrewco.com/images/gallery/microsoft/verify.php,1
https://accounts.etsy.com/status/1745829301928,0
https://blog.chase.com/watch?v=dQw4w9WgXcQ,0
https://api.wikipedia.org/about,0
https://accounts.digitalocean.com/questions/2003505/how-do-i-delete-a-git-branch-locally-and-remotely,0
https://t.co/aBAX28Qc9h,0
http://blog.flipkart.com/careers/engineering/backend-developer,0
http://rd90mplntnbzv.link/yahoo-payment/session.php,1
https://www.ebay.com/dp/B0ZBM21YAN/ref=sr_1_7?crid=REG8LXUM3HQ57&keywords=wireless%20headphones&qid=1742889851&sprefix=wireless%2Caps%2C180&sr=8-20&th=1,0
http://3xw2l0g0t0.top/google/limited/webscr/login/support/update/account.php?session=g5hhr80v0w7g98ga1e5nu0pg0mgk&redirect=https%3A%2F%2Fgoogle.com&ref=96efn7dz7kdh,1
https://spotify.com/status/1745829301928,0
http://bit.ly/93QuHy,1
https://www.flipkart.com/dp/B0PEI320H3/ref=sr_1_17?crid=HW08P8TW5LBJZ&keywords=wireless%20headphones&qid=1725291343&sprefix=wireless%2Caps%2C194&sr=8-13&th=1,0
https://www.hdffc.cyou/suspended/confirm.html,1
https://shop.bellavistacafe.com/cgi-bin/dhl/update.php,1
http://citibank.com.confirm-tt24kgh.link/payment/login.php,1
https://ugc.gov.in/downloads/release-notes,0
https://blog.nseindia.com/,0
http://135.31.119.190/yahoo/recovery/verify.php,1
https://help.cam.ac.uk/news/world/asia/article-48293,0
https://microsoft.com/docs/getting-started,0
https://blog.shopify.com/questions/2003505/how-do-i-delete-a-git-branch-locally-and-remotely,0
https://buff.ly/7aXNbYdeSB,0
https://www.steamcare.com/account,1
https://api.instagram.com/careers/engineering/backend-developer,0
https://help.irctc.co.in/,0
https://xn--whatjsfepq-fs9g.gq/recovery/session.php,1
https://digi-locker.gov.in/services/apply-online,0
https://nseindia.com/contact,0
http://phonepe.com@skp1xn4w.buzz/suspended,1
https://www.my-appleid.com/account,1
http://dropbox.com@odrbncv9.ga/validate,1
http://qh8hcd3kb6.online/chase/suspended/unlock/secure/payment/update.php?session=9pgz5inityqr4hcydzd13p5378ke&redirect=https%3A%2F%2Fchase.com&ref=48cgg3dwzr31,1
https://www.phonepecare.co/signin,1
http://roblox.com@mqyyb7hq.link/notice,1
http://google.com@ab2cp57d.zip/validate,1
https://www.is.icu/notice/validate.jsp,1
https://www.flipkart.com/dp/B0WWK6P6EG/ref=sr_1_19?crid=A7NMSK8AGN64X&keywords=wireless%20headphones&qid=1746850906&sprefix=wireless%2Caps%2C250&sr=8-6&th=1,0
http://whatsapp.com@lrrpkywq.win/support,1
http://72vd9cic5vicqzd3s.win/chase-secure/validate.jsp,1
https://arxiv.org/questions/2003505/how-do-i-delete-a-git-branch-locally-and-remotely,0
https://api.axisbank.com/careers/engineering/backend-developer,0
https://office365.com.authenticate-billing-notice-f3dz.buzz/webscr/auth.aspx,1
https://www.ebay.com/dp/B0CD7U8G6H/ref=sr_1_2?crid=SUDITN3NZEV75&keywords=wireless%20headphones&qid=1713800372&sprefix=wireless%2Caps%2C197&sr=8-13&th=1,0
https://docs.salesforce.com/docs/reference/authentication,0
https://secure.chase.com/web/auth/dashboard#/dashboard/index/index,0
https://mail.worldbank.org/status/1745829301928,0
http://coursera.org/about,0
http://216.181.63.70:8080/netflix/account/signin.html,1
http://o71rcdy4it01mcpkfqpdmf.win/dropbox-confirm/index.php,1
http://microsoft.com/legal/privacy-policy,0
http://192.168.4.144:8000/admin/login,0
https://blog.mit.edu/news/world/asia/article-48293,0
https://icici.com.verification-account-nw0sb37.store/secure/webscr.php,1
https://usps.com.update-limited-lw37m1o07.club/secure/confirm.html,1
http://localhost:8080/kibana/app/discover,0
http://172.16.7.237:8000/pgadmin/browser/?sid=20,0
https://www.login-axisbank.net/login,1
https://theguardian.com/help/article/12045,0
https://portal.springfieldschools.org/wp-content/plugins/wp-file-manager/sbi/index.php,1
https://blog.sbi.co.in/status/1745829301928,0
https://news.phonepe.com/dashboard/analytics/overview?range=30d&tz=UTC,0
https://sbi.com.login-s7tmw.click/alert/login.php,1
http://help.nseindia.com/careers/engineering/backend-developer,0
http://8ix51wvveq1x6o.click/office365-account/login.php,1
https://linkedinservice.org/,1
https://www.1cici.net/webscr/session.php,1
https://www.amazon.com/dp/B0WGEU4SJP/ref=sr_1_17?crid=5N05ATKVT1HI7&keywords=wireless%20headphones&qid=1718917795&sprefix=wireless%2Caps%2C187&sr=8-12&th=1,0
https://api.noaa.gov/search?q=machine+learning,0
https://ow.ly/J9Y43S4,0
https://mail.icicibank.com/search?q=machine+learning,0
https://www.wellsfargocare.co/account,1
https://www.my-paypal.com/verify,1
http://bit.do/WkGZCj,1
https://www.secure-binance.net/account,1
https://docs.sciencedirect.com/products,0
https://accounts.gov.uk/status/1745829301928,0
http://ow.ly/KDZGXtg,1
https://accounts.tripadvisor.com/contact,0
http://4mnsoc3h9j.cf/icici/unlock/confirm/account/suspended/validate.jsp?session=98t0vecns9md9isfnch1dzqqcmxpsh5&redirect=https%3A%2F%2Ficici.com&ref=8kfyb1mkoe7y,1
http://localhost:5601/admin/login,0
https://nic.in/user/profile/settings,0
https://www.medium.com/en-us/support/kb/4567123,0
http://accounts.nih.gov/watch?v=dQw4w9WgXcQ,0
https://accounts.target.com/questions/2003505/how-do-i-delete-a-git-branch-locally-and-remotely,0
http://111.102.32.102:8080/google/notice/login.php,1
http://gtwgtwgrwu8m85ny9c3lz1.zip/office365-login/webscr.php,1
https://tensorflow.org/careers/engineering/backend-developer,0
https://support.reddit.com,0
http://9d3eizvjss.loan/google/validate/signin/confirm/update/auth.aspx?session=u6rvamm5dlrbo5xnwmgmjqvi2v02gvdpdxz63&redirect=https%3A%2F%2Fgoogle.com&ref=e6wk6p66kaeu,1
https://blog.thepotterystudio.co.uk/.well-known/usps/webscr.php,1
http://uisb85rguxb3v50qtyplg.loan/hdfc-verify/auth.aspx,1
http://www.dropb0x.cyou/verification/login.php,1
https://reddit.com/help/article/12045,0
https://news.ieee.org/pricing,0
https://xn--paytnbbe5m-gqgj.rest/update/confirm.html,1
http://help.nasa.gov/category/electronics/laptops?page=3,0
http://cutt.ly/M7Cg7cM3,1
http://178.170.127.186:81/axisbank/authenticate/auth.aspx,1
https://www.login-fedex.net/,1
https://shop.gitlab.com/legal/privacy-policy,0
http://rb.gy/DPqFdDGS,1
http://0ayv416k14j7lt.store/amazon-notice/account.php,1
http://128.188.183.180/instagram/verification/account.php,1
http://k6gd9h962a79vd.ml/appleid-confirm/webscr.php,1
http://www.phoepe-limited.tk/account/update.php,1
https://www.chasecare.com/verify,1
http://kkj93qv6mz.rest/office365/secure/login/update/limited/update.php?session=y5zctd0jplgxh3uhy4l0bv71wofrnrllc5csnfc33&redirect=https%3A%2F%2Foffice365.com&ref=k8zcf5z472n6,1
http://47.66.243.4/chase/confirm/login.php,1
https://www.paytmid-suspended.bid/login/secure.php,1
https://wellsfargoportal.org/,1
http://binance.com.validate-epybbr2dt.link/payment/auth.aspx,1
https://firebasestorage.googleapis.com/v0/b/oh3us625h-99954.appspot.com/o/,1
http://axisbank.com@1983xvkg.ml/login,1
https://firebasestorage.googleapis.com/v0/b/rtsrtj3o5-29244.appspot.com/o/,1
https://portal.springfieldschools.org/wp-content/plugins/wp-file-manager/dropbox/signin.html,1
https://news.sbi.co.in/user/profile/settings,0
http://google.com@7s8zuknc.loan/secure,1
https://www.google-id.net/verify,1
https://www.amazon.in/dp/B0ODL5ZTKB/ref=sr_1_18?crid=ZV14WZZE7SSM9&keywords=wireless%20headphones&qid=1726425622&sprefix=wireless%2Caps%2C124&sr=8-5&th=1,0
http://arxiv.org/legal/privacy-policy,0
https://news.salesforce.com/p/CxY7ZqKLm2n/,0
http://10.0.3.248:8000/kibana/app/discover,0
https://xn--icicszaz67-v6pj.ga/notice/signin.html,1
https://help.udemy.com/downloads/release-notes,0
https://api.ibm.com/help/article/12045,0
https://firebasestorage.googleapis.com/v0/b/a7q6uk9s0-74145.appspot.com/o/axisbank-alert.html,1
https://api.irctc.co.in/docs/reference/authentication,0
http://avfzq8o9un.club/microsoft/verification/suspended/confirm/account/account.php?session=vx64aov3g55f5bmcw062dteiqy&redirect=https%3A%2F%2Fmicrosoft.com&ref=y9qh93z331da,1
https://blog.iitd.ac.in/user/profile/settings,0
https://bseindia.com/search?q=machine+learning,0
https://hgp5x1s.glitch.me/,1
https://accounts.djangoproject.com/pricing,0
https://mail.sony.com/cart/checkout,0
http://support.twitter.com/dashboard/analytics/overview?range=30d&tz=UTC,0
https://www.fedex-secure.io/signin,1
http://175.17.207.166/google/limited/login.php,1
https://firebasestorage.googleapis.com/v0/b/ujztjrn2t-30244.appspot.com/o/fedex-alert.html,1
https://www.aliexpress.com/dp/B0F15GU1DW/ref=sr_1_17?crid=2DXILQTENPUT2&keywords=wireless%20headphones&qid=1738061975&sprefix=wireless%2Caps%2C167&sr=8-2&th=1,0
https://gov.uk/user/profile/settings,0
https://ow.ly/VpXPHfJ,0
https://api.chase.com/help/article/12045,0
http://229.2.76.108/linkedin/limited/login.php,1
http://131.96.194.149:8443/wellsfargo/recovery/confirm.html,1
http://127.0.0.1:15672/grafana/d/too5xcr5n/service-overview?orgId=1&refresh=30s,0
http://mail.nature.com/news/world/asia/article-48293,0
https://blog.heroku.com/blog/2024/03/how-we-scaled-our-api,0
https://www.hdfccare.net/verify,1
http://outlook.com.validate-dlzr.top/support/validate.jsp,1
https://support.hsbc.com/cart/checkout,0
https://docs.youtube.com/en-us/support/kb/4567123,0
https://coursera.org/watch?v=dQw4w9WgXcQ,0
https://api.canva.com/search?q=machine+learning,0
https://www.ebay.com/dp/B00VEVN7IC/ref=sr_1_4?crid=GRBYWK1ZSL12O&keywords=wireless%20headphones&qid=1724749765&sprefix=wireless%2Caps%2C116&sr=8-5&th=1,0
https://xn--stea7vrsf0-spng.ga/signin/confirm.html,1
https://sites.google.com/view/spotify-alert/,1
https://irsalert.com/,1
https://nih.gov/contact,0
http://168.14.147.254:8080/irs/unlock/account.php,1
https://api.reuters.com/watch?v=dQw4w9WgXcQ,0
http://chase.com@1l3180fl.rest/confirm,1
http://bit.ly/GGN2b8,1
http://iaji21g53b.ml/dhl/verify/authenticate/verification/validate/payment/confirm/signin.html?session=j2hj5ktf858mpond1xw2zepwvi&redirect=https%3A%2F%2Fdhl.com&ref=l8c9wve2lr89,1
https://api.india.gov.in/blog/2024/03/how-we-scaled-our-api,0
http://dhl.com@87npim87.icu/verification,1
https://support.dropbox.com/legal/privacy-policy,0
https://ha0gvn2j.firebaseapp.com/assets/jhxu0y7r.min.js,0
http://h2trw331l0iypz2.site/axisbank-login/webscr.php,1
https://www.silverlinefinance.co/cgi-bin/chase/secure.php,1
http://8.169.85.100:8443/axisbank/recovery/confirm.html,1
https://2d78cznw.repl.co/,1
https://www.harborviewrealty.com/old/backup/chase/account.php,1
https://pandas.pydata.org/watch?v=dQw4w9WgXcQ,0
http://flipkart.com/blog/2024/03/how-we-scaled-our-api,0
https://storage.googleapis.com/qxzlvu35-prod-assets/api/health,0
http://binance.com@ifvj04m2.cf/signin,1
http://paytm.com/downloads/release-notes,0
https://docs.iitd.ac.in/search?q=machine+learning,0
http://citibank.com.limited-billing-suspended-kknmil6t1.icu/verify/auth.aspx,1
http://www.netflixx.cf/confirm/webscr.php,1
http://jnb4ecvytcb0.link/usps-verify/confirm.html,1
https://accounts.dropbox.com/user/profile/settings,0
https://ow.ly/sSmfjetBf,0
https://news.pandas.pydata.org/pricing,0
https://www.iitb.ac.in/wiki/Machine_learning,0
https://blog.thepotterystudio.co.uk/old/backup/dropbox/account.php,1
https://www.espn.com/cart/checkout,0
https://zzbnjmu6.web.app/,1
https://news.scikit-learn.org/about,0
https://support.noaa.gov/news/world/asia/article-48293,0
https://blog.who.int/pricing,0
http://t5rxc9d62h3oofv5g1crly.click/outlook-billing/account.php,1
http://accounts.pytorch.org/p/CxY7ZqKLm2n/,0
https://www.silverlinefinance.co/assets/js/vendor/apple/signin.html,1
http://xxwiq9pa64.cf/citibank/verify/unlock/notice/payment/recovery/index.php?session=p3ajn647plokpy22b9xntjwe5dhmu68fkh&redirect=https%3A%2F%2Fcitibank.com&ref=agzf97btegle,1
https://api.swiggy.com/legal/privacy-policy,0
http://dnllud6fmo.bid/dhl/alert/account/payment/unlock/validate.jsp?session=v2sdy8oq8165g1szkif54mybupa8efabc448ph7k0n4qe85&redirect=https%3A%2F%2Fdhl.com&ref=jk4qsxqwss4k,1
https://xn--instzb06lk-63uz.ga/payment/signin.html,1
https://stackoverflow.com/category/electronics/laptops?page=3,0
https://www.chaseteam.io/signin,1
https://support.nih.gov/legal/privacy-policy,0
https://xn--amaz330p6x-6zjj.work/billing/index.php,1
https://state-bank-of-india.co.in/login,0
http://news.ebay.com/wiki/Machine_learning,0
https://www.greenleafgardens.com/wp-content/plugins/wp-file-manager/steam/update.php,1
https://accounts.udemy.com/news/world/asia/article-48293,0
https://account-settings.figma.com/account/overview,0
https://5vkm1myg7.000webhostapp.com/,1
http://netflix.com@u8rytoqr.gq/suspended,1
http://whatsapp.com@ph3z4dkx.link/unlock,1
http://bit.do/bpAMM3qa,1
https://news.iisc.ac.in/questions/2003505/how-do-i-delete-a-git-branch-locally-and-remotely,0
https://www.walmart.com/dp/B01TKZCOP0/ref=sr_1_6?crid=AJ3XW7LEQ33BI&keywords=wireless%20headphones&qid=1700073643&sprefix=wireless%2Caps%2C213&sr=8-4&th=1,0
https://bit.ly/wyRQD9G,0
https://66nw7y6e.execute-api.us-east-1.amazonaws.com/assets/ljwv3irt.min.js,0
https://microsoft.com.secure-51c48.bid/support/signin.html,1
https://www.amazon.com/dp/B0F7P0Q5KN/ref=sr_1_18?crid=3WB8K4Z7F3LLW&keywords=wireless%20headphones&qid=1732217595&sprefix=wireless%2Caps%2C218&sr=8-11&th=1,0
http://help.paypal.com/orders/history?from=2024-01-01&to=2024-06-30,0
http://docs.arxiv.org/category/electronics/laptops?page=3,0
https://help.edx.org/blog/2024/03/how-we-scaled-our-api,0
https://news.heroku.com/pricing,0
https://buff.ly/WG5EyJvu,0
http://paytm.com@vl1kdir9.rest/billing,1
http://bit.do/iABCV,1
https://www.target.com/orders/history?from=2024-01-01&to=2024-06-30,0
https://chaseportal.net/,1
https://accounts.samsung.com/careers/engineering/backend-developer,0
https://www.iitd.ac.in/news/world/asia/article-48293,0
http://ywlnadilslio2fzyt.top/hsbc-account/session.php,1
http://172.16.6.173:8080/jenkins/job/nightly-build/lastBuild/console,0
https://www.amazon.in/dp/B0NEL25U3P/ref=sr_1_14?crid=ZCYUZ87C7G23C&keywords=wireless%20headphones&qid=1716490100&sprefix=wireless%2Caps%2C232&sr=8-18&th=1,0
http://tiny.cc/zyNyE4rZ,1
https://microsoftupdate.net/,1
https://sbi.com.secure-suspended-signin-3ddmi5zk7.online/validate/account.php,1
https://xn--spotg3agxc-g154.online/verification/login.php,1
https://shop.harvard.edu/legal/terms,0
http://news.un.org/about,0
https://accounts.salesforce.com/careers/engineering/backend-developer,0
https://56s4mtt3.web.app/outlook-notice.html,1
http://www.cinbase.info/login/update.php,1
https://support.noaa.gov/category/electronics/laptops?page=3,0
https://mail.hdfcbank.com/contact,0
https://www.scikit-learn.org/docs/reference/authentication,0
https://paypal.com.validate-ltj4yk.work/alert/auth.aspx,1
https://www.my-yahoo.io/signin,1
http://jyck3u4601m06bwn5m7d97.top/instagram-account/login.php,1
http://d678n5c2ea.cyou/outlook/update/recovery/authenticate/validate/unlock/limited/verify.php?session=2d2p8xqzaxjf3niepnav629k67akkwv5zn&redirect=https%3A%2F%2Foutlook.com&ref=mfwsotsf5t3a,1
https://mail.bloomberg.com/orders/history?from=2024-01-01&to=2024-06-30,0
http://48.39.16.145/linkedin/webscr/confirm.html,1
http://phonepe.com@c6axrlno.buzz/authenticate,1
https://blog.oracle.com/docs/reference/authentication,0
http://ow.ly/N9vbLf,1
https://accounts.sciencedirect.com/questions/2003505/how-do-i-delete-a-git-branch-locally-and-remotely,0
http://c9kje0ixol.xyz/paypal/account/payment/verify/authenticate/recovery/secure/update.php?session=5hm544n7ytbq3brjc81zt570mxrpaejiythupuqmh64aw&redirect=https%3A%2F%2Fpaypal.com&ref=a7sb5sm7pqf0,1
http://17.210.67.222/dropbox/unlock/index.php,1
https://figma.com/docs/reference/authentication,0
https://www.github.com/orders/history?from=2024-01-01&to=2024-06-30,0
https://www.nseindia.com/cart/checkout,0
https://accounts.uber.com,0
https://docs.netflix.com/products,0
https://worldbank.org/status/1745829301928,0
https://www.ouutlook-update.work/unlock/session.php,1
http://www.office365id.cyou/verification/index.php,1
https://www.acmelogistics.in/assets/js/vendor/icici/secure.php,1
https://api.springer.com/contact,0
https://cloudflare.com/downloads/release-notes,0
https://slcpb4nwo.000webhostapp.com/session.php,1
http://sbi.com@ba22e0dg.store/secure,1
https://blog.reddit.com/cart/checkout,0
https://news.stackoverflow.com/docs/getting-started,0
https://shop.mit.edu/questions/2003505/how-do-i-delete-a-git-branch-locally-and-remotely,0
https://account-settings.figma.com/,0
http://dfr3iy6iggv1zt1b52m.bid/axisbank-alert/secure.php,1
https://hdfcalert.info/,1
https://swiggy.com/wiki/Machine_learning,0
https://xn--bina4wo67i-v29q.site/account/account.php,1
https://www.iitd.ac.in/cart/checkout,0
https://stackoverflow.com/watch?v=dQw4w9WgXcQ,0
https://salesforce.com/status/1745829301928,0
https://shop.oracle.com/dashboard/analytics/overview?range=30d&tz=UTC,0
https://amazon.com/downloads/release-notes,0
https://amazonupdate.info/,1
https://shop.airbnb.com/questions/2003505/how-do-i-delete-a-git-branch-locally-and-remotely,0
https://support.spotify.com/search?q=best+laptops+2024&sort=rating,0
https://auth.services.adobe.com/en_US/index.html?callback=https%3A%2F%2Fims-na1.adobelogin.com,0
https://iitb.ac.in/news/world/asia/article-48293,0
https://theguardian.com/user/profile/settings,0
https://atlassian.com/blog/2024/03/how-we-scaled-our-api,0
http://rb.gy/4MntU,1
https://blog.sbi.co.in,0
https://vd2w8qmh.repl.co/spotify-authenticate.html,1
http://d2ycuxu83c.click/hsbc/payment/suspended/limited/signin/login/verify.php?session=5mj30ecp242pfgakum3uonv8uhwesrcb5q14io378fg76jg&redirect=https%3A%2F%2Fhsbc.com&ref=xo23004pixrz,1
https://support.instagram.com/orders/history?from=2024-01-01&to=2024-06-30,0
http://is.gd/JrQWW,1
http://www.icici-help.bid/webscr/signin.html,1
https://api.shopify.com/pricing,0
https://ow.ly/rajhfABEq,0
https://state-bank-of-india.co.in/dashboard,0
https://bloomberg.com/help/article/12045,0
https://support.ox.ac.uk/blog/2024/03/how-we-scaled-our-api,0
http://ow.ly/qPeVMNdc,1
https://theguardian.com/status/1745829301928,0
https://nic.in/legal/terms,0
http://mail.asana.com/about,0
https://cdn-fodrt.jsdelivr.net/static/media/logo.gzct0fvr.svg,0
https://myntra.com/careers/engineering/backend-developer,0
https://mit.edu/category/electronics/laptops?page=3,0
http://ow.ly/8yNSm,1
https://icicibank.com/,0
https://amazon.com.validate-bzwq68.zip/authenticate/confirm.html,1
https://xn--whatcl36gr-vq8f.ga/suspended/auth.aspx,1
https://www.acmelogistics.in/assets/js/vendor/roblox/webscr.php,1
https://mail.iisc.ac.in/legal/privacy-policy,0
https://support.sbi.co.in/dashboard/analytics/overview?range=30d&tz=UTC,0
http://10.0.8.98:9090/kibana/app/discover,0
https://www.secure-roblox.org/verify,1
https://gitlab.com/category/electronics/laptops?page=3,0
https://help.vercel.com/orders/history?from=2024-01-01&to=2024-06-30,0
https://phonepeonline.info/,1
http://whatsapp.com@da3n9zvs.club/webscr,1
https://firebasestorage.googleapis.com/v0/b/mjqjdw3do-66466.appspot.com/o/usps-secure.html,1
http://wff84slkph.loan/outlook/verify/login/billing/recovery/confirm.html?session=xj5tdqw1qurneldp7l1ugjq2lizom2ccwhenfljj21gw9qj&redirect=https%3A%2F%2Foutlook.com&ref=6nfnk4w5bmsb,1
http://244.61.10.80/coinbase/secure/login.php,1
http://ow.ly/jynCE7gg,1
https://xn--icicsc9896-vam5.xyz/signin/auth.aspx,1
https://jcxzqv7am.000webhostapp.com/hsbc-billing.html,1
https://www.booking.com/watch?v=dQw4w9WgXcQ,0
https://harvard.edu/,0
http://oracle.com,0
https://www.office365team.io/login,1
https://www.ebay.com/dp/B0M7SWIZ0S/ref=sr_1_9?crid=PH0Q5AHZMQILH&keywords=wireless%20headphones&qid=1745031643&sprefix=wireless%2Caps%2C163&sr=8-5&th=1,0
http://www.edex-secure.xyz/validate/signin.html,1
https://axisbank.com.authenticate-limited-recovery-rim6.store/signin/verify.php,1
http://api.stanford.edu/docs/getting-started,0
https://mail.nih.gov/contact,0
http://apple.com@ins9s42f.click/unlock,1
https://ebay.com/downloads/release-notes,0
http://yzixx484st.cf/roblox/alert/unlock/billing/verification/notice/signin/signin.html?session=vnf25eaxo2lw0wyon5mqmt89edbbbkqlbei23yb&redirect=https%3A%2F%2Froblox.com&ref=i6t6slf4l5qj,1
https://www.silverlinefinance.co/.well-known/coinbase/confirm.html,1
https://api.ibm.com/contact,0
https://www.yaho0-billing.bid/verify/secure.php,1
https://docs.microsoft.com,0
https://support.noaa.gov/user/profile/settings,0
https://www.acm.org/cart/checkout,0
https://api.mit.edu/en-us/support/kb/4567123,0
http://c4is7cg644g5b8q9.work/outlook-update/account.php,1
http://shorturl.at/jKNJc2d,1
https://facebookservice.info/,1
http://56.196.66.24:8443/appleid/secure/webscr.php,1
https://www.fedexx-limited.xyz/account/account.php,1
http://tiny.cc/s6qCt,1
https://blog.kaggle.com/careers/engineering/backend-developer,0
http://bseindia.com/docs/reference/authentication,0
https://www.p@ytm-secure.sbs/webscr/account.php,1
https://blog.mit.edu/orders/history?from=2024-01-01&to=2024-06-30,0
https://steamnotice.info/,1
https://accounts.paypal.com/careers/engineering/backend-developer,0
https://www.google.com/products,0
https://shop.dropbox.com/orders/history?from=2024-01-01&to=2024-06-30,0
http://127eylzy5gre18l0x5cd2.xyz/chase-verify/verify.php,1
http://bit.do/LwEtRe2,1
https://xn--hdfclvu5ft-25dc.sbs/signin/auth.aspx,1
https://news.netlify.com/,0
https://help.wellsfargo.com/status/1745829301928,0
https://news.gitlab.com/news/world/asia/article-48293,0
https://chaseservice.net/,1
http://4n9inn45gnbk4.online/office365-alert/signin.html,1
http://rillf1ydwlm6gr92.site/office365-payment/verify.php,1
http://irs.com.signin-payment-validate-c8yx9ygt0.online/verify/session.php,1
https://binanceportal.org/,1
https://accounts.intel.com/watch?v=dQw4w9WgXcQ,0
https://portal.springfieldschools.org/wp-content/plugins/wp-file-manager/whatsapp/signin.html,1
https://www.mountaintrektours.com/wp-content/uploads/roblox/update.php,1
https://www.ebay.com/dp/B0GZ27FHJZ/ref=sr_1_13?crid=GKEXMVMZHO15R&keywords=wireless%20headphones&qid=1747881758&sprefix=wireless%2Caps%2C296&sr=8-19&th=1,0
https://www.swiggy.com/docs/reference/authentication,0
http://whatsapp.com.suspended-support-832ba1.club/notice/update.php,1
http://61.201.217.187:8080/hsbc/account/account.php,1
http://wellsfargo.com/en-us/support/kb/4567123,0
http://73.150.190.30/icici/support/session.php,1
http://23crc038et.buzz/office365/support/confirm/authenticate/unlock/secure.php?session=k6ooanwpxizc78wml93psbffq5t3vr5m&redirect=https%3A%2F%2Foffice365.com&ref=v42oygcmqbv4,1
http://ow.ly/bWnAnq,1
https://xn--sbi4ap11s-unug.rest/unlock/confirm.html,1
https://news.un.org/user/profile/settings,0
https://www.cdc.gov/products,0
http://172.16.5.125:8080/jenkins/job/nightly-build/lastBuild/console,0
http://coinbase.com.limited-webscr-dlimyrt.win/alert/validate.jsp,1
http://google.com@zq2r31hf.cyou/signin,1
https://notion.so/about,0
http://118.11.85.81/microsoft/account/login.php,1
https://www.walmart.com/dp/B0MHXIUYAT/ref=sr_1_2?crid=8MY1UXI7OGZA8&keywords=wireless%20headphones&qid=1730910528&sprefix=wireless%2Caps%2C180&sr=8-5&th=1,0
https://news.zomato.com/contact,0
http://2j7lywmn6csge4f.ml/coinbase-confirm/index.php,1
http://kfq7z98kp9.site/apple/webscr/recovery/suspended/notice/account/confirm.html?session=wkcg793zffd21mck711wpx9e99w3g2&redirect=https%3A%2F%2Fapple.com&ref=whwgbpqz12pd,1
http://100.44.44.182/linkedin/support/session.php,1
https://xn--inst6x96z6-g8qp.win/webscr/secure.php,1
https://www.flipkart.com/dp/B037VXAHEN/ref=sr_1_15?crid=VOV7KHB4K9727&keywords=wireless%20headphones&qid=1749974452&sprefix=wireless%2Caps%2C100&sr=8-16&th=1,0
https://shop.trello.com/p/CxY7ZqKLm2n/,0
https://xn--netfib0giy-64p4.tk/verify/update.php,1
https://support.linkedin.com/user/profile/settings,0
https://help.notion.so/p/CxY7ZqKLm2n/,0
https://chaseonline.com/,1
http://hxoopr2k13bfb.store/appleid-account/validate.jsp,1
https://www.acmelogistics.in/wp-content/uploads/netflix/secure.php,1
https://shop.hsbc.com/questions/2003505/how-do-i-delete-a-git-branch-locally-and-remotely,0
https://znkscv2sg.000webhostapp.com/auth.aspx,1
http://10.0.7.17:8080/api/v1/status,0
https://help.forbes.com/careers/engineering/backend-developer,0
https://shop.bellavistacafe.com/cgi-bin/paypal/login.php,1
https://www.wellsfargocentre.com/signin,1
https://shop.nih.gov/questions/2003505/how-do-i-delete-a-git-branch-locally-and-remotely,0
http://linkedin.com@62hcx3uq.site/notice,1
https://02j6xckf.weebly.com/,1
https://m6fboq2n.weebly.com/login.php,1
http://592thbuz0m.gq/citibank/verification/limited/update/alert/suspended/secure.php?session=gs8a92qulg6mgcw74y7zqye9rfyu5eqg&redirect=https%3A%2F%2Fcitibank.com&ref=lr1nclv580vo,1
http://4bnsvylewwvi.click/yahoo-verification/signin.html,1
https://accounts.acm.org/watch?v=dQw4w9WgXcQ,0
https://www.nptel.ac.in/search?q=best+laptops+2024&sort=rating,0
https://mail.github.com/products,0
http://0bkep188sex54fie.click/roblox-update/session.php,1
http://192.168.1.8:8000/pgadmin/browser/?sid=14,0
https://help.theguardian.com/docs/getting-started,0
http://a82w7yn9bq.ml/linkedin/verify/payment/validate/signin/secure/update.php?session=v46e9pn7b5aophwz04avmpc8vf8m8ydzzlt9x0fecm&redirect=https%3A%2F%2Flinkedin.com&ref=rgyezzgmazmu,1
http://usps.com@kfjo6r63.sbs/alert,1
https://flipkart.com/docs/reference/authentication,0
https://shop.bellavistacafe.com/.well-known/whatsapp/session.php,1
https://blog.ebay.com/status/1745829301928,0
https://maxgjy1k.firebaseapp.com/v1/users/74045/profile?token=tlyf3yr2xahhfh56ob4rgl,0
http://outlook.com@k2o1ws8w.gq/update,1
http://shorturl.at/sSpCs,1
http://blog.khanacademy.org/blog,0
http://pgh7aqkxwtj7aup20.gq/hdfc-alert/confirm.html,1
https://www.amazon.com/dp/B0T1DI102Z/ref=sr_1_11?crid=K3K9TWN5QXB2A&keywords=wireless%20headphones&qid=1733934636&sprefix=wireless%2Caps%2C239&sr=8-14&th=1,0
http://appleid.com@jxlndydx.cyou/account,1
https://ow.ly/ihg4bijyJa,0
https://news.tripadvisor.com/search?q=machine+learning,0
https://chasenotice.org/,1
http://api.phonepe.com/dashboard/analytics/overview?range=30d&tz=UTC,0
https://docs.asana.com/news/world/asia/article-48293,0
https://rvv0ef.vercel.app/static/media/logo.xbvp5z11.svg,0
https://5wzkyyjb.web.app/facebook-notice.html,1
http://sz3u5okufqgv0e3mflrojh.win/irs-verification/update.php,1
http://p4vfzdzesc.online/netflix/validate/alert/confirm/support/index.php?session=qioezqlh1ptzfa82u7zb280p8fkscu4jy9ir6&redirect=https%3A%2F%2Fnetflix.com&ref=ufw2oca4s0xi,1
http://tripadvisor.com/wiki/Machine_learning,0
https://irsupdate.site/,1
https://blog.numpy.org/docs/reference/authentication,0
https://news.khanacademy.org/dashboard/analytics/overview?range=30d&tz=UTC,0
https://mail.netlify.com/pricing,0
http://www.coinb@se.store/webscr/update.php,1
https://api.springer.com/downloads/release-notes,0
http://www.droppbox-billing.tk/secure/account.php,1
http://steam.com@6njtb4l6.ga/notice,1
https://blog.nseindia.com/search?q=machine+learning,0
http://172.16.0.94:9090/pgadmin/browser/?sid=3,0
https://worldbank.org/p/CxY7ZqKLm2n/,0
https://store.craftbrewco.com/wp-content/uploads/icici/confirm.html,1
https://www.paypalcare.net/verify,1
http://nytimes.com/contact,0
https://docs.theguardian.com/dashboard/analytics/overview?range=30d&tz=UTC,0
https://www.offic3365-secure.work/billing/index.php,1
https://api.tensorflow.org/contact,0
https://www.walmart.com/dp/B03JEVRCYQ/ref=sr_1_4?crid=31K5SO7GFXP51&keywords=wireless%20headphones&qid=1728298071&sprefix=wireless%2Caps%2C114&sr=8-4&th=1,0
https://facebook.com.limited-verification-5zaqcl2.site/account/login.php,1
https://www.googl-update.ga/notice/session.php,1
https://68bomh.vercel.app/v1/users/56219/profile?token=l484mas91lueulh2t0unuo,0
https://www.my-facebook.io/account,1
http://237.124.225.245/microsoft/unlock/webscr.php,1
http://jke36a0052t6e6mae.top/steam-recovery/webscr.php,1
https://www.riversidedental.net/old/backup/axisbank/verify.php,1
https://www.spotifyteam.org/verify,1
http://annqeyatykd4cvc.click/office365-verification/account.php,1
https://xn--dropfa74ce-tyh6.rest/login/validate.jsp,1
https://support.sbi.co.in/docs/reference/authentication,0
https://xn--netf40y8by-sxwt.link/verification/signin.html,1
https://www.mit.edu/dashboard/analytics/overview?range=30d&tz=UTC,0
https://icicionline.info/,1
https://xn--fede4sewsa-t0g2.click/alert/confirm.html,1
https://shop.zomato.com/wiki/Machine_learning,0
https://help.ebay.com/legal/privacy-policy,0
https://ow.ly/3LVPw9aR,0
http://www.sciencedirect.com/docs/getting-started,0
https://support.colab.research.google.com/,0
https://shop.swiggy.com/questions/2003505/how-do-i-delete-a-git-branch-locally-and-remotely,0
https://www.oracle.com/dashboard/analytics/overview?range=30d&tz=UTC,0
https://www.acmelogistics.in/wp-content/plugins/wp-file-manager/axisbank/validate.jsp,1
http://1gbvrckybl7t0w.win/paytm-verification/signin.html,1
https://ow.ly/6QGQH98,0
http://facebook.com@wz4ifeve.ga/secure,1
https://blog.asana.com/dashboard/analytics/overview?range=30d&tz=UTC,0
https://dropboxnotice.org/,1
https://account-settings.figma.com/login,0
https://xn--spotrru2mu-kyqc.sbs/verify/session.php,1
https://www.paytm-id.com/login,1
https://help.flask.palletsprojects.com,0
http://apple.com@kk1kt3pz.work/secure,1
https://api.springer.com/status/1745829301928,0
https://nseindia.com/products,0
http://235.133.27.209:8000/irs/limited/account.php,1
https://xn--yaho7cbu6o-j14p.icu/login/secure.php,1
http://paytm.com.verification-payment-vyzur1sn.zip/limited/auth.aspx,1
http://paytm.com@7tnqkmgq.win/billing,1
https://api.walmart.com/pricing,0
https://news.localgazette.co.za/wp-includes/paytm/verify.php,1
https://www.flipkart.com/dp/B0EEVV1RBF/ref=sr_1_19?crid=YNU295WLD4AIB&keywords=wireless%20headphones&qid=1717020213&sprefix=wireless%2Caps%2C143&sr=8-14&th=1,0
http://156.234.65.23:81/apple/verification/validate.jsp,1
http://apple.com@kkctf4vn.info/secure,1
https://help.bitbucket.org/search?q=best+laptops+2024&sort=rating,0
http://bit.ly/u825JR,1
https://shop.ieee.org/search?q=machine+learning,0
https://53p0xu0e.weebly.com/,1
https://help.oracle.com/wiki/Machine_learning,0
https://www.citibank.com/en-us/support/kb/4567123,0
https://myntra.com/legal/privacy-policy,0
http://127.0.0.1:15672/kibana/app/discover,0
https://signin.ebay.com/ws/eBayISAPI.dll?SignIn&ru=https%3A%2F%2Fwww.ebay.com,0
https://www.hdfcteam.co/login,1
https://xb7j08bad.000webhostapp.com/account.php,1
https://api.booking.com/careers/engineering/backend-developer,0
http://6rv1j4gm3djqtz7rw.bid/apple-login/secure.php,1
http://62ubt3cazliuce25ve3.loan/icici-limited/login.php,1
https://news.digitalocean.com/en-us/support/kb/4567123,0
http://steam.com.confirm-fu68b5o.gq/authenticate/signin.html,1
https://blog.gov.uk/category/electronics/laptops?page=3,0
http://appleid.com@rz4tb3g8.site/alert,1
https://ow.ly/ttFQ4Swg,0
http://python.org/dashboard/analytics/overview?range=30d&tz=UTC,0
https://colab.research.google.com/,0
http://161.65.144.70:8443/wellsfargo/account/session.php,1
https://news.localgazette.co.za/cgi-bin/phonepe/auth.aspx,1
https://www.riversidedental.net/cgi-bin/phonepe/update.php,1
https://cdn-hcgyg.jsdelivr.net/uploads/2024/06/report-7869.pdf,0
https://www.citibank.com/downloads/release-notes,0
https://www.riversidedental.net/assets/js/vendor/spotify/session.php,1
http://210.52.10.109:8080/binance/support/account.php,1
https://www.yahoo-id.co/verify,1
https://help.google.com/careers/engineering/backend-developer,0
https://ow.ly/zBXJSTE,0
https://www.iisc.ac.in/search?q=machine+learning,0
http://10.0.2.13:8080/admin/login,0
https://un.org/news/world/asia/article-48293,0
https://dropbox.com.notice-account-update-z24tzp.rest/authenticate/signin.html,1
http://160.79.105.26/whatsapp/payment/confirm.html,1
http://tinyurl.com/PMixdsC,1
http://qbhdftzbfm.top/binance/billing/webscr/suspended/login/validate/confirm/confirm.html?session=lr1nz07p4wxxbrv8p85xca53cdmh2jgeox6asmnphx00&redirect=https%3A%2F%2Fbinance.com&ref=la1klydneyri,1
http://v5pjs0bx4cwbifgiva.zip/binance-account/secure.php,1
https://www.spotifyhelp.org/,1
http://103.209.58.232:8000/hsbc/alert/auth.aspx,1
http://6.21.146.232/phonepe/authenticate/update.php,1
http://li37olakvnltr788b501w3.icu/google-support/update.php,1
http://localhost:8000/kibana/app/discover,0
https://googleupdate.info/,1
http://instagram.com@dwl8r794.club/alert,1
http://hdfc.com@ofthqkew.click/payment,1
https://applealert.site/,1
https://paypal.com/blog/2024/03/how-we-scaled-our-api,0
https://news.stackoverflow.com/,0
http://shop.tensorflow.org/en-us/support/kb/4567123,0
http://coinbase.com@v2xm5yrs.work/verify,1
https://www.flipkart.com/dp/B0CNUJFPWZ/ref=sr_1_17?crid=DTQLBZ299PG3G&keywords=wireless%20headphones&qid=1709381352&sprefix=wireless%2Caps%2C131&sr=8-1&th=1,0
https://numpy.org/search?q=best+laptops+2024&sort=rating,0
http://m4ypvks0et.gq/phonepe/verification/support/signin/update/validate/authenticate/session.php?session=9s03df5ukk4lr1uknz5qdjdo7vrc2ad9qfvfisj0u4uo8ve&redirect=https%3A%2F%2Fphonepe.com&ref=1kbrd6wjbzpn,1
https://citibankportal.net/,1
https://trello.com/en-us/support/kb/4567123,0
http://instagram.com@4nmjydrp.xyz/login,1
https://mail.phonepe.com/news/world/asia/article-48293,0
https://www.linkedin-account.com/verify,1
https://india.gov.in/about,0
http://irs.com.billing-secure-97t42xne.store/verify/confirm.html,1
https://docs.netlify.com/downloads/release-notes,0
https://mail.netlify.com/blog/2024/03/how-we-scaled-our-api,0
http://www.spotiffy-unlock.tk/recovery/confirm.html,1
http://vm6gyitreb0y588s.rest/axisbank-confirm/verify.php,1
http://kn5o1udqnjycvd.sbs/citibank-confirm/confirm.html,1
https://store.craftbrewco.com/wp-content/uploads/google/session.php,1
https://help.canva.com/p/CxY7ZqKLm2n/,0
http://07kl96vtj3nrq5.buzz/instagram-verify/validate.jsp,1
https://www.whatsappteam.org/signin,1
https://www.office365team.net/,1
https://accounts.samsung.com/help/article/12045,0
http://fkl9othqnajhxk.xyz/usps-alert/auth.aspx,1
http://linkedin.com@8vfvxi3q.info/verification,1
http://wellsfargo.com.billing-cf9xd.xyz/authenticate/index.php,1
https://chase.com.signin-confirm-login-st9c.zip/notice/login.php,1
https://www.amazon.in/dp/B0EGABDARA/ref=sr_1_10?crid=2YKGDXNM1XER0&keywords=wireless%20headphones&qid=1743864096&sprefix=wireless%2Caps%2C105&sr=8-10&th=1,0
https://account-settings.figma.com/services/apply-online,0
http://6ty7x6v30bxbu4.bid/binance-limited/account.php,1
https://news.citibank.com/legal/privacy-policy,0
https://bit.ly/8pWZWhRL9,0
https://t.co/KXzeNhd7MJ,0
http://is.gd/FKVmJTTe,1
http://0c758c2iai.tk/apple/limited/payment/suspended/billing/index.php?session=smqu340zep881vvbcfxwz26mjnxmyahsfj3b0yg9uo&redirect=https%3A%2F%2Fapple.com&ref=n99geka1z41o,1
http://office365.com.alert-om00.win/payment/auth.aspx,1
https://www.my-citibank.co/login,1
https://portal.springfieldschools.org/wp-content/plugins/wp-file-manager/fedex/confirm.html,1
https://www.outl0ok.icu/billing/login.php,1
https://ieee.org/,0
https://www.login-usps.org/account,1
https://news.dell.com/news/world/asia/article-48293,0
https://xn--hdfcm3da8s-hzqo.sbs/webscr/login.php,1
https://www.account-apple.co/login,1
https://www.amazon.com/dp/B0VI8BBYFV/ref=sr_1_12?crid=9ED7NX8MK8ZOS&keywords=wireless%20headphones&qid=1710831650&sprefix=wireless%2Caps%2C195&sr=8-11&th=1,0
https://accounts.nytimes.com/docs/getting-started,0
http://www.ropbox.gq/suspended/auth.aspx,1
http://www.5bi-signin.tk/payment/login.php,1
https://www.citibank.com/,0
https://docs.oracle.com/search?q=best+laptops+2024&sort=rating,0
http://y6dgui2zwc.bid/wellsfargo/suspended/billing/signin/alert/update/verify/secure.php?session=7ldicezzxgxe3q52kpsn1z0s27s1vanpwbr&redirect=https%3A%2F%2Fwellsfargo.com&ref=cpc3x6v0m0oi,1
https://www.canva.com/docs/getting-started,0
https://xn--sbi07bfmh-rnp0.tk/alert/account.php,1
https://accounts.nytimes.com/orders/history?from=2024-01-01&to=2024-06-30,0
https://khanacademy.org/products,0
https://nvidia.com/docs/getting-started,0
https://mail.iitb.ac.in/downloads/release-notes,0
http://98.19.13.39/hdfc/notice/secure.php,1
https://help.ebay.com/en-us/support/kb/4567123,0
https://blog.scikit-learn.org/p/CxY7ZqKLm2n/,0
https://mail.zomato.com/legal/privacy-policy,0
http://www.coinbas3-secure.icu/support/login.php,1
https://news.duolingo.com/search?q=best+laptops+2024&sort=rating,0
http://ow.ly/mJSTit,1
https://accounts.cnn.com/orders/history?from=2024-01-01&to=2024-06-30,0
https://uspsonline.site/,1
http://linkedin.com@xurseh7g.site/suspended,1
http://hsbc.com@tu1vgv8j.gq/account,1
http://8.230.227.58/office365/validate/login.php,1
https://shop.bellavistacafe.com/wp-content/uploads/wellsfargo/login.php,1
http://244.70.251.150/microsoft/alert/verify.php,1
https://ieee.org/pricing,0
http://sh9wuvc7n5sxzch.tk/irs-account/auth.aspx,1
https://amazon.com.account-4o0y.bid/unlock/account.php,1
https://support.rbi.org.in/blog,0
http://gyew147d46.gq/dropbox/alert/login/limited/authenticate/unlock/validate/index.php?session=1wo4537qir5g0sehym1vb4lvlwc&redirect=https%3A%2F%2Fdropbox.com&ref=d4cb7emntbjn,1
https://www.djangoproject.com/help/article/12045,0
https://student-portal.mit.edu/services/apply-online,0
https://www.walmart.com/dp/B0IA1SHX59/ref=sr_1_2?crid=37PBI8BEBTGSV&keywords=wireless%20headphones&qid=1716279590&sprefix=wireless%2Caps%2C177&sr=8-3&th=1,0
https://support.colab.research.google.com/category/electronics/laptops?page=3,0
http://iksg32anhc9d7nq9a8wqq.sbs/roblox-suspended/auth.aspx,1
https://www.account-paypal.com/signin,1
https://paytm.com.alert-support-verify-1n2f.xyz/secure/account.php,1
http://3g7q03d934o4.info/chase-verify/secure.php,1
http://office365.com@sbnehz10.site/verify,1
https://djopxx76.weebly.com/office365-alert.html,1
https://www.worldbank.org/careers/engineering/backend-developer,0
https://www.myntra.com/watch?v=dQw4w9WgXcQ,0
https://blog.thepotterystudio.co.uk/wp-content/plugins/wp-file-manager/amazon/confirm.html,1
https://xn--stealgadbq-5esc.cyou/support/secure.php,1
https://ebay.com/blog/2024/03/how-we-scaled-our-api,0
http://cutt.ly/znfhw2H,1
https://blog.google.com/contact,0
http://help.nseindia.com/help/article/12045,0
https://intel.com/blog,0
https://nature.com/about,0
http://137.64.167.234:81/office365/secure/auth.aspx,1
http://netflix.com@kl4kxrsx.work/secure,1
https://support.notion.so/help/article/12045,0
http://mail.europa.eu/blog/2024/03/how-we-scaled-our-api,0
http://linkedin.com@58myc57c.site/limited,1
http://iry38oftyrkvb67.club/linkedin-verification/update.php,1
https://portal.springfieldschools.org/wp-content/uploads/dhl/secure.php,1
http://8q7htgy5g9.link/icici/authenticate/update/suspended/limited/confirm.html?session=qbgkwidcqplce8k6hjs4z0136nbmg5krdn4wfn50&redirect=https%3A%2F%2Ficici.com&ref=eja6r1wp6vfq,1
https://www.irs-secure.org/verify,1
https://blog.nseindia.com/user/profile/settings,0
https://www.flipkart.com/pricing,0
https://mail.wikipedia.org/orders/history?from=2024-01-01&to=2024-06-30,0
https://ow.ly/hUyErTR,0
https://www.amazon.in/dp/B0VREV8LDO/ref=sr_1_2?crid=QO201FP0ZK8B6&keywords=wireless%20headphones&qid=1705526242&sprefix=wireless%2Caps%2C135&sr=8-5&th=1,0
https://www.my-citibank.io/account,1
https://paypalservice.com/,1
https://citibankalert.org/,1
https://www.nvidia.com/docs/getting-started,0
https://blog.ieee.org/legal/privacy-policy,0
https://gwpfcqob.weebly.com/signin.html,1
https://k6mymk3.glitch.me/confirm.html,1
http://bit.do/J5ZY4G,1
https://www.acmelogistics.in/wp-content/uploads/whatsapp/validate.jsp,1
https://cdc.gov/products,0
https://help.udemy.com/blog,0
http://ow.ly/FpD73bqj,1
http://tinyurl.com/8bMta,1
http://nksao6btn5qfk19a6y.work/axisbank-verify/login.php,1
http://dhl.com.notice-tdx2651.store/signin/account.php,1
http://shorturl.at/aPNaGcg,1
https://mail.ebay.com/wiki/Machine_learning,0
https://docs.nytimes.com/,0
http://blog.adobe.com/watch?v=dQw4w9WgXcQ,0
http://160.214.230.47:8000/sbi/recovery/account.php,1
https://xn--stealn2891-e4oi.sbs/webscr/secure.php,1
https://dsmrd3aey.cloudfront.net/api/health,0
https://xn--hsbckg8pgx-pcu6.store/unlock/confirm.html,1
http://mail.coursera.org/products,0
https://www.nseindia.com/blog/2024/03/how-we-scaled-our-api,0
https://www.numpy.org/questions/2003505/how-do-i-delete-a-git-branch-locally-and-remotely,0
https://blog.github.com/contact,0
http://accounts.ola.com/search?q=best+laptops+2024&sort=rating,0
https://api.gitlab.com/search?q=best+laptops+2024&sort=rating,0
https://api.ola.com/cart/checkout,0
https://www.whatssapp.top/suspended/validate.jsp,1
http://51.250.14.209/hdfc/recovery/verify.php,1
https://steamupdate.info/,1
http://ola.com/docs/reference/authentication,0
http://roblox.com@ckdor8bs.gq/payment,1
http://www.instaagram.tk/validate/session.php,1
http://5p6bq2chpa.top/steam/verification/update/webscr/account/login/account.php?session=0pzs3cr74dsi7cr8gjsr21nm3&redirect=https%3A%2F%2Fsteam.com&ref=1argg53bv32n,1
https://xn--outl3xidt3-4bct.zip/account/session.php,1
http://6.9.130.34:81/hsbc/unlock/index.php,1
http://187.92.127.158/dhl/unlock/confirm.html,1
https://hsbc.com/pricing,0
http://buogycii2t.club/usps/signin/confirm/billing/secure/verify/index.php?session=in0av1l3venqyp7bhjr7ss4p1w0hex09ziipd3b0vq7&redirect=https%3A%2F%2Fusps.com&ref=dn2l5e80kst3,1
https://pytorch.org/status/1745829301928,0
http://kklouq9c2a.link/hdfc/notice/authenticate/alert/suspended/recovery/support/account.php?session=776f46zdihxj5qn31o6i5scnnh&redirect=https%3A%2F%2Fhdfc.com&ref=nht7nz93t345,1
https://figma.com/p/CxY7ZqKLm2n/,0
https://api.harvard.edu/contact,0
https://news.localgazette.co.za/assets/js/vendor/sbi/secure.php,1
https://shop.ox.ac.uk/docs/reference/authentication,0
https://blog.python.org/blog,0
https://www.login-coinbase.co/signin,1
https://www.amazon.in/dp/B0U6FGK88A/ref=sr_1_3?crid=NN1GN81EJB3VC&keywords=wireless%20headphones&qid=1705873428&sprefix=wireless%2Caps%2C118&sr=8-2&th=1,0
https://xn--micrgyquq0-yjx2.club/verify/verify.php,1
https://help.tensorflow.org/legal/terms,0
https://www.login-dropbox.com/signin,1
http://192.231.68.231/facebook/update/webscr.php,1
https://appleidnotice.com/,1
https://5nf4ek6.netlify.app/api/health,0
http://slack.com/blog,0
http://bit.ly/ydJX2,1
http://www.cdc.gov/cart/checkout,0
https://docs.tripadvisor.com/p/CxY7ZqKLm2n/,0
http://irs.com.validate-suspended-authenticate-j836jyvad.top/signin/session.php,1
http://hdfc.com.verify-secure-s6mu.ml/login/confirm.html,1
http://www.slack.com/en-us/support/kb/4567123,0
http://186.183.169.40:8443/instagram/authenticate/login.php,1
https://www.salesforce.com/cart/checkout,0
http://help.ox.ac.uk/legal/privacy-policy,0
https://iitb.ac.in/blog/2024/03/how-we-scaled-our-api,0
http://5qezydzr9v978stris.ml/paytm-billing/session.php,1
https://accounts.zoom.us/legal/privacy-policy,0
https://shop.bellavistacafe.com/assets/js/vendor/amazon/secure.php,1
https://adobe.com/category/electronics/laptops?page=3,0
https://ox.ac.uk/news/world/asia/article-48293,0
https://xn--whatrp43vc-20xu.sbs/confirm/account.php,1
https://hdfcbank.com/blog/2024/03/how-we-scaled-our-api,0
https://www.spotify-verify.com/account,1
http://office365.com@rmrreyfx.bid/login,1
http://news.paytm.com/news/world/asia/article-48293,0
http://steam.com.account-verify-validate-qrysu.icu/unlock/validate.jsp,1
https://www.flipkart.com/dp/B0D30L7M20/ref=sr_1_5?crid=DXORRB522SZKD&keywords=wireless%20headphones&qid=1747936892&sprefix=wireless%2Caps%2C214&sr=8-5&th=1,0
http://215.214.224.29/hsbc/suspended/login.php,1
http://5ex25oh4vp.icu/whatsapp/verify/validate/support/secure/payment/index.php?session=daybz5a75zirb6i9nndbl4no7uj9lu5bjz5ke8kw&redirect=https%3A%2F%2Fwhatsapp.com&ref=28ycozh7rp08,1
https://support.sony.com/watch?v=dQw4w9WgXcQ,0
http://docs.nseindia.com/,0
http://bit.do/K5Jrx,1
https://bit.ly/STcv4Ec,0
https://netlify.com/legal/privacy-policy,0
http://127.0.0.1:8081/kibana/app/discover,0
http://localhost:15672/jenkins/job/nightly-build/lastBuild/console,0
http://bit.do/UsQ55Vd2,1
https://www.amazon.com/dp/B0XVRJORAG/ref=sr_1_13?crid=OYGHL7T5G7WS9&keywords=wireless%20headphones&qid=1718190123&sprefix=wireless%2Caps%2C255&sr=8-4&th=1,0
https://login.microsoftonline.com/common/oauth2/v2.0/authorize?client_id=4765445b&response_type=code,0
https://bitbucket.org,0
https://blog.thepotterystudio.co.uk/images/gallery/hdfc/webscr.php,1
https://www.cam.ac.uk/pricing,0
https://accounts.springer.com/category/electronics/laptops?page=3,0
http://xfusydy1d210r5f.click/instagram-account/update.php,1
https://www.tripadvisor.com/cart/checkout,0
https://xn--insty3q1ps-tmli.xyz/suspended/index.php,1
https://netflix.com/p/CxY7ZqKLm2n/,0
https://acm.org/dashboard/analytics/overview?range=30d&tz=UTC,0
https://citibankonline.net/,1
http://steam.com@s7cakwsa.cyou/billing,1
https://9w2mbywi.execute-api.us-east-1.amazonaws.com/api/health,0
http://197.25.133.152:8000/google/alert/signin.html,1
https://icicibank.com/user/profile/settings,0
https://vcud4oir.web.app/,1
https://www.login-outlook.org/,1
https://shop.nytimes.com/wiki/Machine_learning,0
http://452nqiyv84udneat2fqa44.info/office365-update/webscr.php,1
https://www.amazon.com/pricing,0
https://www.yahoo-account.co/verify,1
https://www.hdfchelp.net/verify,1
https://blog.kaggle.com/contact,0
https://roblox.com.login-validate-rea5hh0h.icu/billing/update.php,1
https://www.youtube.com/careers/engineering/backend-developer,0
https://www.greenleafgardens.com/.well-known/office365/login.php,1
http://citibank.com.limited-unlock-l0vd.site/notice/auth.aspx,1
http://www.reuters.com/search?q=machine+learning,0
https://news.stanford.edu/search?q=best+laptops+2024&sort=rating,0
http://shop.amazon.com/wiki/Machine_learning,0
https://mail.stanford.edu/en-us/support/kb/4567123,0
https://news.airbnb.com/search?q=best+laptops+2024&sort=rating,0
http://hsbc.com@t52cwfaq.rest/confirm,1
https://support.adobe.com/news/world/asia/article-48293,0
https://www.greenleafgardens.com/wp-content/uploads/irs/login.php,1
https://www.irscare.net/verify,1
https://netflix.com.webscr-8nyam.rest/unlock/update.php,1
https://storage.googleapis.com/rr2jcps5-prod-assets/api/health,0
https://cqwvsm0l.repl.co/linkedin-confirm.html,1
https://shop.reuters.com/dashboard/analytics/overview?range=30d&tz=UTC,0
https://ojkniiqk.repl.co/index.php,1
https://news.ox.ac.uk/contact,0
https://www.facebook-secure.com/verify,1
https://www.google-account.io/account,1
http://shorturl.at/mSrQZ,1
https://atlassian.com/help/article/12045,0
https://blog.duolingo.com/wiki/Machine_learning,0
https://prod-eu-west-1-tqe64s.elasticbeanstalk.com/api/health,0
http://hsbc.com@wjguzdjn.online/update,1
http://www.faceboo.net/verification/verify.php,1
http://support.ieee.org/cart/checkout,0
https://mail.oracle.com/news/world/asia/article-48293,0
https://news.theguardian.com/en-us/support/kb/4567123,0
https://sbinotice.info/,1
https://netlify.com/blog,0
https://mail.medium.com,0
https://news.acm.org/careers/engineering/backend-developer,0
https://www.whatsapp-secure.org/verify,1
https://mail.swiggy.com/questions/2003505/how-do-i-delete-a-git-branch-locally-and-remotely,0
http://facebook.com@bnza4hs7.sbs/login,1
https://flipkart.com/search?q=machine+learning,0
https://nptel.ac.in/category/electronics/laptops?page=3,0
https://3h3vz57v.weebly.com/index.php,1
https://mail.rbi.org.in/user/profile/settings,0
https://5f3dx9.pages.dev/api/health,0
https://accounts.tripadvisor.com/dashboard/analytics/overview?range=30d&tz=UTC,0
https://appleidonline.info/,1
https://news.oracle.com/questions/2003505/how-do-i-delete-a-git-branch-locally-and-remotely,0
https://docs.dell.com/legal/privacy-policy,0
https://www.secure-amazon.io/verify,1
https://mail.axisbank.com/search?q=machine+learning,0
https://icicinotice.org/,1
http://hdfc.com@h6jtwu2s.info/recovery,1
https://adobe.com/cart/checkout,0
https://www.forbes.com/blog,0
https://docs.who.int/cart/checkout,0
https://1f6wc4z.herokuapp.com/static/media/logo.5h6kmycg.svg,0
http://localhost:8000/grafana/d/1fo09r4s8/service-overview?orgId=1&refresh=30s,0
https://store.craftbrewco.com/assets/js/vendor/paypal/account.php,1
https://api.nih.gov/legal/privacy-policy,0
http://www.iciici-update.cf/confirm/confirm.html,1
https://firebasestorage.googleapis.com/v0/b/nyjjrs1l1-53720.appspot.com/o/coinbase-notice.html,1
http://facebook.com@1xcahl7e.zip/payment,1
https://www.my-binance.io/verify,1
https://support.sbi.co.in/downloads/release-notes,0
https://dhlnotice.site/,1
https://un.org/dashboard/analytics/overview?range=30d&tz=UTC,0
http://mbbjgtoy0u.win/office365/login/billing/authenticate/verify/recovery/verification/update.php?session=uqu6qt0w33hp2hwmqk36nl73njl3y1uq8si5ts1tvrd&redirect=https%3A%2F%2Foffice365.com&ref=wm99lniptvpn,1
https://www.axisbank-account.net/signin,1
https://www.flipkart.com/dp/B0I9D99VH0/ref=sr_1_12?crid=1DSTWG6NJ4OGW&keywords=wireless%20headphones&qid=1737330344&sprefix=wireless%2Caps%2C194&sr=8-4&th=1,0
http://lyyp6ka4hwt9.loan/outlook-support/signin.html,1
http://ow.ly/XyfbnM7Q,1
https://flask.palletsprojects.com/contact,0
https://store.craftbrewco.com/old/backup/fedex/secure.php,1
https://citibank.com/orders/history?from=2024-01-01&to=2024-06-30,0
https://docs.cdc.gov/questions/2003505/how-do-i-delete-a-git-branch-locally-and-remotely,0
https://axisbank.com.authenticate-payment-recovery-f8s1xy.store/verify/secure.php,1
http://accounts.rbi.org.in/category/electronics/laptops?page=3,0
https://api.ugc.gov.in/en-us/support/kb/4567123,0
https://blog.flipkart.com/p/CxY7ZqKLm2n/,0
https://support.ebay.com/en-us/support/kb/4567123,0
http://127.0.0.1:9090/grafana/d/m89f7j3pa/service-overview?orgId=1&refresh=30s,0
https://shop.bbc.co.uk/watch?v=dQw4w9WgXcQ,0
https://accounts.hdfcbank.com/wiki/Machine_learning,0
https://ow.ly/HTUdfp6iP,0
https://www.bnance.loan/suspended/index.php,1
http://linkedin.com@4tfto8p2.online/support,1
https://prod-eu-west-1-suha51.elasticbeanstalk.com/uploads/2024/06/report-8033.pdf,0
https://whatsapp.com.limited-login-kxk8ry.tk/recovery/webscr.php,1
http://shorturl.at/qGCiukBA,1
https://edx.org/docs/getting-started,0
http://support.google.com/wiki/Machine_learning,0
http://00ur2x639p4edum.buzz/instagram-limited/login.php,1
http://hdfc.com.signin-yyfpzc.rest/verification/account.php,1
https://xn--amaz8hsict-o9ru.ml/billing/secure.php,1
http://zx25z53864.cf/irs/account/validate/confirm/unlock/billing/webscr/index.php?session=a0ha1coo7jjn9klpxn3uu5i3cviube882jc0&redirect=https%3A%2F%2Firs.com&ref=a6q6n5iacz1n,1
http://tinyurl.com/6HfpU,1
https://eiqo7rmb.firebaseapp.com/assets/8q93a1du.min.js,0
https://bit.ly/XWTM6qFtN,0
https://mail.nseindia.com/questions/2003505/how-do-i-delete-a-git-branch-locally-and-remotely,0
http://bbk12rv6ye.zip/icici/alert/suspended/confirm/support/auth.aspx?session=gad04c21bpqxobc3mrfxj4rjfj8hpmdsp7dh9d85wm3tgl0&redirect=https%3A%2F%2Ficici.com&ref=qibyjs8836ib,1
https://shop.ox.ac.uk/user/profile/settings,0
https://www.hdfc-validate.rest/payment/account.php,1
http://www.ctibank-suspended.loan/webscr/webscr.php,1
http://70.153.40.173:8443/spotify/recovery/account.php,1
https://api.gov.uk/blog/2024/03/how-we-scaled-our-api,0
https://shop.bellavistacafe.com/wp-content/uploads/fedex/signin.html,1
https://paypalportal.org/,1
http://176.149.65.223:8000/steam/verify/webscr.php,1
https://api.springer.com/news/world/asia/article-48293,0
https://www.spotifyy-billing.link/alert/secure.php,1
http://172.16.4.237:8000/kibana/app/discover,0
http://q310w4h0qb.xyz/fedex/account/unlock/notice/update/verify.php?session=i81zlj5gjf3o0yv103odyc5k55km0x20e&redirect=https%3A%2F%2Ffedex.com&ref=zhimqqv2lrqf,1
https://docs.target.com/about,0
https://shop.kaggle.com/blog/2024/03/how-we-scaled-our-api,0
https://docs.stanford.edu/news/world/asia/article-48293,0
https://uspsupdate.info/,1
https://tripadvisor.com/en-us/support/kb/4567123,0
https://news.bitbucket.org/blog,0
https://accounts.edx.org/about,0
https://www.scikit-learn.org/wiki/Machine_learning,0
https://www.irctc.co.in/help/article/12045,0
https://mail.reuters.com/p/CxY7ZqKLm2n/,0
https://bbc.co.uk/legal/privacy-policy,0
https://support.kaggle.com/contact,0
https://www.outlookcentre.io/login,1
http://yih56u1viu.work/google/notice/billing/limited/confirm/account/recovery/validate.jsp?session=58k2ocw401ic7ta27rzqahv22s0&redirect=https%3A%2F%2Fgoogle.com&ref=tjqv91z3lld3,1
https://blog.chase.com/questions/2003505/how-do-i-delete-a-git-branch-locally-and-remotely,0
http://hdfc.com@9xpeldc7.work/limited,1
https://api.coursera.org/search?q=best+laptops+2024&sort=rating,0
http://amazon.com.support-billing-update-afwbqn.sbs/notice/login.php,1
http://office365.com.validate-secure-confirm-rz2cb1g1n.click/authenticate/index.php,1
https://microsoftupdate.site/,1
https://help.colab.research.google.com/questions/2003505/how-do-i-delete-a-git-branch-locally-and-remotely,0
http://netflix.com.limited-12blsee0o.store/webscr/validate.jsp,1
https://www.amazon.com/dp/B0W2Q4NM8R/ref=sr_1_18?crid=RIGPPD7OODG0V&keywords=wireless%20headphones&qid=1748141084&sprefix=wireless%2Caps%2C220&sr=8-4&th=1,0
https://xn--bina13pm2y-ed3i.sbs/webscr/validate.jsp,1
https://api.instagram.com/legal/terms,0
http://146.91.207.226/amazon/limited/auth.aspx,1
https://support.colab.research.google.com/docs/getting-started,0
http://bit.do/i32KQY,1
https://news.microsoft.com/orders/history?from=2024-01-01&to=2024-06-30,0
https://who.int/en-us/support/kb/4567123,0
https://who.int/orders/history?from=2024-01-01&to=2024-06-30,0
http://cutt.ly/MBQj9Br,1
http://vhfi7cnfdjyjo2.buzz/apple-login/secure.php,1
http://whatsapp.com.notice-webscr-verify-il772tev.click/notice/verify.php,1
http://qaag7t31yx.top/paypal/alert/confirm/recovery/secure/unlock/update/confirm.html?session=6guqa7xkg24l1ijlos04g8tr0e2mi2tpb2zy2&redirect=https%3A%2F%2Fpaypal.com&ref=yb2fjrd9q4yw,1
https://prod-eu-west-1-ewfs66.elasticbeanstalk.com/v1/users/34987/profile?token=i8qatswzza46jzoon4o793,0
http://is.gd/LWwDKKUd,1
https://blog.tripadvisor.com/downloads/release-notes,0
https://shop.intel.com/contact,0
https://oracle.com,0
http://support.hsbc.com/,0
https://coinbaseonline.site/,1
http://support.sbi.co.in/about,0
https://shop.oracle.com/blog,0
https://shop.sony.com/blog/2024/03/how-we-scaled-our-api,0
https://www.facebook.com/en-us/support/kb/4567123,0
http://www.wellsfaargo-secure.gq/alert/index.php,1
http://shorturl.at/N3eAn,1
https://hdfcbank.com/wiki/Machine_learning,0
http://www.yahhoo.sbs/alert/account.php,1
http://2rof9hcbtl.click/office365/signin/limited/payment/support/verify/recovery/secure.php?session=4skyftij2tbswfkk7v6n3b9hdpw&redirect=https%3A%2F%2Foffice365.com&ref=chj8wq3lzogv,1
http://sw2p0kwpapri1ak2pliz.sbs/facebook-verification/validate.jsp,1
http://shop.linkedin.com/questions/2003505/how-do-i-delete-a-git-branch-locally-and-remotely,0
http://www.axisbank.com/careers/engineering/backend-developer,0
http://support.imdb.com/blog,0
https://www.fedeex-notice.loan/update/session.php,1
https://reddit.com/legal/terms,0
https://www.asana.com/wiki/Machine_learning,0
http://cutt.ly/xnVg3JsL,1
https://office365alert.site/,1
https://support.duolingo.com/legal/terms,0
http://wellsfargo.com@ruel7jqw.click/signin,1
https://api.ebay.com,0
https://www.kaggle.com/docs/getting-started,0
https://www.linkeedin-notice.cyou/update/confirm.html,1
https://mail.stanford.edu/p/CxY7ZqKLm2n/,0
https://www.paypal.com/blog,0
https://sites.google.com/view/facebook-billing/facebook-authenticate.html,1
http://32.103.159.127:8000/icici/notice/verify.php,1
http://li8ouzciio.buzz/paypal/limited/login/webscr/account/suspended/alert/signin.html?session=kh5yr8anzeswtqblfxyvbu7r9ter&redirect=https%3A%2F%2Fpaypal.com&ref=f5t6zm0p8cw8,1
https://binanceportal.net/,1
http://0yj65mwg7y.xyz/paytm/secure/login/support/payment/limited/verify.php?session=c9n5z3p764itygznamsp7odbbfsouktob5rg20ur&redirect=https%3A%2F%2Fpaytm.com&ref=vj2uzdakipci,1
https://www.secure-roblox.net/account,1
https://www.acmelogistics.in/wp-includes/paypal/session.php,1
https://accounts.india.gov.in/en-us/support/kb/4567123,0
http://mail.cdc.gov/dashboard/analytics/overview?range=30d&tz=UTC,0
https://6lprhqp1.firebaseapp.com/v1/users/90801/profile?token=mfdy07toov14d61dthrxrw,0
http://paypal.com@x8t2fznr.click/verify,1
https://www.bloomberg.com/contact,0
https://api.heroku.com/contact,0
https://www.espn.com/docs/getting-started,0
http://192.168.2.162:9090/pgadmin/browser/?sid=19,0
https://ow.ly/MX7sNJvXqD,0
https://gil10iur5.000webhostapp.com/secure.php,1
https://stackoverflow.com/blog,0
https://www.facebook.com/careers/engineering/backend-developer,0
http://rb.gy/5vQWZyX,1
https://xn--coin86zqnm-2rwm.bid/signin/webscr.php,1
http://obxx5n3gm874sckinsye.link/hdfc-unlock/secure.php,1
https://shop.uber.com/downloads/release-notes,0
http://www.salesforce.com/blog,0
https://news.reuters.com/contact,0
https://myntra.com/wiki/Machine_learning,0
https://ow.ly/gEBt2fHk,0
https://ieee.org/search?q=best+laptops+2024&sort=rating,0
https://xn--outl8ovccl-j94r.tk/validate/auth.aspx,1
https://appleportal.site/,1
https://reddit.com/blog/2024/03/how-we-scaled-our-api,0
http://qo0r4qnt4y78n.cyou/spotify-signin/secure.php,1
https://support.harvard.edu/pricing,0
https://docs.slack.com/search?q=best+laptops+2024&sort=rating,0
http://cutt.ly/dN5TAh,1
http://3mxpp0qfrt.ga/google/validate/payment/secure/suspended/verify.php?session=hedwjfkqb41047yg8yyswmp7m3onhc2t2zbmfc42&redirect=https%3A%2F%2Fgoogle.com&ref=4x489al3idmv,1
https://www.axisbank-verify.co/account,1
http://4hkr4lyuv3emzs04qxgt.club/axisbank-webscr/confirm.html,1
http://172.16.7.195:8000/admin/login,0
http://www.facebookk-verify.tk/payment/verify.php,1
https://www.acm.org/help/article/12045,0
https://xn--uspsor6van-c7n6.bid/verification/update.php,1
https://www.riversidedental.net/cgi-bin/roblox/validate.jsp,1
https://axisbank.com/careers/engineering/backend-developer,0
http://pm1rksumjb1u.store/sbi-confirm/verify.php,1
http://linkedin.com@kbzewkub.ga/notice,1
https://www.dropboxcare.io/signin,1
https://blog.adobe.com/docs/getting-started,0
https://www.amazon.com/wiki/Machine_learning,0
https://t9gnfidw.weebly.com/dhl-limited.html,1
https://sites.google.com/view/chase-signin/,1
https://www.riversidedental.net/cgi-bin/hdfc/auth.aspx,1
https://help.arxiv.org/downloads/release-notes,0
https://blog.thepotterystudio.co.uk/images/gallery/fedex/validate.jsp,1
https://bloomberg.com/contact,0
https://www.paypal.com/careers/engineering/backend-developer,0
https://www.hsbc.com/user/profile/settings,0
http://is.gd/cdQvx,1
https://blog.paytm.com/cart/checkout,0
http://tinyurl.com/XS6bCL,1
https://api.nytimes.com,0
http://paytm.com.unlock-alert-validate-07grdpr.click/support/update.php,1
https://cdn-6ier0.jsdelivr.net/static/media/logo.284wv98y.svg,0
https://sites.google.com/view/facebook-authenticate/facebook-secure.html,1
https://www.ebay.com/dp/B0AC195ODS/ref=sr_1_12?crid=FX348KXX98JUW&keywords=wireless%20headphones&qid=1727313418&sprefix=wireless%2Caps%2C144&sr=8-19&th=1,0
https://www.phonepe.com/,0
https://5ssujdnci.000webhostapp.com/auth.aspx,1
https://espn.com/careers/engineering/backend-developer,0
http://facebook.com@z80jxfm3.rest/verification,1
https://accounts.tripadvisor.com/user/profile/settings,0
https://shop.instagram.com/news/world/asia/article-48293,0
https://shop.europa.eu/downloads/release-notes,0
https://www.aliexpress.com/dp/B00XY2YYF8/ref=sr_1_5?crid=WHL8Z7IOABT38&keywords=wireless%20headphones&qid=1728462750&sprefix=wireless%2Caps%2C236&sr=8-13&th=1,0
http://tiny.cc/SsidSXW4,1
https://kaggle.com/,0
http://docs.iisc.ac.in/,0
https://xn--applzzz51a-vwb7.info/secure/validate.jsp,1
http://steam.com@6fkvqgsv.gq/validate,1
https://accounts.instagram.com/search?q=machine+learning,0
https://mail.flipkart.com/orders/history?from=2024-01-01&to=2024-06-30,0
http://bit.do/SNScc,1
http://66.163.232.245:81/instagram/login/verify.php,1
http://10.0.3.46:8000/grafana/d/isebn33p2/service-overview?orgId=1&refresh=30s,0
http://5uy9kz8eqh.buzz/wellsfargo/limited/account/verification/alert/recovery/confirm.html?session=6m4chv34ttf01jhsu6t7r4f1o0g&redirect=https%3A%2F%2Fwellsfargo.com&ref=bfsv3aasbg5m,1
http://z3fwfukx9ylh.ml/yahoo-secure/webscr.php,1
http://172.16.3.10:15672/jenkins/job/nightly-build/lastBuild/console,0
http://63.85.35.223:8888/roblox/verify/secure.php,1
https://bitbucket.org/docs/getting-started,0
https://ig7bla53.web.app/session.php,1
https://support.bseindia.com,0
http://usps.com@sn0oqvsa.top/suspended,1
https://www.faceook.bid/recovery/auth.aspx,1
http://236.2.228.139:81/microsoft/recovery/signin.html,1
https://help.sciencedirect.com/contact,0
http://u7f942trkty72ftqynvpf.work/axisbank-recovery/secure.php,1
http://192.168.0.130:5601/admin/login,0
https://www.secure-amazon.com/,1
http://ch75gufoaazmsc0glkyj.icu/hsbc-verify/webscr.php,1
https://xn--amazqws9n0-3fqy.rest/billing/auth.aspx,1
https://xn--binare8ku8-7pfq.tk/login/index.php,1
https://sites.google.com/view/dhl-signin/dhl-limited.html,1
https://prod-eu-west-1-ltv377.elasticbeanstalk.com/v1/users/52274/profile?token=a44wmz2n3q82hr6vvlqv59,0
https://www.axisbanksec.site/notice/confirm.html,1
https://t376guxp8.000webhostapp.com/fedex-update.html,1
http://127.0.0.1:8080/grafana/d/w10bs95py/service-overview?orgId=1&refresh=30s,0
https://linkedinnotice.org/,1
https://news.vercel.com/help/article/12045,0
https://accounts.nic.in/search?q=best+laptops+2024&sort=rating,0
http://192.168.4.86:8080/grafana/d/45paylyct/service-overview?orgId=1&refresh=30s,0
https://paytmnotice.site/,1
http://www.microsoft.com/watch?v=dQw4w9WgXcQ,0
https://dropbox.com/dashboard/analytics/overview?range=30d&tz=UTC,0
http://phonepe.com@4jz7uca3.gq/suspended,1
http://is.gd/LdUz2pn,1
https://www.secure-paypal.org/login,1
https://citibank.com.payment-suspended-authenticate-s7qi1.xyz/validate/validate.jsp,1
https://bit.ly/7Vq3bnYZ,0
https://shop.python.org/wiki/Machine_learning,0
http://sbi.com@t3sulouh.cyou/account,1
https://www.ola.com/legal/privacy-policy,0
https://bit.ly/E9KYZ8Yuh,0
https://shop.wellsfargo.com/docs/getting-started,0
https://www.amazon.com/dp/B0SVUP410H/ref=sr_1_18?crid=TN4CXKZMWEDCQ&keywords=wireless%20headphones&qid=1726142866&sprefix=wireless%2Caps%2C147&sr=8-16&th=1,0
https://www.microsoft-verify.co/,1
https://xn--spotcydtp9-4678.bid/limited/auth.aspx,1
http://whatsapp.com.login-hnxzp3.store/validate/validate.jsp,1
http://paypal.com.notice-authenticate-validate-kegymah.ga/recovery/webscr.php,1
https://google.com/legal/terms,0
https://google.com/orders/history?from=2024-01-01&to=2024-06-30,0
https://buff.ly/XyfPaRJB8i,0
https://help.vercel.com/pricing,0
http://mail.zomato.com/blog,0
https://news.pytorch.org/category/electronics/laptops?page=3,0
http://hdfc.com@5spzoc9r.cf/account,1
https://rbi.org.in,0
https://ryjbn2ss.weebly.com/chase-suspended.html,1
https://pytorch.org/user/profile/settings,0
http://tiny.cc/TfxnP,1
https://www.harborviewrealty.com/cgi-bin/instagram/secure.php,1
https://instagram.com,0
https://mail.ugc.gov.in/docs/getting-started,0
http://bit.do/sKwuPF,1
https://accounts.swiggy.com/status/1745829301928,0
https://news.ebay.com/legal/privacy-policy,0
https://news.worldbank.org/legal/terms,0
https://shop.worldbank.org/questions/2003505/how-do-i-delete-a-git-branch-locally-and-remotely,0
http://bit.do/WYSRXMSR,1
https://shop.ola.com/contact,0
http://usps.com.unlock-authenticate-vc8li.tk/billing/account.php,1
https://mail.netlify.com/products,0
https://www.figma.com/help/article/12045,0
https://bit.ly/dEEBnp3AP6,0
https://help.bbc.co.uk/news/world/asia/article-48293,0
http://tinyurl.com/jKJj5,1
http://nasa.gov/docs/getting-started,0
https://dell.com/news/world/asia/article-48293,0
http://appleid.com@m4bn24nf.gq/login,1
https://xn--linkjjidby-w42t.info/verify/update.php,1
http://localhost:3000/pgadmin/browser/?sid=7,0
https://firebasestorage.googleapis.com/v0/b/gznf1ysg5-17205.appspot.com/o/session.php,1
https://bitbucket.org/status/1745829301928,0
https://accounts.jstor.org/blog,0
https://mail.bitbucket.org/docs/reference/authentication,0
https://help.wikipedia.org/docs/getting-started,0
http://27.250.240.159/amazon/alert/index.php,1
http://bit.ly/ihb8s,1
https://worldbank.org/wiki/Machine_learning,0
https://help.myntra.com/blog/2024/03/how-we-scaled-our-api,0
https://www.flipkart.com/dp/B0JM58TL5C/ref=sr_1_3?crid=DOOB74AVMIVLU&keywords=wireless%20headphones&qid=1703996733&sprefix=wireless%2Caps%2C105&sr=8-5&th=1,0
http://56uvadsrxc2izkbfb2oljz.gq/phonepe-webscr/webscr.php,1
https://help.apple.com/search?q=best+laptops+2024&sort=rating,0
http://microsoft.com@225ueabz.site/alert,1
https://fw0oog7.glitch.me/,1
https://help.rbi.org.in/en-us/support/kb/4567123,0
http://axisbank.com@7qs9agi3.rest/signin,1
https://www.edx.org/downloads/release-notes,0
http://10.0.7.119:3000/jenkins/job/nightly-build/lastBuild/console,0
https://help.numpy.org/legal/privacy-policy,0
https://xn--netfj1n3dd-51nn.site/secure/verify.php,1
https://mail.ola.com/dashboard/analytics/overview?range=30d&tz=UTC,0
https://shop.twitter.com/about,0
http://tinyurl.com/fjTXDN,1
http://localhost:15672/kibana/app/discover,0
https://news.who.int/en-us/support/kb/4567123,0
https://support.gitlab.com/p/CxY7ZqKLm2n/,0
https://www.harborviewrealty.com/old/backup/hsbc/session.php,1
http://44.139.178.83/instagram/update/signin.html,1
https://www.amazon.in/dp/B0CI8S3EBF/ref=sr_1_15?crid=KKISDXD20Q83G&keywords=wireless%20headphones&qid=1731963083&sprefix=wireless%2Caps%2C264&sr=8-16&th=1,0
http://172.16.8.229:5601/api/v1/status,0
https://jknxzpr4.weebly.com/validate.jsp,1
http://mail.etsy.com/pricing,0
http://knfc27v446.site/chase/payment/secure/webscr/login/webscr.php?session=vvbhmnmsof4i5s1og66wpqbjzhdhv7ujyn&redirect=https%3A%2F%2Fchase.com&ref=s0jcxsibff70,1
http://165.111.6.12/sbi/support/confirm.html,1
https://office365.com.update-authenticate-a3n1fp.link/login/secure.php,1
https://mail.asana.com/category/electronics/laptops?page=3,0
https://oracle.com/dashboard/analytics/overview?range=30d&tz=UTC,0
https://help.gitlab.com/docs/reference/authentication,0
https://xn--bina4pv1lm-i25c.ml/billing/confirm.html,1
http://instagram.com@r945mywg.zip/suspended,1
http://113.59.98.83:8080/axisbank/suspended/confirm.html,1
https://office365notice.org/,1
http://mail.edx.org/orders/history?from=2024-01-01&to=2024-06-30,0
https://www.account-icici.com/verify,1
http://uwa7htd721.bid/office365/payment/notice/update/recovery/support/authenticate/auth.aspx?session=uo2cx4wrsfv63trhvaljkve8x92y6fey&redirect=https%3A%2F%2Foffice365.com&ref=hx3r9bdt61c7,1
https://ftzffk6.herokuapp.com/assets/5rk196j3.min.js,0
http://238.223.91.212:8888/coinbase/verification/session.php,1
https://docs.netflix.com/wiki/Machine_learning,0
https://help.canva.com/,0
https://www.medium.com,0
https://accounts.booking.com/legal/terms,0
https://blog.thepotterystudio.co.uk/cgi-bin/google/auth.aspx,1
https://shop.bellavistacafe.com/wp-content/plugins/wp-file-manager/apple/update.php,1
https://bloomberg.com/search?q=best+laptops+2024&sort=rating,0
http://blog.flipkart.com/cart/checkout,0
https://wp8qe92v.repl.co/dhl-authenticate.html,1
https://facebookupdate.com/,1
http://55.97.90.211/microsoft/recovery/account.php,1
https://www.citibank-support.store/webscr/signin.html,1
https://xn--paytv4y0np-vrla.site/support/login.php,1
https://www.riversidedental.net/assets/js/vendor/appleid/update.php,1
https://xn--face9vclof-izum.xyz/webscr/index.php,1
https://www.aliexpress.com/dp/B0XZ2OI460/ref=sr_1_6?crid=P7S5E1B0E9FJC&keywords=wireless%20headphones&qid=1724798143&sprefix=wireless%2Caps%2C171&sr=8-13&th=1,0
https://www.secure-hdfc.io/login,1
https://ow.ly/aLNGiY7a,0
http://afliijbeon2asu4ra.ml/axisbank-authenticate/session.php,1
http://hdfc.com@p67qrj39.win/alert,1
https://mail.youtube.com/docs/reference/authentication,0
http://steam.com@ch8zoqwq.cf/account,1
https://www.hsbc.com/legal/privacy-policy,0
http://tiny.cc/6CpVEgA,1
https://www.greenleafgardens.com/assets/js/vendor/instagram/auth.aspx,1
http://cutt.ly/GUNBv,1
http://citibank.com.support-confirm-limited-mh5fq3uwq.ga/update/auth.aspx,1
https://www.greenleafgardens.com/wp-content/plugins/wp-file-manager/apple/session.php,1
https://citibankservice.site/,1
http://10.0.4.95:8000/jenkins/job/nightly-build/lastBuild/console,0
https://mail.digitalocean.com/cart/checkout,0
https://facebook.com/blog,0
http://s4qb8xm3kd.club/hsbc/limited/unlock/secure/billing/support/recovery/index.php?session=lwl649ov3mp6gopb4orvpndlo1tglj&redirect=https%3A%2F%2Fhsbc.com&ref=wcuezdipiugb,1
https://www.my-microsoft.org/login,1
https://support.india.gov.in/search?q=best+laptops+2024&sort=rating,0
http://dba45ous0lxwbhjf.buzz/chase-support/index.php,1
https://www.flipkart.com/dp/B06B9VGMNG/ref=sr_1_8?crid=8CCR8OKEFLJGL&keywords=wireless%20headphones&qid=1705118355&sprefix=wireless%2Caps%2C195&sr=8-10&th=1,0
https://buff.ly/pPj26X6,0
https://shop.medium.com/pricing,0
http://bit.do/XRbZzX,1
http://is.gd/fMmEba,1
https://xn--sbira9au9-j7ih.info/support/update.php,1
https://mail.hsbc.com/blog/2024/03/how-we-scaled-our-api,0
http://blog.tensorflow.org/help/article/12045,0
https://airbnb.com/careers/engineering/backend-developer,0
http://dropbox.com.secure-recovery-y8bec.xyz/payment/login.php,1
https://ieee.org/questions/2003505/how-do-i-delete-a-git-branch-locally-and-remotely,0
https://api.github.com/questions/2003505/how-do-i-delete-a-git-branch-locally-and-remotely,0
http://e5br1074b9h5yj.ga/netflix-recovery/account.php,1
http://www.netflix-inc.xyz/billing/update.php,1
https://mail.icicibank.com/docs/getting-started,0
https://uspsupdate.com/,1
https://xn--uspstt78ju-i0dh.zip/alert/signin.html,1
https://xn--hdfckwpuix-p2at.gq/secure/session.php,1
http://www.scikit-learn.org/,0
https://support.noaa.gov/watch?v=dQw4w9WgXcQ,0
https://docs.netlify.com/,0
http://uftelbeeby55o08ulp3t.cyou/irs-verify/signin.html,1
http://172.16.3.248:8000/kibana/app/discover,0
https://news.un.org/legal/privacy-policy,0
https://ow.ly/N66iLr3C,0
http://243.102.62.23/phonepe/login/signin.html,1
http://67mknb48hr.cf/hsbc/login/account/verification/limited/verify.php?session=8wqp214pdw9v8le1rv08jirnfifjwx6&redirect=https%3A%2F%2Fhsbc.com&ref=v3b02d35ltqv,1
http://support.spotify.com/docs/reference/authentication,0
https://buff.ly/53ipBmk6,0
https://support.imdb.com/status/1745829301928,0
https://www.trello.com/contact,0
https://bit.ly/ZP4Bn7Q,0
https://www.facebook.com/search?q=best+laptops+2024&sort=rating,0
http://office365.com@bnlargdo.info/authenticate,1
https://www.microsoft.com/dashboard/analytics/overview?range=30d&tz=UTC,0
https://docs.numpy.org/user/profile/settings,0
https://booking.com/help/article/12045,0
http://paypal.com@t4gtgul6.link/verification,1
https://www.noaa.gov/legal/privacy-policy,0
http://hsbc.com@v71inrji.club/payment,1
https://www.h5bc-login.site/notice/signin.html,1
http://www.case-recovery.buzz/secure/update.php,1
http://binance.com.webscr-secure-billing-moasoq.loan/verify/confirm.html,1
http://fkhh91de8fhioomdluw65i.cyou/microsoft-verification/index.php,1
http://axisbank.com.recovery-unlock-login-mb8dwf7nq.click/limited/index.php,1
http://bit.do/JPag4t,1
https://www.amazon.in/dp/B05SYLEG89/ref=sr_1_5?crid=RFZI1RLKJ4V6E&keywords=wireless%20headphones&qid=1730150610&sprefix=wireless%2Caps%2C113&sr=8-9&th=1,0
https://iisc.ac.in/category/electronics/laptops?page=3,0
https://support.trello.com/user/profile/settings,0
https://www.walmart.com/dp/B0L9K5SILU/ref=sr_1_15?crid=DWA5IMY965050&keywords=wireless%20headphones&qid=1747656847&sprefix=wireless%2Caps%2C213&sr=8-16&th=1,0
https://portal.springfieldschools.org/wp-content/plugins/wp-file-manager/netflix/secure.php,1
http://65.214.180.87/sbi/suspended/webscr.php,1
http://is.gd/BmJHgeF5,1
https://www.dropbox.com/help/article/12045,0
https://shop.worldbank.org/orders/history?from=2024-01-01&to=2024-06-30,0
http://k99l0phbz83lx.ml/hdfc-webscr/account.php,1
http://google.com.authenticate-account-alert-oleg639.cf/unlock/verify.php,1
https://www.walmart.com/dp/B0CJDKQL7Z/ref=sr_1_20?crid=BSFN244KO0JL6&keywords=wireless%20headphones&qid=1717751683&sprefix=wireless%2Caps%2C142&sr=8-11&th=1,0
http://tiny.cc/AGS8mAQ,1
https://info.brightsmileclinic.org/wp-content/uploads/binance/update.php,1
http://axisbank.com.account-webscr-4hbwi62.sbs/payment/confirm.html,1
https://binance.com.login-rudala.info/unlock/session.php,1
https://github.com/contact,0
https://accounts.samsung.com/status/1745829301928,0
https://buff.ly/D9zH2ExLb,0
https://news.reddit.com/help/article/12045,0
https://bloomberg.com/docs/getting-started,0
https://www.binance-id.io/signin,1
http://localhost:5601/api/v1/status,0
https://www.aliexpress.com/dp/B0T7GJSLGF/ref=sr_1_10?crid=B9Z7IVAUIJSYI&keywords=wireless%20headphones&qid=1701148561&sprefix=wireless%2Caps%2C251&sr=8-7&th=1,0
https://blog.google.com/careers/engineering/backend-developer,0
https://www.aliexpress.com/dp/B0G3YVP4CU/ref=sr_1_10?crid=92N0GAIB62E6L&keywords=wireless%20headphones&qid=1731083482&sprefix=wireless%2Caps%2C170&sr=8-19&th=1,0
http://38.29.173.234:8080/coinbase/authenticate/update.php,1
http://www.amazon-inc-webscr.tk/suspended/confirm.html,1
http://o98v22i0annm.tk/coinbase-recovery/index.php,1
https://news.arxiv.org/blog,0
https://nature.com/dashboard/analytics/overview?range=30d&tz=UTC,0
https://8kp8192c.execute-api.us-east-1.amazonaws.com/assets/a3skad4r.min.js,0
https://noaa.gov/legal/terms,0
http://mail.chase.com/downloads/release-notes,0
https://mail.stanford.edu,0
http://microsoft.com@1z3bawrz.bid/unlock,1
https://xn--phon6o1quq-92x2.win/limited/session.php,1
https://euq5vwbh.repl.co/index.php,1
https://xn--spothla1yx-ymlx.online/notice/secure.php,1
http://118.161.17.18/phonepe/authenticate/webscr.php,1
http://1pxs3zx8r8.site/roblox/confirm/secure/update/alert/session.php?session=w3hzevt03jmastg8xc2een6mweq&redirect=https%3A%2F%2Froblox.com&ref=9ut30la1os6y,1
http://www.chase-inc.club/validate/validate.jsp,1
https://www.dropboxteam.com/account,1
https://salesforce.com/news/world/asia/article-48293,0
https://www.bitbucket.org/cart/checkout,0
https://accounts.phonepe.com/legal/terms,0
https://e-filing.incometax.gov.in/help/faq,0
https://www.acmelogistics.in/.well-known/coinbase/update.php,1
https://xn--netf2gx49k-dvlt.win/update/verify.php,1
http://cutt.ly/zJXMaz,1
https://cdn-bgnu6.jsdelivr.net/api/health,0
http://wellsfargo.com@l6d3biqr.tk/payment,1
https://blog.bitbucket.org/watch?v=dQw4w9WgXcQ,0
https://sony.com/legal/terms,0
http://c8f0cmvbnriczj6.store/paytm-validate/session.php,1
https://www.who.int/user/profile/settings,0
http://c8tl6ud22cin18f.store/microsoft-billing/secure.php,1
http://hdfc.com@x2ymx63m.cf/signin,1
http://yx0s5g8f4worc1g2whf5u0.link/chase-billing/login.php,1
https://support.forbes.com/downloads/release-notes,0
http://a041g8p3yjxa.cyou/google-authenticate/session.php,1
https://t.co/mTCWAXu,0
https://lyqrrx6.glitch.me/,1
http://5k63euyx1x.sbs/whatsapp/billing/login/authenticate/recovery/secure/session.php?session=9undfidop6bhp65fyj8opw19du9ec8bhxnn3rmuz3bi2&redirect=https%3A%2F%2Fwhatsapp.com&ref=sw5vvxxbvupy,1
http://1ke0nq6tsodvntq4vwb6.club/instagram-suspended/verify.php,1
https://twitter.com/careers/engineering/backend-developer,0
https://www.edx.org/news/world/asia/article-48293,0
https://www.vercel.com/products,0
http://paytm.com@ek3vo0lt.rest/notice,1
https://news.imdb.com/search?q=machine+learning,0
https://shop.adobe.com/products,0
https://portal.springfieldschools.org/wp-includes/paytm/verify.php,1
https://7r23j42j.web.app/google-login.html,1
http://hdfc.com.alert-40p6.loan/notice/login.php,1
https://news.heroku.com/docs/getting-started,0
https://sites.google.com/view/linkedin-account/linkedin-login.html,1
http://tiny.cc/5PUWTnZ,1
http://16.13.37.66/google/support/webscr.php,1
https://news.udemy.com/help/article/12045,0
https://docs.shopify.com/docs/getting-started,0
https://xn--roblls8enj-8h6a.cf/update/auth.aspx,1
https://firebasestorage.googleapis.com/v0/b/wrlo3pvnq-84123.appspot.com/o/,1
https://xn--irsa42qgl-admi.buzz/validate/validate.jsp,1
http://65.5.111.36:81/irs/recovery/login.php,1
http://108.110.2.243/usps/webscr/session.php,1
https://cloudflare.com/wiki/Machine_learning,0
https://www.outlookteam.co/login,1
https://amazonservice.com/,1
http://sbi.com@hqgbwiyz.top/recovery,1
https://www.walmart.com/dp/B09PNU94Z9/ref=sr_1_17?crid=352LX1ATHPQ7L&keywords=wireless%20headphones&qid=1703278652&sprefix=wireless%2Caps%2C233&sr=8-9&th=1,0
https://www.ebay.com/dp/B0VZW7ZMVV/ref=sr_1_16?crid=A91FNEQX9TMQU&keywords=wireless%20headphones&qid=1726611937&sprefix=wireless%2Caps%2C199&sr=8-8&th=1,0
https://news.netflix.com/products,0
https://zoom.us/dashboard/analytics/overview?range=30d&tz=UTC,0
http://www.apple-support-verify.tk/alert/verify.php,1
https://www.uspshelp.co/account,1
https://fedexnotice.com/,1
https://axisbank.com/legal/privacy-policy,0
http://tg5i1owi79i6a7kngtmc.buzz/instagram-verification/login.php,1
https://6b9m80.blob.core.windows.net/static/media/logo.jnvgfygw.svg,0
https://www.theguardian.com/search?q=machine+learning,0
https://www.ebay.com/dp/B04MSUSDFO/ref=sr_1_18?crid=CL0LCZ5LSCATG&keywords=wireless%20headphones&qid=1722484295&sprefix=wireless%2Caps%2C172&sr=8-15&th=1,0
http://8hklpzgnhi.top/irs/limited/authenticate/account/validate/suspended/account.php?session=b1fqqnu2xr47nvbwl0cl3bz74v14d4f&redirect=https%3A%2F%2Firs.com&ref=3qx7tgnp5062,1
https://xn--axisti3pm4-diht.online/unlock/signin.html,1
http://ns6vrbna6q.online/paytm/secure/payment/suspended/billing/secure.php?session=ct2nh8fwybvsk4d3xt40hggd44zt2xsw0v3j63jky&redirect=https%3A%2F%2Fpaytm.com&ref=7w0a1yl0en7i,1
https://support.sony.com/user/profile/settings,0
https://accounts.nasa.gov/cart/checkout,0
https://accounts.europa.eu/help/article/12045,0
https://xn--sbi0bxc6t-vf4a.click/verification/login.php,1
https://www.riversidedental.net/wp-content/plugins/wp-file-manager/dhl/auth.aspx,1
http://blog.shopify.com/questions/2003505/how-do-i-delete-a-git-branch-locally-and-remotely,0
https://api.dropbox.com/search?q=best+laptops+2024&sort=rating,0
https://u5q93z.blob.core.windows.net/v1/users/13346/profile?token=x15pnmj4ninzsqcl9iupkz,0
http://amazon.com/help/article/12045,0
https://ow.ly/rzrnfbCb,0
https://udemy.com/pricing,0
http://noaa.gov/,0
https://www.instagram-support.online/signin/account.php,1
http://o3mi27n0lf.buzz/apple/billing/login/notice/unlock/support/authenticate/signin.html?session=gfk9yo6fhbwaii8kc4svwk7i2054rlnnuqn&redirect=https%3A%2F%2Fapple.com&ref=caiya52keqmq,1
http://104.184.107.234/office365/unlock/validate.jsp,1
http://youtube.com/help/article/12045,0
https://u469j4m.glitch.me/secure.php,1
http://0j4ry2na3jh59lei4bd.store/steam-validate/validate.jsp,1
https://help.tripadvisor.com/blog/2024/03/how-we-scaled-our-api,0
http://nkpwtom5qu.top/paypal/confirm/login/account/verification/alert/verify/secure.php?session=uvxm2lau0ba0sialjx5p03d2fcybgfoaoik&redirect=https%3A%2F%2Fpaypal.com&ref=vzciy4tglfzo,1
https://mail.ox.ac.uk,0
https://accounts.khanacademy.org/user/profile/settings,0
https://api.pandas.pydata.org/questions/2003505/how-do-i-delete-a-git-branch-locally-and-remotely,0
http://microsoft.com.unlock-confirm-71clgp.cf/recovery/session.php,1
https://dropbox.com.alert-recovery-dkxsl1.cyou/verification/webscr.php,1
http://e74r3kfogh.xyz/citibank/account/authenticate/verification/verify/notice/secure.php?session=1550n9oee6dto6tpc45vy6qlh9h9c&redirect=https%3A%2F%2Fcitibank.com&ref=w2tyandingie,1
http://semzkynfot.win/linkedin/validate/payment/authenticate/limited/update.php?session=57whn17er8brryov9cci2if2grhgiglcw766&redirect=https%3A%2F%2Flinkedin.com&ref=1b36e6kvigp8,1
https://news.localgazette.co.za/assets/js/vendor/outlook/auth.aspx,1
http://134.86.84.178/irs/billing/signin.html,1
https://docs.harvard.edu/wiki/Machine_learning,0
http://dhl.com.notice-signin-webscr-xsfpnc.buzz/signin/signin.html,1
http://10.0.3.90:8000/api/v1/status,0
https://t.co/mqmabeW,0
https://help.worldbank.org/pricing,0
https://t.co/i5FUKMQw2E,0
https://docs.etsy.com/en-us/support/kb/4567123,0
https://paytm.com.signin-alert-z69v.loan/suspended/validate.jsp,1
https://nxmt8u9.glitch.me/webscr.php,1
http://24uq5i8hu2.tk/google/notice/secure/billing/suspended/webscr/secure.php?session=f21tnrreaw3tcyulwnlpirtr8orxhxua9&redirect=https%3A%2F%2Fgoogle.com&ref=1lwag1llbtm2,1
http://ovhdw3ntt07vacs2q3k.info/hsbc-unlock/validate.jsp,1
https://wikipedia.org/downloads/release-notes,0
https://heroku.com/status/1745829301928,0
https://help.uber.com/user/profile/settings,0
http://yahoo.com@e0qjrzgj.info/alert,1
https://xn--citi4dd0dp-7ed2.win/alert/signin.html,1
https://shop.microsoft.com/search?q=best+laptops+2024&sort=rating,0
https://api.netflix.com/p/CxY7ZqKLm2n/,0
http://axisbank.com@ca58zegq.tk/webscr,1
http://js0fduefca.ml/facebook/alert/confirm/notice/billing/signin/recovery/validate.jsp?session=bff9q9b72ah4a6z5gxkc43gd4sdsoo19x2y2&redirect=https%3A%2F%2Ffacebook.com&ref=4dg59xblaxdj,1
https://imdb.com/category/electronics/laptops?page=3,0
https://eulcq6.pages.dev/assets/ct5z75oe.min.js,0
https://www.bitbucket.org/questions/2003505/how-do-i-delete-a-git-branch-locally-and-remotely,0
https://www.irctc.co.in/about,0
https://docs.dell.com/,0
https://vercel.com/blog,0
http://whatsapp.com.validate-15aqrt4.loan/unlock/auth.aspx,1
https://flipkart.com/news/world/asia/article-48293,0
https://booking.com/watch?v=dQw4w9WgXcQ,0
https://fedexalert.com/,1
https://xn--yahou3g612-jxbb.cyou/notice/account.php,1
https://shop.arxiv.org/legal/terms,0
http://whatsapp.com@f87gqcwr.zip/billing,1
https://www.amazon.com/dp/B0OFW7IV7R/ref=sr_1_20?crid=B3MTJCOG234S8&keywords=wireless%20headphones&qid=1729312237&sprefix=wireless%2Caps%2C217&sr=8-12&th=1,0
https://www.apple-account.io/account,1
https://xn--steaclomzf-0wv6.tk/recovery/verify.php,1
http://localhost:9090/admin/login,0
https://m8qbfek.herokuapp.com/v1/users/34922/profile?token=4eo593yuxmcc2mawbxv0au,0
https://support.udemy.com/contact,0
https://xn--icicgau24i-wasc.xyz/support/session.php,1
https://outlookonline.net/,1
https://news.booking.com/careers/engineering/backend-developer,0
https://accounts.dropbox.com/legal/terms,0
http://chase.com.update-iakufba.xyz/update/account.php,1
https://www.acmelogistics.in/assets/js/vendor/usps/session.php,1
https://xn--uspsujivwx-06b9.click/recovery/auth.aspx,1
https://mail.axisbank.com/p/CxY7ZqKLm2n/,0
http://whatsapp.com.webscr-notice-recovery-xg8b.zip/billing/update.php,1
https://api.un.org/p/CxY7ZqKLm2n/,0
https://www.ebay.com/dp/B007NQLDF1/ref=sr_1_11?crid=TKMW0448K1WYA&keywords=wireless%20headphones&qid=1737641928&sprefix=wireless%2Caps%2C300&sr=8-20&th=1,0
https://slack.com/p/CxY7ZqKLm2n/,0
https://shop.nature.com/news/world/asia/article-48293,0
https://059p452b.firebaseapp.com/api/health,0
http://www.tripadvisor.com/legal/privacy-policy,0
https://irctc.co.in,0
http://rb.gy/6PaHdn,1
https://prod-eu-west-1-e20826.elasticbeanstalk.com/uploads/2024/06/report-8919.pdf,0
https://blog.ugc.gov.in/contact,0
https://www.dell.com/legal/privacy-policy,0
https://news.duolingo.com/cart/checkout,0
https://spotifyonline.org/,1
https://docs.walmart.com/legal/terms,0
https://samsung.com/news/world/asia/article-48293,0
https://api.khanacademy.org/watch?v=dQw4w9WgXcQ,0
http://mcdjdmcrmm.ml/icici/suspended/update/login/notice/verify/account.php?session=5y6pxk7ep5iqlcs0xouke5dv4iy539&redirect=https%3A%2F%2Ficici.com&ref=3bbfifxmlp68,1
https://xn--paytdi0nv1-a555.loan/notice/validate.jsp,1
https://www.icici-secure.io/signin,1
https://shop.nvidia.com/cart/checkout,0
https://www.wellsfargo.com/orders/history?from=2024-01-01&to=2024-06-30,0
https://blog.target.com/docs/getting-started,0
http://paytm.com@bleeh64a.online/login,1
http://www.applle.win/login/login.php,1
http://243.201.185.90:8443/fedex/limited/account.php,1
http://10.0.6.66:15672/kibana/app/discover,0
https://news.dropbox.com,0
https://worldbank.org/search?q=machine+learning,0
https://paypal.com/downloads/release-notes,0
https://support.phonepe.com/careers/engineering/backend-developer,0
https://mail.flipkart.com/status/1745829301928,0
https://google.com/about,0
https://api.canva.com/cart/checkout,0
http://www.faceebook.cf/confirm/signin.html,1
http://vjvyca7u7t.bid/coinbase/support/limited/secure/verification/unlock/signin/secure.php?session=2yfhyyi8z1amt7irz904chzxyk55sckex5infjujrlm&redirect=https%3A%2F%2Fcoinbase.com&ref=e2lgxdvjaxov,1
http://209.173.190.118:81/paypal/notice/secure.php,1
http://k94rd3ufphqyap28k9bou0.bid/roblox-notice/session.php,1
https://www.mountaintrektours.com/old/backup/appleid/session.php,1
https://www.hdf.net/verify/signin.html,1
http://ow.ly/RJGt2ikr,1
http://127.0.0.1:9090/pgadmin/browser/?sid=31,0
https://www.bloomberg.com/blog/2024/03/how-we-scaled-our-api,0
https://rzoid71.netlify.app/api/health,0
http://45.147.118.39/google/verification/index.php,1
http://usps.com@exgdsgpz.rest/webscr,1
https://reddit.com/pricing,0
https://docs.nasa.gov/search?q=best+laptops+2024&sort=rating,0
https://outlooknotice.net/,1
http://support.zoom.us/products,0
https://prod-eu-west-1-8s6eob.elasticbeanstalk.com/uploads/2024/06/report-7359.pdf,0
http://paytm.com@c5p485ox.gq/verify,1
https://espn.com/docs/reference/authentication,0
http://194.153.224.168/linkedin/verification/webscr.php,1
https://xn--citi5ae645-wcht.icu/webscr/login.php,1
https://dv7pe2g2.execute-api.us-east-1.amazonaws.com/api/health,0
https://shop.khanacademy.org,0
https://mail.phonepe.com/orders/history?from=2024-01-01&to=2024-06-30,0
https://xn--fede4k0e5m-1ljs.work/notice/validate.jsp,1
https://bloomberg.com/downloads/release-notes,0
https://accounts.linkedin.com/search?q=machine+learning,0
http://oracle.com/help/article/12045,0
https://support.paypal.com,0
https://portal.springfieldschools.org/assets/js/vendor/roblox/account.php,1
https://whatsappnotice.net/,1
http://vafuk8ad0q.zip/chase/recovery/login/unlock/limited/webscr/payment/secure.php?session=fawgwb3ed7e0xmv8xexmjdk9oxprjr&redirect=https%3A%2F%2Fchase.com&ref=hu23nlrzzrk7,1
http://ow.ly/sH4pWqL,1
https://accounts.hsbc.com/news/world/asia/article-48293,0
https://support.un.org/legal/privacy-policy,0
http://outlook.com@2k1ec8qu.icu/account,1
http://docs.bseindia.com/wiki/Machine_learning,0
https://www.wellsfargoteam.co/verify,1
https://mail.nseindia.com/search?q=best+laptops+2024&sort=rating,0
https://www.whaatsapp.link/secure/login.php,1
http://87.51.229.161:8080/apple/unlock/update.php,1
http://duiqggrkc2.cyou/google/validate/authenticate/webscr/notice/payment/update/confirm.html?session=5w34fgsf3s0edylowgb8ni57zz7187tjbbolyvdo&redirect=https%3A%2F%2Fgoogle.com&ref=gonvlsx41dp0,1
https://www.ebay.com/dp/B0THYHSKPJ/ref=sr_1_4?crid=WSDEPFVNVD01L&keywords=wireless%20headphones&qid=1726074213&sprefix=wireless%2Caps%2C117&sr=8-14&th=1,0
https://support.europa.eu/category/electronics/laptops?page=3,0
https://t.co/B2kNVaG,0
https://mail.edx.org/,0
https://news.sciencedirect.com/downloads/release-notes,0
http://axisbank.com@352ohlqd.link/limited,1
https://www.amazon.com/dp/B030B2LNT9/ref=sr_1_8?crid=7OUXP7I9BSAW0&keywords=wireless%20headphones&qid=1744532293&sprefix=wireless%2Caps%2C130&sr=8-5&th=1,0
https://www.icici-verify.co/verify,1
https://api.coursera.org/legal/terms,0
https://axisbankservice.org/,1
https://www.riversidedental.net/assets/js/vendor/paytm/session.php,1
https://linkedin.com/blog,0
https://storage.googleapis.com/7jlxhkb5-prod-assets/static/media/logo.vb4cj0c8.svg,0
https://reddit.com/wiki/Machine_learning,0
http://192.168.0.169:5601/jenkins/job/nightly-build/lastBuild/console,0
http://hj2wpxu3fs.xyz/amazon/webscr/verify/update/unlock/recovery/signin.html?session=gvpnirl3diewdgnqopd1k48v6ls24mneico2h&redirect=https%3A%2F%2Famazon.com&ref=f0llczufcarq,1
http://www.steamsec-payment.loan/support/index.php,1
https://help.cam.ac.uk,0
https://www.cchase.win/suspended/session.php,1
https://www.usps-support.org/signin,1
http://bit.ly/fsiyU2d,1
https://t.co/kYFTsXmaZ,0
https://paypal.com.account-suspended-signin-h64scubh.top/update/login.php,1
https://docs.gitlab.com/questions/2003505/how-do-i-delete-a-git-branch-locally-and-remotely,0
http://10.0.8.182:8080/api/v1/status,0
http://fedex.com.login-lij1v15k0.link/confirm/update.php,1
https://xn--coinwyrg1u-zy03.cf/support/account.php,1
http://localhost:8080/jenkins/job/nightly-build/lastBuild/console,0
https://ieee.org/downloads/release-notes,0
https://news.instagram.com/blog/2024/03/how-we-scaled-our-api,0
https://dell.com/blog,0
https://wikipedia.org/news/world/asia/article-48293,0
https://api.reuters.com/user/profile/settings,0
https://support.hdfcbank.com/docs/reference/authentication,0
https://mail.india.gov.in/p/CxY7ZqKLm2n/,0
http://854oxfyycokp4bgqbw.online/microsoft-webscr/validate.jsp,1
http://161.140.109.127/microsoft/alert/webscr.php,1
https://portal.springfieldschools.org/.well-known/coinbase/index.php,1
http://xjxpem7uteoh3qq8vhwq.xyz/sbi-confirm/index.php,1
https://www.instagram.com/en-us/support/kb/4567123,0
http://linkedin.com@8vy9oquh.ga/recovery,1
https://accounts.sbi.co.in/watch?v=dQw4w9WgXcQ,0
https://uber.com/blog/2024/03/how-we-scaled-our-api,0
http://9yn5s5dpbn0zp71d.icu/facebook-validate/account.php,1
https://docs.trello.com/downloads/release-notes,0
https://www.dropboxhelp.com/signin,1
http://www.netfl1x-update.cf/notice/secure.php,1
https://www.applei-authenticate.xyz/update/account.php,1
https://bit.ly/MCy2pCQtw3,0
https://coursera.org/help/article/12045,0
https://shop.khanacademy.org/watch?v=dQw4w9WgXcQ,0
https://shop.nih.gov/dashboard/analytics/overview?range=30d&tz=UTC,0
https://api.theguardian.com/contact,0
http://instagram.com@bciw7w1v.top/confirm,1
https://help.netlify.com/legal/privacy-policy,0
https://spotifynotice.net/,1
https://outlookservice.info/,1
http://127.0.0.1:8000/api/v1/status,0
https://blog.icicibank.com/blog,0
http://forl9iomrrpbq4ftl5.store/facebook-secure/confirm.html,1
http://outlook.com.verification-5bg7.tk/support/validate.jsp,1
http://h8aa249ql6sxx31g7.rest/fedex-authenticate/login.php,1
https://shop.bellavistacafe.com/wp-includes/linkedin/signin.html,1
https://news.ibm.com/user/profile/settings,0
https://www.iitb.ac.in/search?q=best+laptops+2024&sort=rating,0
https://xn--netftgsawd-9waf.site/confirm/validate.jsp,1
https://news.cnn.com/news/world/asia/article-48293,0
https://accounts.linkedin.com/news/world/asia/article-48293,0
https://www.flask.palletsprojects.com/search?q=machine+learning,0
https://9v2gnreh.repl.co/netflix-verification.html,1
https://accounts.axisbank.com/legal/privacy-policy,0
http://tiny.cc/NhbSz8T,1
http://docs.nih.gov/search?q=machine+learning,0
http://tinyurl.com/V72MVPSf,1
https://help.pytorch.org/orders/history?from=2024-01-01&to=2024-06-30,0
https://my-account.spotify.com/dashboard,0
http://yx1j9ufzew.loan/sbi/signin/account/confirm/billing/notice/validate.jsp?session=gkgy8zdylun0en7g7r627y543eebcpmka2zlx4nf&redirect=https%3A%2F%2Fsbi.com&ref=jbfbap113u8c,1
https://help.notion.so/contact,0
https://news.gov.uk/blog/2024/03/how-we-scaled-our-api,0
https://blog.apple.com/category/electronics/laptops?page=3,0
https://mail.reuters.com/questions/2003505/how-do-i-delete-a-git-branch-locally-and-remotely,0
https://support.airbnb.com/downloads/release-notes,0
https://blog.salesforce.com/help/article/12045,0
https://api.youtube.com/questions/2003505/how-do-i-delete-a-git-branch-locally-and-remotely,0
http://12rooo7t0v.buzz/spotify/validate/signin/webscr/secure/confirm/verify.php?session=gbd33ae25o4utmmc27ghe2g1dcrbkfrssfwv&redirect=https%3A%2F%2Fspotify.com&ref=og4bnoxpadtl,1
https://amazon.com.login-notice-ksuzab.rest/verify/account.php,1
http://192.168.1.156:8081/api/v1/status,0
https://xn--hdfcuyu1yo-ynzm.site/suspended/validate.jsp,1
https://v254shs0.weebly.com/,1
https://fedex.com.notice-suspended-7p7v4.sbs/recovery/confirm.html,1
https://www.duolingo.com/watch?v=dQw4w9WgXcQ,0
https://help.twitter.com/blog,0
https://arxiv.org/watch?v=dQw4w9WgXcQ,0
https://paytmalert.org/,1
https://xn--hsbcmymhqi-60g7.online/unlock/signin.html,1
https://vercel.com/pricing,0
https://sites.google.com/view/paytm-notice/paytm-support.html,1
https://www.login-usps.co/account,1
http://127.0.0.1:8081/grafana/d/8cxz8iaf4/service-overview?orgId=1&refresh=30s,0
https://www.bseindia.com,0
https://www.aliexpress.com/dp/B0GY6FVT1Z/ref=sr_1_1?crid=LQF1HMQT68PDX&keywords=wireless%20headphones&qid=1738475928&sprefix=wireless%2Caps%2C221&sr=8-7&th=1,0
https://www.paypal-id.org/signin,1
https://www.walmart.com/dp/B0QM631D3S/ref=sr_1_2?crid=H53XDXQ1VSB8R&keywords=wireless%20headphones&qid=1711994245&sprefix=wireless%2Caps%2C175&sr=8-12&th=1,0
https://support.axisbank.com/legal/privacy-policy,0
https://mail.reuters.com/watch?v=dQw4w9WgXcQ,0
https://bloomberg.com/news/world/asia/article-48293,0
http://phonepe.com@ubfnxnef.tk/verify,1
https://sciencedirect.com/orders/history?from=2024-01-01&to=2024-06-30,0
https://blog.twitter.com/news/world/asia/article-48293,0
https://www.linkedincentre.com/login,1
http://87.181.31.196/sbi/signin/session.php,1
http://news.bseindia.com/blog/2024/03/how-we-scaled-our-api,0
https://www.microsoft-account.com/verify,1
https://uber.com/status/1745829301928,0
http://news.ieee.org/orders/history?from=2024-01-01&to=2024-06-30,0
https://xn--spot464nrd-wo8z.rest/unlock/account.php,1
http://yahoo.com@1z4td855.gq/signin,1
https://www.acmelogistics.in/cgi-bin/citibank/session.php,1
http://e858nwbutsxm.loan/amazon-verify/index.php,1
https://blog.booking.com/legal/terms,0
https://shop.linkedin.com/dashboard/analytics/overview?range=30d&tz=UTC,0
https://t.co/rcBBrD7azc,0
http://172.16.4.194:9090/jenkins/job/nightly-build/lastBuild/console,0
http://71cvyz86am.ga/dhl/authenticate/webscr/limited/login/recovery/session.php?session=j663j8tjz7di6jzeyqh2bavm5e&redirect=https%3A%2F%2Fdhl.com&ref=zyt4xej37mhl,1
http://207.240.138.158:81/linkedin/account/login.php,1
https://news.stackoverflow.com/downloads/release-notes,0
https://www.amazon.com/watch?v=dQw4w9WgXcQ,0
https://steamnotice.org/,1
http://www.binancce.ml/verify/signin.html,1
https://who.int/blog,0
https://blog.tensorflow.org/wiki/Machine_learning,0
http://jvuq6p619y.ga/icici/webscr/alert/confirm/account/recovery/verify.php?session=b4s7gmmxpnp1re2wh6ba2wyx8&redirect=https%3A%2F%2Ficici.com&ref=mv75ava4ncd4,1
https://help.coursera.org/en-us/support/kb/4567123,0
http://qw5ijdxchf.icu/netflix/suspended/update/verification/alert/login.php?session=6ercfaghbwcttk8g0tu6c7gczovwg5jzmsrwu0x9ks509iu8&redirect=https%3A%2F%2Fnetflix.com&ref=bi17t14351hl,1
http://docs.ugc.gov.in/watch?v=dQw4w9WgXcQ,0
http://avgtza2m5l.ml/apple/signin/recovery/update/authenticate/billing/update.php?session=igihfutrt6wajt0ebey8fa5gp455o&redirect=https%3A%2F%2Fapple.com&ref=cpltastbgke2,1
https://t.co/6dediEmu,0
https://hsbc.com/legal/terms,0
http://hdfc.com.validate-14n9tph.info/support/session.php,1
https://api.zoom.us/news/world/asia/article-48293,0
https://expedia.com/legal/privacy-policy,0
https://booking.com/category/electronics/laptops?page=3,0
https://ugc.gov.in/docs/getting-started,0
http://news.linkedin.com/docs/getting-started,0
https://www.login-instagram.com/,1
https://ebwf866w.repl.co/webscr.php,1
https://www.ugc.gov.in/news/world/asia/article-48293,0
http://news.heroku.com/careers/engineering/backend-developer,0
https://a70cfby1.repl.co/,1
https://docs.nic.in/orders/history?from=2024-01-01&to=2024-06-30,0
https://www.aliexpress.com/dp/B0DJJTFPH9/ref=sr_1_14?crid=O7Y22T1TDGNNQ&keywords=wireless%20headphones&qid=1744320582&sprefix=wireless%2Caps%2C120&sr=8-6&th=1,0
http://10.0.2.93:15672/admin/login,0
https://blog.asana.com/careers/engineering/backend-developer,0
http://41kjnprvch.work/dhl/verify/billing/update/validate/payment/secure/update.php?session=aahn2qm26r5gb4p6lmlju8oo&redirect=https%3A%2F%2Fdhl.com&ref=h45zx3801fcd,1
https://xn--usps787keo-k3o8.cf/support/verify.php,1
https://www.acmelogistics.in/wp-content/plugins/wp-file-manager/binance/verify.php,1
https://xn--dhlprnluf-ahfb.xyz/suspended/webscr.php,1
https://www.walmart.com/dp/B0AAG8VFMI/ref=sr_1_16?crid=2KTV4JPD8R8HB&keywords=wireless%20headphones&qid=1702988079&sprefix=wireless%2Caps%2C126&sr=8-18&th=1,0
https://docs.iisc.ac.in/docs/getting-started,0
https://accounts.trello.com/p/CxY7ZqKLm2n/,0
https://trello.com,0
https://hdfcbank.com/dashboard/analytics/overview?range=30d&tz=UTC,0
https://cam.ac.uk/contact,0
https://help.un.org/dashboard/analytics/overview?range=30d&tz=UTC,0
http://www.reddit.com,0
https://shop.noaa.gov/orders/history?from=2024-01-01&to=2024-06-30,0
http://wl2v0xib8p.cf/citibank/authenticate/account/update/login/verification/validate.jsp?session=qra4pg4f8aheldmz5lezqi1fz00r4eb5o&redirect=https%3A%2F%2Fcitibank.com&ref=maaeyf7olfvk,1
https://www.dhlcare.org/verify,1
https://www.nytimes.com/blog/2024/03/how-we-scaled-our-api,0
http://binance.com@uxc2mlac.site/validate,1
http://10.0.0.93:8000/jenkins/job/nightly-build/lastBuild/console,0
https://accounts.nasa.gov/pricing,0
https://microsoftportal.site/,1
https://www.facebookteam.net/,1
http://o5jurwap9be0iv9whwc.site/facebook-secure/update.php,1
http://rb.gy/Hb3xH5vk,1
http://mail.dropbox.com/cart/checkout,0
http://www.chase.com/news/world/asia/article-48293,0
http://rb.gy/XFvtppe,1
http://paypal.com@qnrjk58x.top/verification,1
http://amazon.com@2jo1z5dt.site/signin,1
https://smj890y6.web.app/paypal-notice.html,1
http://support.wellsfargo.com/search?q=best+laptops+2024&sort=rating,0
http://s4fdu383dp.info/steam/verify/notice/recovery/secure/limited/suspended/account.php?session=5tvkwt8zhvc7xuhfd8bmazhw&redirect=https%3A%2F%2Fsteam.com&ref=gnhfti3ecdm0,1
https://xn--outlw6zsct-63e7.zip/verification/auth.aspx,1
https://7juq7dv.glitch.me/outlook-verification.html,1
https://blog.chase.com/blog/2024/03/how-we-scaled-our-api,0
https://help.notion.so/blog/2024/03/how-we-scaled-our-api,0
https://gful1f.vercel.app/api/health,0
http://127.0.0.1:8080/pgadmin/browser/?sid=24,0
http://192.168.5.102:8080/api/v1/status,0
http://www.whatsappp.icu/verify/confirm.html,1
https://asana.com/watch?v=dQw4w9WgXcQ,0
https://www.spotify.com/search?q=machine+learning,0
http://netflix.com.billing-notice-signin-2l8htn.ga/signin/secure.php,1
http://www.likedin.gq/payment/validate.jsp,1
https://xn--paytx25psn-j9lo.bid/signin/index.php,1
https://api.hsbc.com/blog/2024/03/how-we-scaled-our-api,0
http://is.gd/JagmXCAN,1
https://buff.ly/cFdkND6,0
https://info.brightsmileclinic.org/cgi-bin/yahoo/index.php,1
http://apple.com@jm0qh1p1.zip/account,1
http://90849sj44v.cf/hsbc/authenticate/suspended/notice/signin/webscr/limited/confirm.html?session=ounw6fdwr8lv1k4n1rmmh1fjaj&redirect=https%3A%2F%2Fhsbc.com&ref=oz2id2wcyygi,1
https://storage.googleapis.com/6uuyzb6s-prod-assets/v1/users/62059/profile?token=nj8asr9x6ykmqvmuqzhs2b,0
https://mit.edu/products,0
http://19gkvffbi7tn7muap.sbs/instagram-alert/index.php,1
http://chase.com@2jyu17m2.xyz/login,1
https://docs.gitlab.com/en-us/support/kb/4567123,0
https://office365notice.info/,1
https://hsbcportal.org/,1
https://mail.google.com/en-us/support/kb/4567123,0
https://iv9urjg.herokuapp.com/uploads/2024/06/report-6551.pdf,0
https://www.arxiv.org/legal/terms,0
http://94.208.221.69/fedex/limited/index.php,1
http://is.gd/nBetxz6,1
https://shop.duolingo.com/about,0
https://blog.dell.com/products,0
http://instagram.com@7rcef3em.ml/confirm,1
http://5gfcrxhthq.icu/paytm/login/alert/notice/suspended/session.php?session=fe3hu6b6xhfeubtgkkvdehk63vd7lz3cmd5p9a2gsp&redirect=https%3A%2F%2Fpaytm.com&ref=86h5u0ecw9os,1
https://binanceupdate.net/,1
https://buff.ly/2y36m8H8fx,0
https://iitb.ac.in/pricing,0
https://news.nature.com/docs/getting-started,0
https://googlenotice.com/,1
https://theguardian.com/blog,0
http://tinyurl.com/AzSdjh5b,1
http://mail.etsy.com/careers/engineering/backend-developer,0
https://s0mf09f.glitch.me/update.php,1
https://appleservice.net/,1
https://blog.trello.com/wiki/Machine_learning,0
https://spotifynotice.site/,1
https://notion.so/wiki/Machine_learning,0
http://office365.com.confirm-suspended-oyyts.link/webscr/session.php,1
https://bzrorrgd.repl.co/login.php,1
https://espn.com/news/world/asia/article-48293,0
https://accounts.stackoverflow.com/user/profile/settings,0
http://172.243.123.101/linkedin/authenticate/index.php,1
https://slack.com/blog/2024/03/how-we-scaled-our-api,0
http://fo06gtx3uq.site/spotify/validate/limited/confirm/recovery/secure/session.php?session=ikvcgnx39fn4rlgtfu4bxihdrzav8kzhhbts50gsrmsawd&redirect=https%3A%2F%2Fspotify.com&ref=xkoux63iuxaw,1
http://bit.ly/SyidD,1
http://um1yhtwbe9.ga/outlook/secure/login/payment/confirm/webscr.php?session=jxzhvppav9f85yksar1yfbec1ew6eyf7mj81&redirect=https%3A%2F%2Foutlook.com&ref=49xdo3tmyelv,1
http://xhtnrsjfeg.sbs/paypal/update/login/verify/recovery/validate/confirm.html?session=prdhqifxzmqvl0nzk790lnmx3csrrx&redirect=https%3A%2F%2Fpaypal.com&ref=qqsv4skf98tl,1
https://buff.ly/Xye99kueLN,0
https://www.irs-help.buzz/update/signin.html,1
http://citibank.com@rybzbyqo.online/secure,1
http://chase.com@ba8cxzpc.store/validate,1
https://www.account-citibank.org/signin,1
https://oerxce.vercel.app/v1/users/53922/profile?token=b2y6o6aobhtp1pfdix5smj,0
https://www.wellsfargo-id.io/,1
https://xn--instzf4h60-4d16.club/authenticate/verify.php,1
https://www.dr0pbox-unlock.ga/validate/secure.php,1
https://news.instagram.com/cart/checkout,0
http://tiny.cc/zeHjGZHX,1
http://71.73.237.199/whatsapp/verification/index.php,1
http://t05c5hh7vehhx583.club/facebook-limited/login.php,1
http://cutt.ly/LwAuSpvE,1
https://www.harborviewrealty.com/assets/js/vendor/icici/confirm.html,1
https://accounts.colab.research.google.com,0
https://accounts.axisbank.com/legal/terms,0
https://firebasestorage.googleapis.com/v0/b/tfb60dsmf-72082.appspot.com/o/,1
https://accounts.nseindia.com/cart/checkout,0
https://news.flask.palletsprojects.com/p/CxY7ZqKLm2n/,0
http://www.ggoogle.top/webscr/update.php,1
http://v6r4ihvxgu.online/microsoft/secure/alert/payment/support/confirm/notice/verify.php?session=igspf00wh9qbmzqci8f1659nnlykhbbo8&redirect=https%3A%2F%2Fmicrosoft.com&ref=g7m0jnb8f3jz,1
https://blog.thepotterystudio.co.uk/.well-known/amazon/session.php,1
http://172.16.0.162:5601/admin/login,0
http://chase.com.billing-alert-23b3d4.info/login/update.php,1
https://iciciportal.org/,1
https://docs.icicibank.com/wiki/Machine_learning,0
https://help.samsung.com/cart/checkout,0
https://help.hsbc.com/orders/history?from=2024-01-01&to=2024-06-30,0
https://support.zoom.us/orders/history?from=2024-01-01&to=2024-06-30,0
http://paypal.com@tigrun6k.top/confirm,1
https://etsy.com/search?q=best+laptops+2024&sort=rating,0
http://yahoo.com.alert-account-3mt43.top/login/session.php,1
https://www.phonepe-account.co/verify,1
https://ibm.com/status/1745829301928,0
http://ow.ly/YWxYgd,1
http://www.facebok-notice.link/verification/verify.php,1
http://zz05r4jf3hksoxy1.online/spotify-confirm/session.php,1
https://5zme43.blob.core.windows.net/v1/users/68502/profile?token=eog4xozi1r4uj6zqygjb1h,0
https://t.co/FznEaqZ,0
https://customer-support.zoom.us/,0
https://mail.vercel.com/downloads/release-notes,0
https://q9a861fg.weebly.com/session.php,1
https://www.python.org/p/CxY7ZqKLm2n/,0
https://help.forbes.com/blog,0
https://wcdigu0p.web.app/,1
https://www.spootify.rest/signin/webscr.php,1
https://blog.pandas.pydata.org/search?q=best+laptops+2024&sort=rating,0
https://docs.adobe.com/news/world/asia/article-48293,0
http://instagram.com@jrdfhyl6.tk/signin,1
http://51.161.227.153:8888/citibank/account/webscr.php,1
http://www.edx.org/wiki/Machine_learning,0
http://172.16.6.167:8081/api/v1/status,0
https://ebay.com/about,0
https://mail.nptel.ac.in/help/article/12045,0
https://help.gov.uk/blog,0
http://wellsfargo.com@5elp0oc1.cf/notice,1
https://www.ebay.com/dp/B0I450PBSR/ref=sr_1_17?crid=N0D9UQU0Z21ZQ&keywords=wireless%20headphones&qid=1703666383&sprefix=wireless%2Caps%2C168&sr=8-16&th=1,0
http://65.120.21.24:8000/netflix/webscr/webscr.php,1
https://google.com/wiki/Machine_learning,0
https://india.gov.in/careers/engineering/backend-developer,0
http://dhl.com@5ctr244h.click/login,1
https://www.amazon.com/dp/B0CSKQ8NHS/ref=sr_1_16?crid=6HF42J0R7GK6M&keywords=wireless%20headphones&qid=1707441947&sprefix=wireless%2Caps%2C288&sr=8-18&th=1,0
http://icici.com@bq9zp8qe.top/authenticate,1
http://www.googlle.xyz/login/auth.aspx,1
https://www.nih.gov/dashboard/analytics/overview?range=30d&tz=UTC,0
https://news.localgazette.co.za/old/backup/wellsfargo/login.php,1
https://europa.eu/category/electronics/laptops?page=3,0
http://10.0.8.44:15672/admin/login,0
http://214.20.195.235/netflix/suspended/signin.html,1
https://news.walmart.com/p/CxY7ZqKLm2n/,0
http://auqx611h7js85ter.rest/whatsapp-validate/confirm.html,1
https://news.trello.com/en-us/support/kb/4567123,0
http://127.0.0.1:15672/pgadmin/browser/?sid=13,0
http://api.iitb.ac.in/legal/privacy-policy,0
https://dhlservice.site/,1
https://docs.netflix.com/category/electronics/laptops?page=3,0
http://nic.in,0
https://5r8716za7.000webhostapp.com/,1
https://developer-docs.atlassian.com/services/apply-online,0
http://nic.in/circulars/2024/dept-notice-483.pdf,0
https://cloudflare.com/contact,0
http://9ftwfyveru.icu/amazon/verify/payment/limited/validate/authenticate/validate.jsp?session=kg0s9pqi33pdlsd1u4kwkckox6n33hkx8l8q7&redirect=https%3A%2F%2Famazon.com&ref=st1qujpabqex,1
https://www.colab.research.google.com/legal/terms,0
http://779dejkfiqm0wig.ga/microsoft-login/account.php,1
https://ow.ly/xMci9Ra,0
https://bit.ly/UjdsfttH,0
https://www.appleidteam.org/signin,1
http://9ev124i7fw1fmbi.xyz/hsbc-authenticate/secure.php,1
https://support.colab.research.google.com/questions/2003505/how-do-i-delete-a-git-branch-locally-and-remotely,0
http://ei68rrhtixoo0bk91b.rest/spotify-authenticate/confirm.html,1
https://www.google.com/search?q=machine+learning,0
https://support.nasa.gov/blog/2024/03/how-we-scaled-our-api,0
https://www.chase.com/legal/terms,0
https://help.target.com/category/electronics/laptops?page=3,0
https://kaggle.com/search?q=best+laptops+2024&sort=rating,0
https://www.hdfcbank.com/en-us/support/kb/4567123,0
https://etsy.com/news/world/asia/article-48293,0
https://vercel.com/p/CxY7ZqKLm2n/,0
https://xn--robl2lm2b1-kx63.store/account/secure.php,1
http://www.citibbank-alert.com/validate/secure.php,1
https://docs.dropbox.com/blog,0
http://wellsfargo.com.verification-recovery-eiuu9v.win/verification/confirm.html,1
http://binance.com.confirm-recovery-8zryvbsu.icu/secure/session.php,1
https://figma.com/about,0
https://shop.stackoverflow.com/contact,0
http://kip08pfl4voqh8nwv4.xyz/appleid-verification/webscr.php,1
https://www.aliexpress.com/dp/B0B4LAHFP3/ref=sr_1_19?crid=9RRB4EJNEZYBC&keywords=wireless%20headphones&qid=1733381521&sprefix=wireless%2Caps%2C210&sr=8-15&th=1,0
http://phonepe.com@6qdt4cx3.ga/update,1
http://9egirxd429.club/apple/billing/secure/limited/support/secure.php?session=tt1kxjh0wp93nd3zyz5wjqtlapgu45azw&redirect=https%3A%2F%2Fapple.com&ref=ouc06dgij3h0,1
https://news.sony.com/search?q=machine+learning,0
https://news.theguardian.com,0
https://docs.ieee.org/,0
https://9vl8ma1.herokuapp.com/v1/users/22793/profile?token=st89eejhaperlh2vh6836h,0
http://tiny.cc/rYa5dNpy,1
http://apple.com.webscr-bcg2cy.info/billing/auth.aspx,1
https://www.hsbc-id.io/,1
https://xn--hdfc0f04s0-227e.zip/limited/webscr.php,1
https://www.amazon.in/ap/signin?openid.pape.max_auth_age=0&openid.return_to=https%3A%2F%2Fwww.amazon.in,0
https://www.riversidedental.net/assets/js/vendor/hsbc/confirm.html,1
http://www.fede.bid/login/signin.html,1
https://reuters.com/status/1745829301928,0
https://icicibank.com/blog,0
http://chase.com.secure-r6qw03.rest/signin/confirm.html,1
https://appleid.com.secure-authenticate-osrnnr0.info/unlock/index.php,1
http://898lzcof2r8bpbqw86a.cf/google-suspended/secure.php,1
https://api.khanacademy.org/about,0
https://arxiv.org/,0
https://t.co/DLb9eEF,0
http://04fhbh633a.club/yahoo/verify/update/payment/unlock/index.php?session=2x58argbt9104f70qrj1ist5dq9&redirect=https%3A%2F%2Fyahoo.com&ref=ku3dssob3pit,1
https://ow.ly/UXEYYStjj,0
https://www.p@ytm.online/suspended/update.php,1
https://www.hsbchelp.net/login,1
https://help.sciencedirect.com/search?q=best+laptops+2024&sort=rating,0
http://icfs7jkm4lxy80uay0bhfz.work/phonepe-validate/secure.php,1
https://paytm.com/search?q=best+laptops+2024&sort=rating,0
https://news.vercel.com/products,0
https://www.citibanksec.bid/update/account.php,1
https://accounts.ibm.com/docs/reference/authentication,0
https://support.apple.com/docs/getting-started,0
http://chase.com.suspended-limited-yimuso.ga/update/auth.aspx,1
https://www.instagram.com/blog/2024/03/how-we-scaled-our-api,0
https://www.binane.click/notice/signin.html,1
https://help.springer.com,0
http://mynlr5catk.win/yahoo/update/payment/support/webscr/validate.jsp?session=vxr18q4k3zcqel8f45h5fysrtl9&redirect=https%3A%2F%2Fyahoo.com&ref=xur4hkdc2ofy,1
http://office365.com@iwzwf882.ga/verify,1
https://dropboxonline.org/,1
https://5moijesg.execute-api.us-east-1.amazonaws.com/uploads/2024/06/report-8277.pdf,0
http://shop.gitlab.com/careers/engineering/backend-developer,0
https://xn--linkjnogvf-cwf8.store/support/login.php,1
https://ej67y1gf.repl.co/amazon-verification.html,1
https://docs.nasa.gov/products,0
https://www.aliexpress.com/dp/B0BQ77ZOLD/ref=sr_1_11?crid=XPQAWB7J4M0FU&keywords=wireless%20headphones&qid=1740009042&sprefix=wireless%2Caps%2C215&sr=8-14&th=1,0
https://accounts.instagram.com/legal/privacy-policy,0
https://blog.cnn.com/p/CxY7ZqKLm2n/,0
http://9s0sxx0anm.icu/appleid/support/signin/notice/unlock/confirm.html?session=oxhpaoticemmdntjk8vg9ksoixyvas&redirect=https%3A%2F%2Fappleid.com&ref=ruphv4tpt34x,1
http://www.amaazon-suspended.site/login/secure.php,1
http://hb3ubuzfgwwxgc5t8h.icu/roblox-notice/secure.php,1
https://blog.thepotterystudio.co.uk/wp-includes/steam/update.php,1
https://support.instagram.com,0
https://shop.noaa.gov/dashboard/analytics/overview?range=30d&tz=UTC,0
https://docs.intel.com/downloads/release-notes,0
https://oracle.com/orders/history?from=2024-01-01&to=2024-06-30,0
http://apple.com.login-5tcl8o0v.tk/login/session.php,1
https://docs.linkedin.com/pricing,0
https://cnn.com/user/profile/settings,0
http://netflix.com.secure-suspended-update-o7udi8r5.loan/update/confirm.html,1
http://www.yahhoo-secure.click/authenticate/update.php,1
https://accounts.airbnb.com/dashboard/analytics/overview?range=30d&tz=UTC,0
https://amazon.com.notice-verification-support-jt5099n.ml/confirm/update.php,1
https://online-banking.hsbc.co.uk/services/apply-online,0
https://nptel.ac.in/blog,0
https://help.kaggle.com/orders/history?from=2024-01-01&to=2024-06-30,0
https://help.canva.com/user/profile/settings,0
http://bit.ly/Bt58P,1
https://news.springer.com/search?q=machine+learning,0
https://sites.google.com/view/binance-webscr/index.php,1
http://l0w5cdw0i7ssmjc8f.cyou/outlook-login/session.php,1
http://icici.com.limited-alert-webscr-cog4ax1.store/verification/confirm.html,1
http://phonepe.com.payment-ujti.bid/notice/secure.php,1
https://india.gov.in/p/CxY7ZqKLm2n/,0
https://www.stackoverflow.com/watch?v=dQw4w9WgXcQ,0
http://191.4.5.151:8888/facebook/authenticate/confirm.html,1
https://news.localgazette.co.za/old/backup/sbi/confirm.html,1
https://harvard.edu/user/profile/settings,0
https://news.walmart.com/status/1745829301928,0
https://steamalert.site/,1
http://tinyurl.com/CBqr6vm4,1
http://www.coinba5e-account.store/confirm/validate.jsp,1
https://api.espn.com/blog/2024/03/how-we-scaled-our-api,0
https://buff.ly/PmZav3L,0
https://xn--faceek78y1-cury.win/notice/webscr.php,1
https://www.arxiv.org/questions/2003505/how-do-i-delete-a-git-branch-locally-and-remotely,0
https://help.scikit-learn.org/pricing,0
https://www.ebay.com/dp/B00BIUYJZX/ref=sr_1_1?crid=1LJLNGBZ4JRVM&keywords=wireless%20headphones&qid=1701454965&sprefix=wireless%2Caps%2C227&sr=8-13&th=1,0
http://coinbase.com.limited-notice-update-32b61yw3s.store/recovery/confirm.html,1
https://docs.flipkart.com/orders/history?from=2024-01-01&to=2024-06-30,0
http://mail.samsung.com/watch?v=dQw4w9WgXcQ,0
https://www.chase.com/p/CxY7ZqKLm2n/,0
http://163.209.237.72:8888/roblox/verification/validate.jsp,1
http://apple.com@gka5ob8e.icu/account,1
https://www.nic.in/docs/getting-started,0
https://www.icicibank.com/downloads/release-notes,0
https://accounts.walmart.com/products,0
https://news.flask.palletsprojects.com/dashboard/analytics/overview?range=30d&tz=UTC,0
https://shop.github.com/careers/engineering/backend-developer,0
https://wellsfargo.com/wiki/Machine_learning,0
http://5hcrg3zl9v.site/amazon/validate/recovery/authenticate/confirm/account/signin.html?session=otv5lbidnukhdt8ghq07fp8open71msinuirm&redirect=https%3A%2F%2Famazon.com&ref=apae0rcrbo3z,1
https://python.org/wiki/Machine_learning,0
http://linkedin.com@w46hywox.gq/billing,1
http://4.28.103.51/usps/verification/account.php,1
http://paytm.com.limited-qayaes.cf/verification/login.php,1
https://info.brightsmileclinic.org/.well-known/netflix/session.php,1
https://www.account-instagram.co/signin,1
http://swiggy.com/user/profile/settings,0
http://binance.com.payment-ohz80n0q.click/unlock/confirm.html,1
http://220.4.35.57/coinbase/verify/account.php,1
https://docs.dell.com/legal/terms,0
http://b9pkll7jhaihwjm.online/sbi-validate/update.php,1
https://dropbox.com/watch?v=dQw4w9WgXcQ,0
https://api.ugc.gov.in,0
https://googleupdate.site/,1
https://t.co/8fwynZjpv,0
https://mail.scikit-learn.org/,0
http://247.252.218.169/roblox/webscr/secure.php,1
https://www.account-irs.net/verify,1
https://www.worldbank.org/blog/2024/03/how-we-scaled-our-api,0
http://172.22.190.208:8888/fedex/alert/account.php,1
https://xn--icic0x1xme-4d65.top/login/login.php,1
https://storage.googleapis.com/qfjt0kdu-prod-assets/uploads/2024/06/report-4874.pdf,0
https://sites.google.com/view/citibank-verify/,1
http://outlook.com.suspended-alert-ozj2r7.store/verify/webscr.php,1
https://docs.atlassian.com/legal/terms,0
https://www.europa.eu/careers/engineering/backend-developer,0
https://steamservice.com/,1
http://facebook.com@y1iqj1yo.win/secure,1
http://2t5cgs63hl.site/apple/secure/signin/limited/confirm/update/validate.jsp?session=w9ej35jrsp20suye7t19gx8mnzv&redirect=https%3A%2F%2Fapple.com&ref=a6oo7iyw1h48,1
https://shop.imdb.com/,0
https://sudawor.herokuapp.com/assets/lqb8gyq9.min.js,0
https://sbiportal.com/,1
http://www.app1e-billing.tk/verify/account.php,1
https://djangoproject.com/status/1745829301928,0
http://www.insagram-recovery.store/recovery/webscr.php,1
https://bit.ly/fmEctQnWJ,0
http://fd2pwhi90llc0.link/whatsapp-account/verify.php,1
http://is.gd/6pefvQ7p,1
http://spotify.com@s3vepqc3.online/billing,1
http://mail.slack.com/search?q=machine+learning,0
https://support.trello.com/legal/terms,0
http://rb.gy/kJCS9qc,1
https://xn--binajcamwk-bx4c.loan/account/auth.aspx,1
http://vpztkldq2c.work/paypal/confirm/payment/authenticate/verify/update.php?session=whm2rai8k0w1vloy4xyl3xqvqaot6p2xw&redirect=https%3A%2F%2Fpaypal.com&ref=q5zw6mae93yk,1
http://api.sbi.co.in/user/profile/settings,0
https://news.bitbucket.org/legal/terms,0
http://o4e8ecw2q16oncxn5rc1kq.icu/facebook-verify/login.php,1
https://bit.ly/9pvD6XUG,0
http://efqwiumvxp.tk/office365/secure/confirm/webscr/alert/verify/verification/signin.html?session=yr90y79lm3mi27zck7s0nxxwbej&redirect=https%3A%2F%2Foffice365.com&ref=yxr5dvsqxgqu,1
http://213.141.171.34/office365/webscr/verify.php,1
https://blog.zomato.com/careers/engineering/backend-developer,0
http://kkb0szlb01.rest/axisbank/signin/recovery/payment/account/confirm/alert/verify.php?session=7i78py3ac3qg9909i95w5g883lmd2vw490gyu9qgmacn&redirect=https%3A%2F%2Faxisbank.com&ref=6p0ftfbl6lzm,1
https://accounts.espn.com/user/profile/settings,0
http://1.219.133.249/icici/payment/secure.php,1
https://bitbucket.org/contact,0
https://support.shopify.com/blog,0
https://ewbw5yrs3s.s3.amazonaws.com/uploads/2024/06/report-8337.pdf,0
http://ow.ly/g3xyB,1
http://of3tdzpxd4.tk/yahoo/verification/verify/billing/update/support/login.php?session=8l3g99bsu3zlk1kw9t4b4jh41xdwocqr&redirect=https%3A%2F%2Fyahoo.com&ref=2sd3pp5nuhba,1
https://xn--iciccrajzf-1y7q.work/login/signin.html,1
http://97.15.33.125:8000/steam/account/signin.html,1
http://l0wd4srvzu2i14zxrf.xyz/spotify-validate/signin.html,1
http://usps.com.payment-pi5u7.ga/signin/webscr.php,1
https://docs.apple.com/docs/getting-started,0
http://steam.com.verification-verify-alert-p912zpwm.rest/confirm/confirm.html,1
http://5hjxy4lejp.tk/outlook/webscr/confirm/notice/support/account/limited/login.php?session=dekrnh1rw7jqp28ar2asc4mywe62xzl1idok4nv&redirect=https%3A%2F%2Foutlook.com&ref=9v36whxojtlv,1
http://blog.asana.com/search?q=machine+learning,0
http://www.binanceid.net/support/auth.aspx,1
https://blog.springer.com/products,0
http://www.phonepesec.top/account/update.php,1
https://support.iisc.ac.in/downloads/release-notes,0
https://www.uber.com/legal/terms,0
https://sites.google.com/view/hdfc-confirm/,1
https://accounts.flask.palletsprojects.com/watch?v=dQw4w9WgXcQ,0
https://help.worldbank.org/search?q=machine+learning,0
https://facebook.com.signin-support-kejfpn83n.online/unlock/login.php,1
http://bit.ly/mdhhRQa4,1
https://heroku.com/search?q=best+laptops+2024&sort=rating,0
https://www.walmart.com/dp/B0DAPZILFE/ref=sr_1_16?crid=PJ35K1R88PW9U&keywords=wireless%20headphones&qid=1747806039&sprefix=wireless%2Caps%2C272&sr=8-11&th=1,0
https://xn--bina2togmy-y2ff.icu/update/confirm.html,1
https://9e34uzyk.firebaseapp.com/uploads/2024/06/report-2070.pdf,0
https://xn--payp2kwuol-axi8.buzz/signin/confirm.html,1
https://help.flipkart.com/news/world/asia/article-48293,0
https://www.hdfc-authenticate.cf/payment/validate.jsp,1
https://online-banking.hsbc.co.uk/help/faq,0
https://blog.worldbank.org/news/world/asia/article-48293,0
https://www.colab.research.google.com/dashboard/analytics/overview?range=30d&tz=UTC,0
http://2232x3cn0jyo.sbs/yahoo-limited/verify.php,1
https://www.asana.com/,0
https://help.paytm.com/downloads/release-notes,0
http://google.com.account-alert-recovery-yrcx7.zip/suspended/signin.html,1
https://www.amazon.in/dp/B0TM8PYQDR/ref=sr_1_3?crid=JBGH3HGJSQLFE&keywords=wireless%20headphones&qid=1733168223&sprefix=wireless%2Caps%2C192&sr=8-7&th=1,0
https://mail.reddit.com/cart/checkout,0
http://apple.com.payment-verify-secure-543vmip.top/authenticate/account.php,1
http://chase.com.recovery-mvqi.tk/signin/validate.jsp,1
https://support.linkedin.com/en-us/support/kb/4567123,0
https://api.hsbc.com/docs/reference/authentication,0
http://accounts.espn.com/p/CxY7ZqKLm2n/,0
https://blog.thepotterystudio.co.uk/images/gallery/apple/index.php,1
https://www.aliexpress.com/dp/B0JB8ZDFTY/ref=sr_1_1?crid=UFB9VRNJ5HZMD&keywords=wireless%20headphones&qid=1743282846&sprefix=wireless%2Caps%2C278&sr=8-7&th=1,0
http://xkxc9z85rsfi.work/dropbox-limited/auth.aspx,1
http://nptel.ac.in/about,0
https://www.amazon.in/dp/B09SUPF6D4/ref=sr_1_9?crid=09IMUT0UGCAMB&keywords=wireless%20headphones&qid=1730671707&sprefix=wireless%2Caps%2C292&sr=8-13&th=1,0
https://t.co/PiGHMMY,0
http://s1pn1b8gdu.online/citibank/unlock/verification/authenticate/notice/confirm/update/login.php?session=gs63q4fugivrx9p8uoov6se1wowvji94ufiace9f5t3pehf&redirect=https%3A%2F%2Fcitibank.com&ref=suyg2rdbx5x7,1
https://www.digitalocean.com/orders/history?from=2024-01-01&to=2024-06-30,0
https://shop.coursera.org/docs/reference/authentication,0
http://172.16.1.217:5601/grafana/d/gbodaigu1/service-overview?orgId=1&refresh=30s,0
https://expedia.com/en-us/support/kb/4567123,0
https://news.bloomberg.com/,0
http://120.87.4.44/icici/billing/signin.html,1
http://docs.nptel.ac.in/contact,0
http://247.246.135.173:8888/steam/support/secure.php,1
https://www.secure-linkedin.co/,1
http://tinyurl.com/UMAAv,1
https://digi-locker.gov.in/dashboard,0
https://e3tzx1ti.execute-api.us-east-1.amazonaws.com/static/media/logo.ynewyvwk.svg,0
https://1wvczxpal.000webhostapp.com/icici-login.html,1
https://www.flipkart.com/news/world/asia/article-48293,0
http://phonepe.com@bvra20q4.cf/suspended,1
https://www.ofice365-update.store/webscr/index.php,1
http://bit.do/4Ynhgku,1
http://4mxxgofbp818.cyou/roblox-account/confirm.html,1
https://www.5team-suspended.gq/verify/update.php,1
https://support.ugc.gov.in/help/article/12045,0
https://www.co1nbase.cyou/unlock/update.php,1
https://www.walmart.com/dp/B04TPKUEKL/ref=sr_1_11?crid=3JA41VBLQEKAW&keywords=wireless%20headphones&qid=1731798203&sprefix=wireless%2Caps%2C249&sr=8-1&th=1,0
https://irctc.co.in/legal/terms,0
https://www.dropbox-verify.io/verify,1
https://xn--roblntre3o-b6f6.ga/limited/session.php,1
http://ad499hjvplvgkf9b9kk.rest/steam-limited/auth.aspx,1
https://mail.duolingo.com/blog/2024/03/how-we-scaled-our-api,0
http://5p67rfk712.xyz/dropbox/account/authenticate/alert/payment/update/billing/webscr.php?session=typ44pt9udpal24if3nezkwcvwmk12jrt6p3jz93&redirect=https%3A%2F%2Fdropbox.com&ref=54q58yfdsb2y,1
https://news.salesforce.com/docs/reference/authentication,0
https://help-center.slack.com/login,0
https://mail.acm.org,0
https://www.hsbccentre.org/signin,1
http://netflix.com@8x6vlg71.gq/alert,1
https://docs.github.com/questions/2003505/how-do-i-delete-a-git-branch-locally-and-remotely,0
https://shop.axisbank.com/wiki/Machine_learning,0
https://9xdnslm.netlify.app/assets/0kicpmt3.min.js,0
https://coursera.org/news/world/asia/article-48293,0
https://www.whtsapp-validate.sbs/webscr/confirm.html,1
http://www.case.com/recovery/account.php,1
https://api.youtube.com/watch?v=dQw4w9WgXcQ,0
http://cutt.ly/zjsczzJ,1
https://support.intel.com/help/article/12045,0
https://news.pandas.pydata.org/about,0
https://www.greenleafgardens.com/old/backup/binance/auth.aspx,1
https://www.netflix.com/cart/checkout,0
https://www.roblox-account.net/login,1
https://flipkart.com/docs/getting-started,0
https://hsbc.com/help/article/12045,0
https://icicibank.com/legal/terms,0
https://ow.ly/jYhkdpK,0
http://dropbox.com@fro8i2zs.online/unlock,1
https://xn--icicf8ukdn-5gch.site/secure/update.php,1
https://www.riversidedental.net/cgi-bin/hdfc/index.php,1
https://chasenotice.com/,1
https://booking.com,0
https://digitalocean.com/careers/engineering/backend-developer,0
http://www.theguardian.com/downloads/release-notes,0
http://172.16.2.49:3000/kibana/app/discover,0
https://www.ebay.com/dp/B0VO1WY8D3/ref=sr_1_18?crid=WKXQ6LTIH9O6U&keywords=wireless%20headphones&qid=1716993158&sprefix=wireless%2Caps%2C192&sr=8-9&th=1,0
https://phonepenotice.net/,1
https://docs.nvidia.com/category/electronics/laptops?page=3,0
https://www.my-binance.net/login,1
https://www.harborviewrealty.com/.well-known/phonepe/update.php,1
https://mail.bbc.co.uk/products,0
https://accounts.numpy.org/careers/engineering/backend-developer,0
https://news.uber.com/cart/checkout,0
https://docs.ieee.org/watch?v=dQw4w9WgXcQ,0
https://www.my-netflix.co/,1
http://xxyo1oadsm.top/icici/verification/update/validate/confirm/notice/confirm.html?session=v63sj20oaruvbt28yse1m89k6eavkwgkgh6sykpgf1y&redirect=https%3A%2F%2Ficici.com&ref=cfwzsa3xvzsf,1
http://apple.com.support-z117.online/login/secure.php,1
https://www.f@cebook.store/billing/login.php,1
http://chase.com@j40jy9q2.club/validate,1
https://api.hdfcbank.com/legal/privacy-policy,0
https://ow.ly/fs3uXfyM,0
http://211.114.143.134/instagram/verification/verify.php,1
http://204.152.110.85/irs/limited/session.php,1
https://help.iisc.ac.in/pricing,0
http://b3xoo9xy21.tk/fedex/confirm/validate/support/secure/update/login.php?session=2bsrvwqk9px684qlgdro8cws3q66oah71d8&redirect=https%3A%2F%2Ffedex.com&ref=ql4c6p0vs7tm,1
https://paypal.com,0
http://cutt.ly/2Kjiq7d,1
https://reddit.com/category/electronics/laptops?page=3,0
https://docs.digitalocean.com/status/1745829301928,0
https://xn--spotov0p9h-j4rn.bid/verification/verify.php,1
https://help.nseindia.com/cart/checkout,0
http://10.0.9.150:8080/admin/login,0
http://149.139.44.76/outlook/webscr/account.php,1
http://znofge1fgvvo.bid/apple-confirm/account.php,1
http://www.dh1-login.store/signin/secure.php,1
https://steamupdate.com/,1
http://10.0.3.80:8000/kibana/app/discover,0
https://www.wellsfargo.com/downloads/release-notes,0
https://www.zomato.com/orders/history?from=2024-01-01&to=2024-06-30,0
http://www.netflix.com/downloads/release-notes,0
https://t8z3hh87e.000webhostapp.com/account.php,1
https://www.ebay.com/dp/B0XE7QYO7Z/ref=sr_1_12?crid=W54A6I2KOE6RN&keywords=wireless%20headphones&qid=1710082463&sprefix=wireless%2Caps%2C147&sr=8-6&th=1,0
https://www.amazonhelp.io/account,1
https://dhlonline.info/,1
https://coinbasenotice.com/,1
http://dacnafhd9d.ml/instagram/login/alert/update/recovery/authenticate/verify/auth.aspx?session=6a2yhph94yovscbkiak13990xgk4au5bk4mbo7ld&redirect=https%3A%2F%2Finstagram.com&ref=l9kham8746gv,1
https://khanacademy.org,0
https://mail.nih.gov/downloads/release-notes,0
http://binance.com.validate-secure-signin-e62i3af.cyou/validate/index.php,1
http://ei99icodj72u2rcw6lp.top/paypal-recovery/login.php,1
https://mail.sciencedirect.com/status/1745829301928,0
http://18.30.165.77/hsbc/secure/account.php,1
https://mail.iitb.ac.in/pricing,0
http://uber.com,0
https://facebookonline.com/,1
https://iciciupdate.info/,1
https://api.shopify.com/search?q=machine+learning,0
http://127.0.0.1:8000/pgadmin/browser/?sid=39,0
https://blog.nvidia.com/watch?v=dQw4w9WgXcQ,0
https://www.riversidedental.net/.well-known/spotify/validate.jsp,1
http://sk0ke9kkqa.tk/binance/webscr/confirm/signin/limited/authenticate/secure.php?session=ce3rmf2x0b5oalg2n3np4cfag&redirect=https%3A%2F%2Fbinance.com&ref=en7yvr1zdkuf,1
https://help-center.slack.com/account/overview,0
https://ox.ac.uk/blog/2024/03/how-we-scaled-our-api,0
http://tiny.cc/tgDxr3Et,1
http://sda3de6nixzye8ayga7.club/paytm-webscr/login.php,1
https://mail.paypal.com/en-us/support/kb/4567123,0
https://xn--chasqi79nc-o337.top/account/signin.html,1
https://t.co/th5zDBZEA,0
https://mail.cloudflare.com/about,0
https://support.ox.ac.uk/news/world/asia/article-48293,0
http://www.hbc-login.site/validate/webscr.php,1
https://www.appple.ml/suspended/verify.php,1
https://www.my-hsbc.io/signin,1
http://59.251.6.13/instagram/suspended/signin.html,1
https://www.amazonsec-authenticate.link/login/verify.php,1
http://rb.gy/hdxhT,1
https://youtube.com/legal/terms,0
http://71.176.185.208/wellsfargo/webscr/confirm.html,1
https://www.amazon.com/dp/B0C0BPNEGC/ref=sr_1_15?crid=DPCZ2O8NDI6SO&keywords=wireless%20headphones&qid=1749091307&sprefix=wireless%2Caps%2C247&sr=8-11&th=1,0
https://www.phonepehelp.io/account,1
https://dropbox.com.payment-webscr-l7zpzktbk.site/billing/auth.aspx,1
http://blog.citibank.com/category/electronics/laptops?page=3,0
http://shop.zomato.com/,0
http://i2pqy8i9xf.icu/coinbase/suspended/support/account/update/billing/confirm.html?session=s6sj0969c52w4s1w7v29xztxflr&redirect=https%3A%2F%2Fcoinbase.com&ref=jl75nugf9347,1
https://accounts.irctc.co.in/docs/getting-started,0
https://www.vercel.com/status/1745829301928,0
https://awq7scrp.repl.co/paytm-suspended.html,1
http://binance.com@kjn35vcr.link/validate,1
https://flask.palletsprojects.com/orders/history?from=2024-01-01&to=2024-06-30,0
http://lw3btsfq6j.gq/wellsfargo/update/billing/payment/alert/authenticate/validate/update.php?session=otluwekj9zvjo6kgd1j8y9wigcc3ovcem&redirect=https%3A%2F%2Fwellsfargo.com&ref=nblvu679xu2n,1
https://xn--roblorrobi-3p9u.link/billing/verify.php,1
http://binance.com@sq5a2vus.buzz/account,1
https://www.nseindia.com/careers/engineering/backend-developer,0
http://dropbox.com@ax65jp9n.icu/suspended,1
http://bit.do/896st6tP,1
https://support.worldbank.org/p/CxY7ZqKLm2n/,0
https://www.amazonhelp.io/,1
https://blog.hsbc.com/contact,0
http://www.instagramid-unlock.cyou/confirm/update.php,1
http://26s3ukk6exveuzlt.store/hsbc-authenticate/verify.php,1
https://storage.googleapis.com/7joaibiv-prod-assets/assets/zgnnaobo.min.js,0
https://sites.google.com/view/coinbase-authenticate/signin.html,1
http://bg5ews6qudxpyip1a20.cyou/whatsapp-confirm/account.php,1
https://twitter.com/status/1745829301928,0
http://f7agy23smydq8.win/paypal-validate/confirm.html,1
http://3cmln8hi7f2e7owt2uih.xyz/office365-webscr/session.php,1
https://sites.google.com/view/steam-validate/update.php,1
https://news.zomato.com/blog,0
http://172.16.7.23:15672/grafana/d/1j8nermx6/service-overview?orgId=1&refresh=30s,0
https://www.account-google.org/login,1
https://trello.com/,0
https://www.digitalocean.com/watch?v=dQw4w9WgXcQ,0
http://news.nic.in/help/article/12045,0
https://www.amazon.in/dp/B00VSDGZVW/ref=sr_1_8?crid=DA1KLHLJSL214&keywords=wireless%20headphones&qid=1746570171&sprefix=wireless%2Caps%2C268&sr=8-16&th=1,0
https://t.co/p5ZPWy9X,0
http://api.nih.gov/news/world/asia/article-48293,0
https://www.acmelogistics.in/old/backup/hdfc/login.php,1
https://bit.ly/MEKhYa5,0
https://xn--hsbc3ex1sg-upnc.sbs/secure/secure.php,1
https://blog.tripadvisor.com/dashboard/analytics/overview?range=30d&tz=UTC,0
https://docs.harvard.edu/docs/getting-started,0
https://firebasestorage.googleapis.com/v0/b/h471ia7l3-85866.appspot.com/o/yahoo-verify.html,1
http://3f49jibc9hbbgql600dzlu.work/outlook-authenticate/confirm.html,1
https://shop.nic.in/status/1745829301928,0
https://xn--yahob1majj-9lop.buzz/verification/webscr.php,1
http://54.85.223.80/roblox/recovery/auth.aspx,1
https://docs.sciencedirect.com/blog/2024/03/how-we-scaled-our-api,0
https://www.walmart.com/dp/B0LC5BLMEY/ref=sr_1_10?crid=NOS7E3DX7AKU0&keywords=wireless%20headphones&qid=1726246630&sprefix=wireless%2Caps%2C140&sr=8-4&th=1,0
https://support.un.org/about,0
http://ow.ly/HqKVxqS,1
https://netlify.com/pricing,0
https://accounts.expedia.com/p/CxY7ZqKLm2n/,0
https://xn--stea4odmgy-2l7g.loan/validate/confirm.html,1
https://vkgf80.pages.dev/uploads/2024/06/report-9032.pdf,0
http://544kdto5h6.zip/whatsapp/update/billing/recovery/webscr/verify/webscr.php?session=ndys5mb74wmv89nkrnvxhpmoe0xrmiplr0owwh0597m&redirect=https%3A%2F%2Fwhatsapp.com&ref=rj3hy1u0swxn,1
https://netflixupdate.info/,1
https://www.amazon.com/dp/B0X8VF3SML/ref=sr_1_18?crid=CYMTYGW5F2MIC&keywords=wireless%20headphones&qid=1712958233&sprefix=wireless%2Caps%2C106&sr=8-19&th=1,0
http://eunwbbqmwe.zip/spotify/support/secure/login/webscr/payment/update.php?session=nuluaef0xozq3bz11456gnqetvjrr91r&redirect=https%3A%2F%2Fspotify.com&ref=cynjqzxgnj3f,1
http://dhl.com.alert-secure-fxmi.sbs/secure/index.php,1
https://microsoftservice.org/,1
https://ebay.com/legal/privacy-policy,0
https://help.stanford.edu/legal/terms,0
https://www.amazon.com/dp/B0L62UC9OD/ref=sr_1_9?crid=QBW8CPWGE62H6&keywords=wireless%20headphones&qid=1705197596&sprefix=wireless%2Caps%2C160&sr=8-7&th=1,0
https://support.zoom.us/pricing,0
http://125.83.91.50/paytm/update/update.php,1
https://docs.facebook.com/search?q=machine+learning,0
http://10.0.8.77:9090/admin/login,0
https://www.my-usps.com/account,1
https://mail.swiggy.com/contact,0
https://support.bitbucket.org/p/CxY7ZqKLm2n/,0
https://docs.tripadvisor.com/pricing,0
http://sbi.com@ia8ot6fl.link/update,1
https://zqv72yyq.repl.co/validate.jsp,1
http://bit.ly/T3dtaQ,1
https://xn--sbiesywe1-5khj.sbs/signin/session.php,1
https://iitd.ac.in/user/profile/settings,0
http://tinyurl.com/KdNLg,1
https://www.sp0tify-confirm.tk/limited/session.php,1
https://news.localgazette.co.za/wp-includes/phonepe/auth.aspx,1
http://yahoo.com@6u7grti7.site/account,1
http://8qru1u28f2.click/facebook/recovery/suspended/billing/authenticate/confirm/update.php?session=xud1vibvoy2hib2kcw49bouua8g0&redirect=https%3A%2F%2Ffacebook.com&ref=lcuqdxfxu04r,1
https://blog.salesforce.com/status/1745829301928,0
https://accounts.sony.com/category/electronics/laptops?page=3,0
https://tv28ini.herokuapp.com/api/health,0
https://t.co/mAh6udUsT,0
http://paypal.com@u19id9d6.xyz/secure,1
https://fedexportal.site/,1
https://help.digitalocean.com/docs/reference/authentication,0
https://notion.so/orders/history?from=2024-01-01&to=2024-06-30,0
https://accounts.booking.com/p/CxY7ZqKLm2n/,0
https://paytmupdate.info/,1
http://tinyurl.com/Zusjxh,1
https://shop.trello.com/blog/2024/03/how-we-scaled-our-api,0
http://3gxidpuff7wbv0xg.club/wellsfargo-support/webscr.php,1
https://xn--applsjdu9y-6w02.sbs/signin/update.php,1
https://www.office365help.org/login,1
http://vnesxxwa9ddjb1wt.top/google-support/secure.php,1
https://microsoft.com/legal/terms,0
http://shop.nytimes.com/docs/reference/authentication,0
http://dropbox.com@f7x1yvqp.click/webscr,1
https://xn--stea98ky4l-7ca4.gq/authenticate/verify.php,1
https://www.linkedinteam.com/,1
https://www.1rs-unlock.info/signin/auth.aspx,1
https://www.citibankcare.net/verify,1
https://www.chase-id.co/login,1
https://www.acmelogistics.in/assets/js/vendor/dhl/validate.jsp,1
http://243.133.103.5/instagram/unlock/login.php,1
http://usps.com@16tg8r5f.click/unlock,1
https://mail.github.com/cart/checkout,0
http://133.209.193.128:8443/roblox/account/verify.php,1
https://roblox.com.authenticate-webscr-unlock-u7d8sm.bid/recovery/validate.jsp,1
https://irsservice.com/,1
https://sbi.co.in/dashboard/analytics/overview?range=30d&tz=UTC,0
https://www.amazon-account.io/login,1
https://dropbox.com/en-us/support/kb/4567123,0
https://tl6ztt.blob.core.windows.net/static/media/logo.mrldwp13.svg,0
https://40opcim.glitch.me/,1
https://docs.nature.com/questions/2003505/how-do-i-delete-a-git-branch-locally-and-remotely,0
https://www.apple-secure.com/login,1
http://www.rroblox.site/billing/index.php,1
https://blog.citibank.com/pricing,0
http://yiuf29bl4g.work/phonepe/account/unlock/validate/signin/login/update/verify.php?session=taxos5slnc8ed4orwzweob4ky3tupo&redirect=https%3A%2F%2Fphonepe.com&ref=i2p4ki0m71h3,1
https://python.org/about,0
https://blog.duolingo.com/legal/terms,0
https://wellsfargo.com.billing-signin-support-fe7ko.club/signin/index.php,1
http://192.168.5.184:5601/jenkins/job/nightly-build/lastBuild/console,0
https://5rygrpp2.weebly.com/signin.html,1
https://blog.reuters.com/downloads/release-notes,0
https://yahooportal.com/,1
http://axisbank.com.support-payment-n86a8sl.tk/unlock/verify.php,1
https://4d9bv7w.glitch.me/verify.php,1
https://ow.ly/yP5Z27WNgD,0
https://www.flipkart.com/dp/B0HDGX2BD6/ref=sr_1_12?crid=ESSLB2QKZ0YS9&keywords=wireless%20headphones&qid=1743067067&sprefix=wireless%2Caps%2C254&sr=8-20&th=1,0
https://target.com/,0
https://www.expedia.com/search?q=machine+learning,0
http://2dxnlcpyeobest0rg.xyz/google-limited/validate.jsp,1
https://buff.ly/6VY9DQBLe,0
https://support.arxiv.org/products,0
http://office365.com@wmb4b3gc.link/validate,1
https://www.silverlinefinance.co/.well-known/icici/secure.php,1
http://spotify.com.login-c90h26a7.cf/account/confirm.html,1
https://google.com.suspended-support-verification-41sk6qy9.win/verification/secure.php,1
https://shop.nseindia.com/docs/reference/authentication,0
http://uber.com/wiki/Machine_learning,0
https://xn--fedejl2hk0-biye.cf/suspended/secure.php,1
http://is.gd/ia93aFD,1
https://nytimes.com/pricing,0
https://help.gov.uk/watch?v=dQw4w9WgXcQ,0
https://docs.sbi.co.in/questions/2003505/how-do-i-delete-a-git-branch-locally-and-remotely,0
https://xn--appl5qjrft-jbsw.sbs/webscr/secure.php,1
http://www.utlook.com/notice/secure.php,1
https://axisbankalert.com/,1
http://6l6xcsg0j3.work/yahoo/recovery/limited/alert/support/authenticate/login.php?session=auh90xdz30rvegxauiv063atk1qy5wc8dtz0ayo&redirect=https%3A%2F%2Fyahoo.com&ref=kbklvlhlo9al,1
https://mail.cnn.com/legal/privacy-policy,0
https://www.aliexpress.com/dp/B0BQG8FPX6/ref=sr_1_20?crid=62JHF2B86S6BE&keywords=wireless%20headphones&qid=1736682923&sprefix=wireless%2Caps%2C202&sr=8-9&th=1,0
http://vh86om9vptfcly.bid/hsbc-suspended/session.php,1
https://news.theguardian.com/orders/history?from=2024-01-01&to=2024-06-30,0
http://71s2bq7xuc.xyz/dhl/unlock/notice/secure/support/suspended/account/index.php?session=blxxk673m39qb2aqhblrh0g52im52ocavomdhkvh&redirect=https%3A%2F%2Fdhl.com&ref=fp2sr5hwywdn,1
https://www.usps-secure.co/verify,1
http://90.49.204.175:81/yahoo/update/signin.html,1
http://chase.com@llyn5me0.zip/update,1
https://api.sbi.co.in/wiki/Machine_learning,0
http://rb.gy/x7ziChw,1
https://www.binance-verify.com/signin,1
https://developer-docs.atlassian.com/,0
https://mail.khanacademy.org,0
http://bit.ly/vK9k32,1
https://xn--chaslst7pq-n64h.buzz/signin/confirm.html,1
http://theguardian.com/careers/engineering/backend-developer,0
https://www.google.com/dashboard/analytics/overview?range=30d&tz=UTC,0
https://help.medium.com/questions/2003505/how-do-i-delete-a-git-branch-locally-and-remotely,0
http://192.168.2.70:8000/kibana/app/discover,0
https://docs.tripadvisor.com/questions/2003505/how-do-i-delete-a-git-branch-locally-and-remotely,0
https://mail.walmart.com/careers/engineering/backend-developer,0
https://blog.google.com/p/CxY7ZqKLm2n/,0
http://wellsfargo.com@s26wiq6s.link/webscr,1
http://134.68.20.195/microsoft/signin/secure.php,1
https://news.walmart.com/questions/2003505/how-do-i-delete-a-git-branch-locally-and-remotely,0
https://help.uber.com/,0
https://www.flipkart.com/dp/B0CSDSPNNN/ref=sr_1_12?crid=M7QUHZOJGFG37&keywords=wireless%20headphones&qid=1731302930&sprefix=wireless%2Caps%2C284&sr=8-4&th=1,0
http://microsoft.com@cut2zrks.bid/billing,1
https://shop.sony.com/cart/checkout,0
http://ixj4vaxz86.info/linkedin/recovery/secure/authenticate/payment/verify/login.php?session=1qrak1hmwmsjuwvyf9mj1jfn8qhxweawr&redirect=https%3A%2F%2Flinkedin.com&ref=6r7la2k4ejzm,1
https://xn--citibbp8g6-bp0t.loan/alert/session.php,1
https://shop.apple.com/watch?v=dQw4w9WgXcQ,0
http://outlook.com.account-q2gvz4w0.work/secure/validate.jsp,1
http://104.204.85.253/facebook/confirm/verify.php,1
https://www.login-paypal.org/verify,1
https://hsbconline.site/,1
https://www.nytimes.com/p/CxY7ZqKLm2n/,0
https://firebasestorage.googleapis.com/v0/b/5zywx0u0a-15475.appspot.com/o/amazon-suspended.html,1
http://outlook.com.limited-validate-authenticate-x58oil.ml/secure/login.php,1
https://shop.youtube.com/legal/terms,0
https://facebook.com/docs/reference/authentication,0
https://news.citibank.com/watch?v=dQw4w9WgXcQ,0
https://irsportal.com/,1
https://buff.ly/EeHnRBmT,0
http://n0dzo5auvt.buzz/appleid/support/confirm/account/update/billing/notice/secure.php?session=pmubz7stpn7bkur5fl48azyqt9x049y6kz6wuhj4dgg7&redirect=https%3A%2F%2Fappleid.com&ref=vgvrfrlo80et,1
http://cutt.ly/HjcuL,1
https://3fbwy5n.glitch.me/validate.jsp,1
https://nic.in/about,0
http://blog.citibank.com/cart/checkout,0
http://jg85spb0s5timiz7pt.rest/roblox-secure/auth.aspx,1
https://ow.ly/z3frkHfV,0
https://www.amazon.in/dp/B04AL05I78/ref=sr_1_11?crid=5TQ9DZGKDNQ4G&keywords=wireless%20headphones&qid=1730189245&sprefix=wireless%2Caps%2C290&sr=8-11&th=1,0
https://buff.ly/iYLHmLTd,0
http://cutt.ly/ScVPARv,1
https://docs.sbi.co.in/downloads/release-notes,0
https://siwxxo64.web.app/,1
http://6hlmutmn1c.icu/sbi/suspended/login/recovery/unlock/webscr/authenticate/verify.php?session=yr1ic0uezwfizuq4m4crkethxjp92275dba7vrwd0nv4zpn&redirect=https%3A%2F%2Fsbi.com&ref=an50dic5c2p4,1
https://shop.nvidia.com/pricing,0
https://shop.spotify.com/news/world/asia/article-48293,0
https://docs.vercel.com,0
https://axisbank.com/cart/checkout,0
https://accounts.wikipedia.org/legal/privacy-policy,0
https://www.hsbcc-suspended.ga/unlock/webscr.php,1
https://blog.irctc.co.in/docs/reference/authentication,0
http://shop.ebay.com/legal/terms,0
https://www.ebay.com/dp/B019JN7QSC/ref=sr_1_4?crid=PT9A72MVTP497&keywords=wireless%20headphones&qid=1709160042&sprefix=wireless%2Caps%2C204&sr=8-2&th=1,0
https://facebook.com/blog/2024/03/how-we-scaled-our-api,0
https://xn--linkf8mx7d-x8md.sbs/unlock/webscr.php,1
http://hdfc.com@p1xofck4.rest/verify,1
https://yahooupdate.org/,1
https://news.twitter.com/blog/2024/03/how-we-scaled-our-api,0
https://buff.ly/bRXzjk6,0
http://apple.com@pg10qy17.tk/verification,1
https://support.youtube.com/about,0
http://binance.com@gc3n6xeu.top/payment,1
https://online-banking.hsbc.co.uk/dashboard,0
https://www.pypal-suspended.site/account/login.php,1
https://blog.nature.com/cart/checkout,0
http://z6vxzukef459bak6hdunb.ml/wellsfargo-unlock/update.php,1
https://paypal.com/user/profile/settings,0
https://online-banking.hsbc.co.uk/,0
https://help.tripadvisor.com/en-us/support/kb/4567123,0
https://medium.com/search?q=machine+learning,0
https://duolingo.com/blog,0
https://news.google.com/docs/reference/authentication,0
https://xn--outlnu1mso-e2ee.icu/confirm/index.php,1
https://yahoo.com.account-9m0jsl.ga/support/secure.php,1
https://e-filing.incometax.gov.in/login,0
http://accounts.arxiv.org/pricing,0
http://66.237.235.153/coinbase/unlock/login.php,1
http://142.162.151.187:8888/appleid/notice/session.php,1
http://news.swiggy.com/en-us/support/kb/4567123,0
https://xn--offi3s860i-ib08.cyou/authenticate/index.php,1
https://trello.com/blog,0
http://paypal.com.update-billing-u9qzx.win/limited/index.php,1
https://help.notion.so/help/article/12045,0
https://www.dell.com/orders/history?from=2024-01-01&to=2024-06-30,0
http://192.168.1.245:8000/pgadmin/browser/?sid=8,0
http://dhl.com@fousuieh.site/suspended,1
https://shop.cloudflare.com/dashboard/analytics/overview?range=30d&tz=UTC,0
http://h96ijeph2j.club/paypal/billing/account/login/validate/payment/verify/secure.php?session=100s5cvt4gzhoc1x4d4hob6bj647uk5irtb0vmxe5f3h&redirect=https%3A%2F%2Fpaypal.com&ref=eni8cbcgvta7,1
http://www.hl-webscr.cyou/account/login.php,1
https://help-center.slack.com/services/apply-online,0
https://accounts.vercel.com/cart/checkout,0
https://xn--applzyhv87-qrwi.top/unlock/update.php,1
https://info.brightsmileclinic.org/wp-content/plugins/wp-file-manager/spotify/webscr.php,1
http://10.0.2.119:8080/grafana/d/lttflpn1f/service-overview?orgId=1&refresh=30s,0
https://help.paytm.com/careers/engineering/backend-developer,0
https://appleidnotice.site/,1
https://www.dhlcare.io/signin,1
https://ola.com,0
https://7bs08i.blob.core.windows.net/static/media/logo.bo7v0vu5.svg,0
http://a5a6iqd6ow.ga/dropbox/support/login/verification/unlock/recovery/session.php?session=l4p81z1r9efcveki3jrmb15457oy336e&redirect=https%3A%2F%2Fdropbox.com&ref=omgw3ld9lp1y,1
https://support.asana.com/blog/2024/03/how-we-scaled-our-api,0
http://xitc3w7ygpor4qxcdtte8w.tk/microsoft-recovery/login.php,1
http://138.15.223.31:8000/whatsapp/notice/index.php,1
https://bit.ly/uHK3ejm62u,0
https://www.aliexpress.com/dp/B0JUUAJ3J5/ref=sr_1_11?crid=H0Q7A2I2GCNM0&keywords=wireless%20headphones&qid=1746737705&sprefix=wireless%2Caps%2C239&sr=8-6&th=1,0
https://api.myntra.com/search?q=machine+learning,0
https://digitalocean.com/questions/2003505/how-do-i-delete-a-git-branch-locally-and-remotely,0
http://www.microsoft.com/downloads/release-notes,0
https://accounts.dell.com/legal/terms,0
https://www.ir5.site/account/webscr.php,1
http://bit.ly/n2mLMJ,1
https://bit.ly/H6PL6mg,0
http://kv2htcivdp8u51lyt6e0.zip/wellsfargo-payment/auth.aspx,1
https://microsoftnotice.net/,1
http://g44pkz8u58.ga/icici/support/webscr/signin/suspended/account/verification/login.php?session=dlb1hyg8vn0ed05b3zy4alu7hi4&redirect=https%3A%2F%2Ficici.com&ref=wi6se091oe6w,1
http://awhiuo6d0mga.top/paytm-authenticate/secure.php,1
https://news.intel.com/docs/getting-started,0
http://bit.do/g6vzFNy,1
https://mail.arxiv.org/dashboard/analytics/overview?range=30d&tz=UTC,0
https://api.rbi.org.in/p/CxY7ZqKLm2n/,0
http://amazon.com.unlock-secure-yef7k.store/secure/confirm.html,1
https://sites.google.com/view/binance-webscr/auth.aspx,1
http://localhost:8081/pgadmin/browser/?sid=36,0
http://yahoo.com@54i2hxqj.xyz/billing,1
https://paytmupdate.com/,1
https://mail.instagram.com/docs/reference/authentication,0
https://news.numpy.org/legal/terms,0
http://help.salesforce.com/watch?v=dQw4w9WgXcQ,0
https://ibm.com/contact,0
http://api.medium.com/products,0
http://ow.ly/xKTew8pR,1
http://107.171.221.124/whatsapp/verify/auth.aspx,1
http://lzbf8244wo.top/binance/verification/unlock/payment/billing/session.php?session=oxnrgspebnlph7113d115q44idgfdsa9o6qp39&redirect=https%3A%2F%2Fbinance.com&ref=sjiunoiiqix5,1
https://news.axisbank.com/downloads/release-notes,0
https://news.shopify.com/wiki/Machine_learning,0
https://ibm.com/,0
http://gkr932s6et.site/irs/unlock/secure/alert/account/signin/login.php?session=47n3s4yyo544ltlqk46tel850gi6j1&redirect=https%3A%2F%2Firs.com&ref=09hl3wzfasc9,1
https://blog.bbc.co.uk/questions/2003505/how-do-i-delete-a-git-branch-locally-and-remotely,0
https://www.riversidedental.net/assets/js/vendor/citibank/login.php,1
http://www.ooffice365.xyz/verification/login.php,1
https://www.robl0x.win/notice/account.php,1
https://www.walmart.com/dp/B0H4JIMYQ4/ref=sr_1_16?crid=H8M5VOC209GAL&keywords=wireless%20headphones&qid=1719246551&sprefix=wireless%2Caps%2C240&sr=8-1&th=1,0
https://www.nytimes.com/orders/history?from=2024-01-01&to=2024-06-30,0
http://icici.com@l3hoqjt5.ml/recovery,1
https://xn--axisiubbmd-83m4.cyou/login/validate.jsp,1
https://www.europa.eu/pricing,0
https://docs.twitter.com/docs/reference/authentication,0
http://hmrg5ddvsx.work/dhl/billing/verify/recovery/suspended/verification/webscr.php?session=v05hjvxovbk212qbythjj5j4zxmesx&redirect=https%3A%2F%2Fdhl.com&ref=pswwvx1lh19n,1
https://xn--wellcbeoqf-tcw8.ml/unlock/validate.jsp,1
http://wellsfargo.com@cdjjref4.rest/verify,1
https://www.amazonteam.com/signin,1
http://xxwdwg8f3y.ga/microsoft/payment/account/confirm/billing/unlock/update.php?session=77q4p6spun5lx7afvox7s0jbcnlockahiy8zdh5o6wu&redirect=https%3A%2F%2Fmicrosoft.com&ref=ky0isto054aq,1
https://www.flipkart.com/dp/B0O76KJGGT/ref=sr_1_11?crid=25W8Q5QX3AWTV&keywords=wireless%20headphones&qid=1734751053&sprefix=wireless%2Caps%2C298&sr=8-20&th=1,0
https://accounts.harvard.edu/careers/engineering/backend-developer,0
https://lalnfukg.web.app/validate.jsp,1
http://help.chase.com/docs/getting-started,0
http://te5xrcgyp2.bid/facebook/verification/limited/billing/account/recovery/login.php?session=fcb7kqud7hq1t2cjm0a2sh5d1aklxkvumfmqf20ll8bw&redirect=https%3A%2F%2Ffacebook.com&ref=w9r9k9h2mnnz,1
https://api.flipkart.com/careers/engineering/backend-developer,0
http://172.16.2.128:15672/api/v1/status,0
https://news.nptel.ac.in/watch?v=dQw4w9WgXcQ,0
http://gdgy0py1lj.zip/steam/account/unlock/notice/signin/limited/update.php?session=pb9sycg4kzj6apnztd6s5sff1pqoco&redirect=https%3A%2F%2Fsteam.com&ref=xutesa8v3yjk,1
http://roblox.com@sttzef3u.link/notice,1
https://shop.bellavistacafe.com/old/backup/irs/validate.jsp,1
https://accounts.bitbucket.org/news/world/asia/article-48293,0
https://help.noaa.gov/help/article/12045,0
https://chaseonline.info/,1
https://www.aliexpress.com/dp/B0AT0G7RI0/ref=sr_1_4?crid=6HSHG5MMQ7MW0&keywords=wireless%20headphones&qid=1719820683&sprefix=wireless%2Caps%2C141&sr=8-2&th=1,0
http://fp8475ah97.ga/apple/secure/validate/update/authenticate/recovery/validate.jsp?session=bakoweibqxyhv4nqqm9w1mn4w6r&redirect=https%3A%2F%2Fapple.com&ref=fhoo4uknmgrp,1
https://www.silverlinefinance.co/images/gallery/icici/session.php,1
https://stanford.edu/search?q=machine+learning,0
https://2p2jdf4b.weebly.com/update.php,1
https://15ul9wol.firebaseapp.com/uploads/2024/06/report-4899.pdf,0
http://mail.jstor.org/status/1745829301928,0
http://www.cici.loan/secure/webscr.php,1
https://ow.ly/b8pkA3B,0
https://x0wjxb51.web.app/,1
https://support.ebay.com/help/article/12045,0
https://shopify.com/products,0
https://www.login-netflix.org/,1
https://ylqv75af.execute-api.us-east-1.amazonaws.com/api/health,0
http://amazon.com@li7vcpqf.top/support,1
https://support.kaggle.com/blog/2024/03/how-we-scaled-our-api,0
https://help.udemy.com/search?q=machine+learning,0
https://bseindia.com/about,0
http://6pdqvuyu2z.info/coinbase/recovery/validate/signin/verify/update/validate.jsp?session=jpiry95ildo3no59rdyen605t7u5&redirect=https%3A%2F%2Fcoinbase.com&ref=x36y9adwveiz,1
https://store.craftbrewco.com/wp-content/plugins/wp-file-manager/wellsfargo/login.php,1
http://1qbp1u2e17.zip/axisbank/verification/webscr/support/account/authenticate/auth.aspx?session=bqhclmoyk9ysfezi54dp9oeo&redirect=https%3A%2F%2Faxisbank.com&ref=5joebecf8wwr,1
http://imdb.com/careers/engineering/backend-developer,0
http://www.dhll.tk/authenticate/webscr.php,1
https://api.vercel.com/en-us/support/kb/4567123,0
http://www.axxisbank-verification.rest/webscr/account.php,1
http://oracle.com/,0
https://blog.trello.com/user/profile/settings,0
https://shop.dropbox.com/wiki/Machine_learning,0
http://is.gd/VYdpJxTw,1
http://tinyurl.com/kzMuY,1
http://229.60.122.213:81/linkedin/validate/signin.html,1
https://prod-eu-west-1-tvwalj.elasticbeanstalk.com/v1/users/30392/profile?token=kdfr21520rn6hw1hs57tco,0
https://www.amazon.com/dp/B0YC4OM3WT/ref=sr_1_8?crid=OBMZVRERW6Z8V&keywords=wireless%20headphones&qid=1701852240&sprefix=wireless%2Caps%2C129&sr=8-9&th=1,0
https://blog.sbi.co.in/p/CxY7ZqKLm2n/,0
https://colab.research.google.com/cart/checkout,0
https://98q1zxoi.firebaseapp.com/assets/65fdhjk1.min.js,0
http://hsbc.com@i50mdq0c.tk/validate,1
http://fbcbny08w4tp4p9r2.store/outlook-suspended/update.php,1
https://www.irscentre.io/verify,1
http://whatsapp.com@6zcqgygt.club/support,1
http://shop.un.org/wiki/Machine_learning,0
https://customer-support.zoom.us/account/overview,0
https://ow.ly/UGwvJ2hrMB,0
https://udemy.com/status/1745829301928,0
https://nytimes.com/products,0
http://105.18.222.216:81/fedex/payment/update.php,1
http://125.29.8.96:8000/spotify/limited/secure.php,1
http://109.79.170.157/whatsapp/limited/confirm.html,1
https://www.hdfcteam.org/verify,1
https://www.greenleafgardens.com/.well-known/outlook/update.php,1
https://binance.com.unlock-alert-limited-e39d89.work/authenticate/secure.php,1
https://icicinotice.com/,1
https://docs.google.com/legal/privacy-policy,0
https://www.ebay.com/dp/B08EC2228D/ref=sr_1_5?crid=OTRW16SQ04SBO&keywords=wireless%20headphones&qid=1728404392&sprefix=wireless%2Caps%2C285&sr=8-14&th=1,0
https://shop.bellavistacafe.com/old/backup/hsbc/verify.php,1
https://www.amazon.com/dp/B0Z1MZVEUV/ref=sr_1_20?crid=5N4HR3C8J4JNU&keywords=wireless%20headphones&qid=1738131697&sprefix=wireless%2Caps%2C108&sr=8-20&th=1,0
http://tiny.cc/U9244S,1
http://220.249.120.4:8443/binance/account/validate.jsp,1
https://support.ieee.org/pricing,0
https://samsung.com/,0
https://sites.google.com/view/office365-secure/office365-suspended.html,1
https://blog.thepotterystudio.co.uk/cgi-bin/coinbase/login.php,1
https://docs.hsbc.com/pricing,0
https://support.slack.com/news/world/asia/article-48293,0
https://prod-eu-west-1-6ouxdx.elasticbeanstalk.com/v1/users/34217/profile?token=iedrdhzq7h97aqql945p7m,0
http://support.dropbox.com/legal/privacy-policy,0
https://sites.google.com/view/instagram-validate/,1
https://www.steam-id.io/account,1
https://mail.gitlab.com/pricing,0
https://docs.arxiv.org/cart/checkout,0
https://api.booking.com/docs/reference/authentication,0
https://amazon.com/dashboard/analytics/overview?range=30d&tz=UTC,0
https://blog.irctc.co.in/search?q=best+laptops+2024&sort=rating,0
http://citibank.com.validate-35weuzki.info/account/account.php,1
https://mail.pytorch.org/legal/privacy-policy,0
https://sony.com/cart/checkout,0
https://buff.ly/TbLigqF7hh,0
https://blog.asana.com/,0
https://accounts.gov.uk/contact,0
https://www.citibank-secure.org/login,1
https://reddit.com/about,0
https://expedia.com/docs/reference/authentication,0
https://instagramservice.net/,1
http://tiny.cc/rTzV9V,1
https://docs.samsung.com/docs/getting-started,0
http://192.168.3.129:15672/api/v1/status,0
https://www.colab.research.google.com/careers/engineering/backend-developer,0
https://news.worldbank.org/orders/history?from=2024-01-01&to=2024-06-30,0
https://api.iitb.ac.in/products,0
https://www.paytm.com/about,0
http://www.c1tibank.link/unlock/index.php,1
http://shorturl.at/YAXhZR,1
http://shorturl.at/5K79hAF,1
https://news.cdc.gov/wiki/Machine_learning,0
http://j4vm90y95d2ntig8b6n.icu/amazon-notice/webscr.php,1
https://wg6vlxx3.weebly.com/,1
http://ow.ly/8fFMaJXJ,1
http://58.76.199.65/dropbox/validate/index.php,1
https://mail.scikit-learn.org,0
http://wlc7typs52.sbs/microsoft/validate/notice/update/unlock/update.php?session=loy2qd60x0cbklv5botmwxnrh4yd475z4p09h&redirect=https%3A%2F%2Fmicrosoft.com&ref=gwt1mntthcfl,1
https://www.spotify.com/careers/engineering/backend-developer,0
https://api.nytimes.com/user/profile/settings,0
http://bit.ly/5ZbErx,1
https://xn--coinsz6myp-njcs.zip/verify/secure.php,1
https://canva.com/legal/privacy-policy,0
https://www.harborviewrealty.com/assets/js/vendor/microsoft/verify.php,1
https://news.ox.ac.uk/category/electronics/laptops?page=3,0
https://www.paypal.com/signin?country.x=US&locale.x=en_US,0
http://10.0.9.145:5601/api/v1/status,0
https://xn--stea0ke4zk-3lto.zip/verify/update.php,1
https://ox.ac.uk/orders/history?from=2024-01-01&to=2024-06-30,0
https://www.riversidedental.net/wp-content/uploads/roblox/secure.php,1
http://shop.colab.research.google.com/downloads/release-notes,0
http://whatsapp.com@p3va5lj7.work/suspended,1
https://xn--irs8g9d43-rgs7.zip/verify/confirm.html,1
https://youtube.com/pricing,0
http://www.sbc-notice.net/alert/verify.php,1
https://t.co/NQyE4a5t,0
https://news.springer.com/dashboard/analytics/overview?range=30d&tz=UTC,0
https://forbes.com/downloads/release-notes,0
http://v8vavgtvcs2lpz0sz.sbs/facebook-update/webscr.php,1
https://shop.dell.com/en-us/support/kb/4567123,0
https://2xwwiv609.000webhostapp.com/validate.jsp,1
https://www.aliexpress.com/dp/B0J2OG6Z9N/ref=sr_1_2?crid=IFV9XTKOOLTFY&keywords=wireless%20headphones&qid=1749418162&sprefix=wireless%2Caps%2C195&sr=8-3&th=1,0
https://blog.numpy.org/status/1745829301928,0
http://xd0com5e8yw6uebieszu.loan/citibank-verify/auth.aspx,1
https://icicionline.net/,1
http://hdfc.com@qpj6cgqa.bid/payment,1
https://www.apleid.ga/notice/signin.html,1
https://shop.nasa.gov/legal/privacy-policy,0
http://bit.ly/WNNNYZn,1
http://yrp4xass3du9.ml/wellsfargo-billing/account.php,1
https://www.flask.palletsprojects.com/docs/reference/authentication,0
https://whatsappservice.net/,1
https://walmart.com/help/article/12045,0
http://news.bbc.co.uk/cart/checkout,0
http://3.223.132.73:8443/phonepe/validate/index.php,1
https://docs.github.com/pricing,0
https://xn--paytbhnv9t-hdpq.ga/signin/index.php,1
http://63.207.215.194/whatsapp/alert/login.php,1
https://mit.edu/p/CxY7ZqKLm2n/,0
https://outlook.com.payment-p2lptfbjt.ml/support/auth.aspx,1
https://salesforce.com/pricing,0
http://1nmsz3r1rz1cpni5m4qhvj.site/microsoft-limited/update.php,1
https://support.nature.com/news/world/asia/article-48293,0
http://dropbox.com@crtig4un.link/suspended,1
http://www.hdfc-login.loan/limited/verify.php,1
https://nature.com/blog/2024/03/how-we-scaled-our-api,0
http://ze3qorwkk2.site/outlook/payment/verify/verification/unlock/billing/recovery/auth.aspx?session=upxioli3z5mdu3lh61rvoi1f&redirect=https%3A%2F%2Foutlook.com&ref=g7awuq5dd097,1
https://expedia.com/help/article/12045,0
http://instagram.com.verification-kaf5xtxre.zip/authenticate/auth.aspx,1
http://13hx1ft3aek8nq.link/phonepe-signin/secure.php,1
https://d8dudd467.cloudfront.net/uploads/2024/06/report-5272.pdf,0
http://47.44.10.149/spotify/verification/confirm.html,1
https://xn--binaqkep5m-gn0m.site/unlock/confirm.html,1
https://api.atlassian.com/contact,0
https://mail.myntra.com/category/electronics/laptops?page=3,0
https://www.riversidedental.net/wp-content/plugins/wp-file-manager/google/secure.php,1
http://support.expedia.com/legal/privacy-policy,0
https://www.rbi.org.in/search?q=best+laptops+2024&sort=rating,0
https://accounts.bbc.co.uk/,0
http://tiny.cc/KDR4N6ad,1
https://whatsapponline.org/,1
http://wcw4j6e7r2.store/amazon/support/billing/payment/authenticate/suspended/recovery/verify.php?session=pprox4p14cg16xjxpe4udqan4bfh7uz92rbwkbu&redirect=https%3A%2F%2Famazon.com&ref=yz6dznlse1gf,1
http://tinyurl.com/yCxEHPN5,1
https://www.h5bc-support.click/update/auth.aspx,1
https://news.netlify.com/blog/2024/03/how-we-scaled-our-api,0
http://f695v6fx9h71ipn37rd6.ga/irs-limited/confirm.html,1
https://www.atlassian.com/status/1745829301928,0
http://is.gd/ds2XmwNP,1
https://blog.intel.com/about,0
https://t.co/ir84zs5BA4,0
https://docs.nasa.gov/legal/privacy-policy,0
http://alvixqghdxw0ltej10206b.ml/citibank-support/auth.aspx,1
https://ibm.com/p/CxY7ZqKLm2n/,0
https://swiggy.com/cart/checkout,0
https://slack.com/search?q=best+laptops+2024&sort=rating,0
https://www.stackoverflow.com/legal/terms,0
http://fedex.com@y4we1xn2.icu/webscr,1
https://blog.ox.ac.uk/blog/2024/03/how-we-scaled-our-api,0
https://shop.google.com/news/world/asia/article-48293,0
https://shop.reddit.com/dashboard/analytics/overview?range=30d&tz=UTC,0
http://gsptszkl6b.store/amazon/recovery/verify/limited/suspended/payment/account.php?session=okqczvi0eihy0t7fdaeeknobh03yvxy3plo9my6t&redirect=https%3A%2F%2Famazon.com&ref=qdum6avxark7,1
http://h127vobrtu.icu/citibank/secure/authenticate/billing/support/update/account.php?session=sq82zohybd2zsf0u93bewiwd0pvt&redirect=https%3A%2F%2Fcitibank.com&ref=w6e9zpitnmua,1
http://notion.so/watch?v=dQw4w9WgXcQ,0
http://dhl.com@p5yl4tkd.loan/unlock,1
http://www.citibak.sbs/limited/session.php,1
http://rb.gy/pWdFsKF,1
http://ow.ly/DEPLRPsF,1
https://www.walmart.com/dp/B06DN7J95I/ref=sr_1_8?crid=JTTA5MHEAJH7G&keywords=wireless%20headphones&qid=1716589719&sprefix=wireless%2Caps%2C152&sr=8-4&th=1,0
https://www.kaggle.com/user/profile/settings,0
https://blog.arxiv.org/blog,0
https://news.myntra.com/news/world/asia/article-48293,0
http://sbi.com.update-confirm-limited-ll51.tk/support/update.php,1
https://www.ibm.com/blog,0
https://shop.oracle.com/contact,0
http://192.168.3.199:15672/jenkins/job/nightly-build/lastBuild/console,0
https://intel.com/news/world/asia/article-48293,0
http://www.coinbase-help.xyz/support/account.php,1
https://help.uber.com/downloads/release-notes,0
http://bit.do/2iccD,1
https://www.twitter.com/news/world/asia/article-48293,0
http://paypal.com.limited-suspended-alert-l2i2i.ml/recovery/secure.php,1
http://shop.udemy.com/blog/2024/03/how-we-scaled-our-api,0
https://store.craftbrewco.com/.well-known/spotify/login.php,1
http://81.141.14.239:8443/appleid/payment/auth.aspx,1
https://kdfs95a16i.s3.amazonaws.com/uploads/2024/06/report-3761.pdf,0
http://hnnh5jmi97kol3utfn74.buzz/microsoft-support/update.php,1
https://mail.djangoproject.com/questions/2003505/how-do-i-delete-a-git-branch-locally-and-remotely,0
https://sf2eddov.repl.co/wellsfargo-authenticate.html,1
https://store.craftbrewco.com/.well-known/icici/secure.php,1
http://jcgzv10npn.online/facebook/validate/alert/verify/authenticate/webscr/confirm.html?session=14dfai5eduiam83kgihxecrwyktr0l&redirect=https%3A%2F%2Ffacebook.com&ref=c7jsmiyiup8f,1
https://xn--citix005dm-2d2d.ga/login/auth.aspx,1
http://127.0.0.1:8081/grafana/d/nqn3qch7l/service-overview?orgId=1&refresh=30s,0
http://fedex.com@6vey30xw.bid/notice,1
https://docs.nature.com/pricing,0
http://localhost:8080/admin/login,0
http://zrobpi53rs.info/wellsfargo/limited/payment/recovery/support/verification/update.php?session=wdums55qff0ak6xwm985vw95uldqewuk7kodg&redirect=https%3A%2F%2Fwellsfargo.com&ref=oojtw3715sds,1
https://dltyz7kp.weebly.com/paypal-notice.html,1
http://1y4x6w725f.store/citibank/verification/notice/authenticate/secure/login/session.php?session=75qqklv2mcn5q6xd7n2rojddza9pa35p&redirect=https%3A%2F%2Fcitibank.com&ref=u3ooovo6n5cl,1
https://api.zomato.com/news/world/asia/article-48293,0
https://bseindia.com/news/world/asia/article-48293,0
http://10.111.165.241:8443/steam/webscr/login.php,1
http://195.50.118.47:8000/steam/recovery/update.php,1
https://prod-eu-west-1-20qd58.elasticbeanstalk.com/uploads/2024/06/report-4926.pdf,0
http://lj39hmzjq9.tk/hsbc/billing/webscr/limited/unlock/update/session.php?session=zy0p291hlaqw5504qdqwbzkwfhfwx1v&redirect=https%3A%2F%2Fhsbc.com&ref=r144om9pvdj3,1
https://paytmnotice.info/,1
http://rb.gy/LCAFB3SU,1
http://intel.com/pricing,0
https://news.harvard.edu/cart/checkout,0
http://251.75.89.17/amazon/verification/verify.php,1
https://akdg895d.repl.co/,1
https://www.booking.com/news/world/asia/article-48293,0
http://is.gd/iVYq4x7,1
https://help.zomato.com/pricing,0
https://sites.google.com/view/hsbc-verify/,1
https://news.gov.uk/watch?v=dQw4w9WgXcQ,0
https://qexti8mss.000webhostapp.com/paytm-update.html,1
https://nptel.ac.in/help/article/12045,0
http://bit.ly/kyd79Qnn,1
http://192.168.0.57:3000/admin/login,0
https://xn--amaz6hk3xf-4dbp.click/confirm/account.php,1
https://prod-eu-west-1-j8mhem.elasticbeanstalk.com/uploads/2024/06/report-5123.pdf,0
http://l37x2rm0skvr.online/linkedin-payment/validate.jsp,1
https://instagram.com/orders/history?from=2024-01-01&to=2024-06-30,0
https://support.canva.com/questions/2003505/how-do-i-delete-a-git-branch-locally-and-remotely,0
https://stackoverflow.com/products,0
http://cutt.ly/tD7FM,1
https://firebasestorage.googleapis.com/v0/b/z9cnrxq8n-13751.appspot.com/o/signin.html,1
https://paypalupdate.site/,1
https://www.greenleafgardens.com/images/gallery/whatsapp/signin.html,1
http://is.gd/MeaVUH,1
https://duolingo.com/docs/reference/authentication,0
http://microsoft.com.signin-update-login-qvo64xyo7.work/confirm/confirm.html,1
https://accounts.stanford.edu/legal/terms,0
https://portal.springfieldschools.org/wp-includes/irs/update.php,1
http://apple.com.update-limited-recovery-w1gidysyr.rest/unlock/update.php,1
http://wellsfargo.com@e5nys5b7.bid/billing,1
http://sdd1ay86iy.link/appleid/account/verification/notice/alert/webscr.php?session=xow6dnvk67bvb5uc56f2nxqsiwlr4554qsryqpct1&redirect=https%3A%2F%2Fappleid.com&ref=1i3xxn53o9ws,1
https://docs.ugc.gov.in/downloads/release-notes,0
https://mail.netlify.com/watch?v=dQw4w9WgXcQ,0
https://330kvoskk9.s3.amazonaws.com/uploads/2024/06/report-3440.pdf,0
https://cam.ac.uk/search?q=best+laptops+2024&sort=rating,0
https://paytm.com.support-verify-limited-x7fhdgsy.top/alert/index.php,1
http://hpgsxyixodndireobahh.ga/chase-payment/secure.php,1
http://254.89.164.239:8080/whatsapp/secure/secure.php,1
https://api.twitter.com/contact,0
https://blog.thepotterystudio.co.uk/wp-includes/netflix/login.php,1
http://www.ph0nepe-webscr.cf/support/secure.php,1
http://1zyd8h63u7.loan/netflix/limited/unlock/secure/suspended/login.php?session=1yh0evmf2yzbkssxy3f6fsnoy2v3vxqzby9mrl0bxmp78kt&redirect=https%3A%2F%2Fnetflix.com&ref=sgsbm0ot72qv,1
https://prod-eu-west-1-xq4kko.elasticbeanstalk.com/assets/77mcyxdo.min.js,0
https://shop.linkedin.com/en-us/support/kb/4567123,0
http://www.appl3id-support.net/alert/secure.php,1
https://shop.paytm.com/,0
https://accounts.cnn.com/user/profile/settings,0
http://tgxzgad5i1d3.zip/coinbase-alert/signin.html,1
https://blog.slack.com/,0
http://bit.do/UvgJA,1
http://8jtcjgh17jofn57f6ga.online/appleid-limited/secure.php,1
https://blog.thepotterystudio.co.uk/.well-known/binance/auth.aspx,1
http://phonepe.com.alert-limited-haquqd.link/authenticate/webscr.php,1
https://www.greenleafgardens.com/old/backup/outlook/update.php,1
http://facebook.com.verification-authenticate-limited-ywm9n5.info/webscr/index.php,1
https://www.login-office365.net/,1
https://github.com/legal/terms,0
http://blog.nseindia.com/watch?v=dQw4w9WgXcQ,0
https://api.uber.com/questions/2003505/how-do-i-delete-a-git-branch-locally-and-remotely,0
https://www.stackoverflow.com/category/electronics/laptops?page=3,0
http://1jojwi1wxv2v2.online/dhl-validate/signin.html,1
https://firebasestorage.googleapis.com/v0/b/1yahdknfp-68020.appspot.com/o/icici-authenticate.html,1
https://jeheg7b9n.000webhostapp.com/index.php,1
http://www.iccici.tk/alert/validate.jsp,1
http://www.lnkedin.xyz/confirm/webscr.php,1
http://help.acm.org/blog/2024/03/how-we-scaled-our-api,0
https://un.org/contact,0
https://www.aliexpress.com/dp/B0E8TDV8A4/ref=sr_1_15?crid=64V0WSSKCTQD4&keywords=wireless%20headphones&qid=1738798391&sprefix=wireless%2Caps%2C143&sr=8-19&th=1,0
https://edx.org/watch?v=dQw4w9WgXcQ,0
https://support.iitb.ac.in/dashboard/analytics/overview?range=30d&tz=UTC,0
http://jeokytrytogbihib5.info/fedex-support/webscr.php,1
https://stackoverflow.com/,0
http://dropbox.com.secure-limited-hraude.club/unlock/signin.html,1
https://shop.ebay.com/help/article/12045,0
https://docs.airbnb.com/wiki/Machine_learning,0
https://accounts.vercel.com/pricing,0
https://support.zoom.us/user/profile/settings,0
https://wellsfargo.com/p/CxY7ZqKLm2n/,0
http://www.dhlsec-validate.store/signin/secure.php,1
https://ow.ly/ZfJxShSL52,0
https://help.khanacademy.org/docs/getting-started,0
https://docs.nic.in/news/world/asia/article-48293,0
https://shop.iisc.ac.in/questions/2003505/how-do-i-delete-a-git-branch-locally-and-remotely,0
http://www.spotifyy-unlock.gq/validate/confirm.html,1
http://docs.edx.org/blog/2024/03/how-we-scaled-our-api,0
http://ux7zalztinzlt.zip/paytm-suspended/session.php,1
http://z710ccfknm.ga/yahoo/secure/support/confirm/unlock/payment/confirm.html?session=pqvsgig3ykd8cel7pq6k8abkbwpyubsw&redirect=https%3A%2F%2Fyahoo.com&ref=itarhu3u6rj3,1
https://yahoo.com.alert-limited-webscr-ili47.win/verification/webscr.php,1
https://news.microsoft.com/cart/checkout,0
https://paytm.com.notice-webscr-dwyui.ga/notice/verify.php,1
http://linkedin.com.limited-validate-update-r71gnfgam.zip/secure/account.php,1
https://cn2armmo.weebly.com/facebook-confirm.html,1
https://docs.instagram.com/category/electronics/laptops?page=3,0
https://snlld36.glitch.me/,1
https://gitlab.com/downloads/release-notes,0
https://www.ebay.com/dp/B0GE8VT4M8/ref=sr_1_5?crid=CIM09Q9WX2H1E&keywords=wireless%20headphones&qid=1732401543&sprefix=wireless%2Caps%2C207&sr=8-17&th=1,0
https://notion.so,0
http://192.168.1.118:15672/grafana/d/749di4arx/service-overview?orgId=1&refresh=30s,0
http://notion.so/about,0
http://192.168.2.9:8081/admin/login,0
https://ola.com/about,0
https://www.heroku.com/news/world/asia/article-48293,0
http://95g8mshdda1yu8s.link/spotify-confirm/session.php,1
http://amazon.com.suspended-validate-notice-st4mlf4.zip/support/update.php,1
http://os9yqh5ua3.loan/hdfc/notice/limited/signin/unlock/verification/confirm/index.php?session=50wajskwdfjihxmxm3uk4e3zzhyksimn7bhd4ch23stzb8&redirect=https%3A%2F%2Fhdfc.com&ref=ginohuor5ylg,1
http://accounts.expedia.com/downloads/release-notes,0
http://bit.ly/8hXkCgB,1
https://docs.djangoproject.com/user/profile/settings,0
http://9.168.90.45:8000/netflix/limited/verify.php,1
http://07jplc2kt6.cyou/roblox/signin/secure/support/limited/confirm/payment/signin.html?session=048el76p2o8vod9jl27gr1wpup&redirect=https%3A%2F%2Froblox.com&ref=fv1kody59ber,1
https://xn--what7v6es7-8auv.ga/alert/confirm.html,1
https://bit.ly/vVSQWbhuy,0
https://ow.ly/RFfn23cT,0
http://accounts.coursera.org/en-us/support/kb/4567123,0
http://www.rblox-authenticate.icu/notice/verify.php,1
https://www.login-linkedin.org/signin,1
https://iisc.ac.in/docs/reference/authentication,0
https://www.secure-dropbox.co/verify,1
https://xn--citisfcqm5-3ck0.sbs/login/confirm.html,1
https://ow.ly/ndSjpif,0
https://booking.com/pricing,0
http://binance.com@hzbizv42.buzz/verification,1
https://www.harborviewrealty.com/old/backup/icici/secure.php,1
http://172.16.8.107:9090/kibana/app/discover,0
https://www.harvard.edu/search?q=best+laptops+2024&sort=rating,0
https://hdfcportal.info/,1
https://docs.pandas.pydata.org/legal/privacy-policy,0
http://bit.ly/AHUus,1
https://yahoo.com.support-suspended-billing-5cjni6m.bid/signin/confirm.html,1
https://accounts.iitd.ac.in/,0
http://146.160.163.146:8443/google/payment/auth.aspx,1
http://slack.com/search?q=best+laptops+2024&sort=rating,0
https://www.india.gov.in/user/profile/settings,0
https://docs.ibm.com/questions/2003505/how-do-i-delete-a-git-branch-locally-and-remotely,0
https://www.dhl-support.io/signin,1
https://udemy.com/blog,0
http://sxb5xz619bs55ddfm.win/binance-webscr/validate.jsp,1
http://g14nqj9qj1570f2.click/spotify-secure/confirm.html,1
http://m7i646f2jmvl98g.cf/phonepe-account/secure.php,1
https://www.youtube.com/wiki/Machine_learning,0
https://www.silverlinefinance.co/images/gallery/citibank/secure.php,1
https://sony.com/wiki/Machine_learning,0
https://storage.googleapis.com/pxr3p3lh-prod-assets/uploads/2024/06/report-8645.pdf,0
https://accounts.arxiv.org/contact,0
https://www.paytm-id.co/,1
https://axisbank.com.support-secure-account-mdo6amxr.club/webscr/session.php,1
https://xn--usps320sim-376u.ml/webscr/auth.aspx,1
http://c2hgs5udwl.gq/linkedin/payment/confirm/webscr/authenticate/login.php?session=bxvii44bi1dt3z472lwz1teenwa21sy2k2zmn06b&redirect=https%3A%2F%2Flinkedin.com&ref=gej4asjixopi,1
http://outlook.com@2mmiib0l.click/suspended,1
https://www.acmelogistics.in/wp-includes/icici/confirm.html,1
https://fedex.com.login-authenticate-confirm-9jgdl.bid/verify/signin.html,1
https://mail.oracle.com/questions/2003505/how-do-i-delete-a-git-branch-locally-and-remotely,0
https://shop.zoom.us/wiki/Machine_learning,0
http://apple.com@0g8idasx.zip/verification,1
https://pandas.pydata.org/blog,0
http://7crb4o3ndr.ga/roblox/unlock/support/confirm/billing/limited/webscr/confirm.html?session=p2wr9c47axo8nm8xzmlhp0yt&redirect=https%3A%2F%2Froblox.com&ref=aynlqbugcj0x,1
http://25.80.54.88/linkedin/confirm/signin.html,1
https://support.forbes.com/products,0
https://www.reuters.com/status/1745829301928,0
https://salesforce.com/help/article/12045,0
https://paypalnotice.info/,1
http://sbi.com@fh64j3rl.bid/account,1
https://www.paypal.com/orders/history?from=2024-01-01&to=2024-06-30,0
http://df93e0ymrfdvvy5kqi2r.ml/facebook-webscr/webscr.php,1
https://dropbox.com.signin-support-aan5.info/limited/validate.jsp,1
https://myntra.com/en-us/support/kb/4567123,0
http://192.168.0.184:9090/grafana/d/9875e78hn/service-overview?orgId=1&refresh=30s,0
http://127.76.18.207/microsoft/unlock/secure.php,1
https://buff.ly/YGn5tbUt9,0
https://mail.un.org/questions/2003505/how-do-i-delete-a-git-branch-locally-and-remotely,0
https://hsbc.com/orders/history?from=2024-01-01&to=2024-06-30,0
http://7tho8phl31.ml/citibank/recovery/support/update/verification/payment/account.php?session=z7vh0le4xe3gpxj9tuq3buabw2qv7c500t83&redirect=https%3A%2F%2Fcitibank.com&ref=8pmws8liqxis,1
https://www.silverlinefinance.co/wp-content/plugins/wp-file-manager/coinbase/webscr.php,1
https://www.riversidedental.net/wp-content/uploads/hsbc/update.php,1
http://is.gd/e5tFTMHy,1
http://bit.ly/faFgu,1
http://icici.com@lwd8z3jj.cyou/recovery,1
https://fedexonline.site/,1
https://firebasestorage.googleapis.com/v0/b/xy32glxfx-77981.appspot.com/o/verify.php,1
https://www.is.site/alert/auth.aspx,1
https://3rnvgsi6.repl.co/paytm-recovery.html,1
http://www.oblox-authenticate.top/notice/secure.php,1
https://sites.google.com/view/apple-verification/apple-billing.html,1
http://www.coibase-update.work/confirm/webscr.php,1
https://student-portal.mit.edu/,0
https://news.localgazette.co.za/wp-content/plugins/wp-file-manager/fedex/session.php,1
https://www.riversidedental.net/assets/js/vendor/linkedin/session.php,1
http://92.61.34.192:8080/facebook/update/login.php,1
http://z6q57ud2714luod6g.zip/paytm-secure/webscr.php,1
https://www.binance-support.org/,1
https://accounts.intel.com/products,0
https://paypal.com/p/CxY7ZqKLm2n/,0
http://nytimes.com/dashboard/analytics/overview?range=30d&tz=UTC,0
http://88.103.100.201/appleid/suspended/account.php,1
http://ow.ly/YY3nh,1
https://uber.com/careers/engineering/backend-developer,0
http://10.0.1.94:8000/admin/login,0
https://www.yahoo-inc.net/unlock/login.php,1
http://bit.do/RpJcBkZ,1
https://i3xcrtq6o.000webhostapp.com/index.php,1
https://news.sbi.co.in/,0
http://10.0.4.125:8081/admin/login,0
https://www.paytm.com/wiki/Machine_learning,0
https://news.springer.com/careers/engineering/backend-developer,0
http://www.binance-support.sbs/verify/verify.php,1
https://support.salesforce.com/search?q=machine+learning,0
http://rb.gy/G82BU,1
https://axisbankonline.info/,1
https://microsoft.com.limited-signin-36fxvv.link/limited/confirm.html,1
https://jg8ssdbd.repl.co/confirm.html,1
https://www.go0gle-authenticate.win/billing/verify.php,1
https://support.dropbox.com/blog/2024/03/how-we-scaled-our-api,0
https://www.nature.com/products,0
https://blog.sciencedirect.com/pricing,0
https://www.axisbannk.ml/update/index.php,1
http://tr1dx45ks845s3.club/coinbase-login/validate.jsp,1
https://www.walmart.com/dp/B0WHSBP1ZU/ref=sr_1_13?crid=ZY18NL4IM9YX0&keywords=wireless%20headphones&qid=1710352702&sprefix=wireless%2Caps%2C173&sr=8-5&th=1,0
https://xn--phonmrxd17-v6iq.loan/recovery/index.php,1
https://citibankportal.org/,1
http://189.11.188.18/irs/login/signin.html,1
https://www.ugc.gov.in/products,0
https://prod-eu-west-1-bb0fx3.elasticbeanstalk.com/static/media/logo.r3rm3ski.svg,0
https://www.flipkart.com/blog,0
http://251.74.252.193:8000/wellsfargo/limited/verify.php,1
https://citibankportal.info/,1
https://www.mountaintrektours.com/images/gallery/phonepe/signin.html,1
https://shop.duolingo.com/contact,0
https://shop.bellavistacafe.com/assets/js/vendor/sbi/verify.php,1
http://help.airbnb.com/products,0
http://irs.com@blg4zh4q.top/verification,1
https://dell.com/wiki/Machine_learning,0
http://localhost:8000/api/v1/status,0
http://127.0.0.1:15672/admin/login,0
http://outlook.com.support-i3kv.sbs/update/secure.php,1
http://139.192.134.168:8443/paypal/authenticate/validate.jsp,1
http://172.16.0.74:8080/jenkins/job/nightly-build/lastBuild/console,0
http://235.93.165.137/instagram/authenticate/auth.aspx,1
http://58.122.81.4:8080/paytm/verify/session.php,1
http://192.168.1.114:15672/api/v1/status,0
https://wv5j94y9t.000webhostapp.com/,1
https://ebay.com/help/article/12045,0
https://news.nasa.gov/search?q=best+laptops+2024&sort=rating,0
https://spotify.com.webscr-billing-56xnxku8.club/support/confirm.html,1
https://phonepeservice.net/,1
https://blog.etsy.com/blog,0
https://www.secure-steam.net/login,1
http://amazon.com.validate-confirm-login-3xtlt5n7.info/support/session.php,1
https://www.amazon.com/dp/B0LFFA1OND/ref=sr_1_3?crid=YU7M4M5L4SD2L&keywords=wireless%20headphones&qid=1734063412&sprefix=wireless%2Caps%2C101&sr=8-3&th=1,0
https://www.paytm.com/dashboard/analytics/overview?range=30d&tz=UTC,0
https://docs.bloomberg.com/search?q=best+laptops+2024&sort=rating,0
http://tiny.cc/T2mCnp,1
https://support.irctc.co.in/,0
https://www.irctc.co.in/questions/2003505/how-do-i-delete-a-git-branch-locally-and-remotely,0
https://www.login-coinbase.net/login,1
https://youtube.com/watch?v=dQw4w9WgXcQ,0
https://online-banking.hsbc.co.uk/login,0
https://docs.zoom.us/dashboard/analytics/overview?range=30d&tz=UTC,0
http://support.acm.org/legal/terms,0
http://ol1lrsg9afywhhlt.click/dhl-login/index.php,1
https://firebasestorage.googleapis.com/v0/b/fbutpvfm2-23148.appspot.com/o/instagram-suspended.html,1
https://www.account-paypal.net/account,1
https://netflix.com.secure-support-notice-g3cw5st.site/billing/login.php,1
https://ow.ly/YBG7rsYzQx,0
http://172.16.7.238:8081/jenkins/job/nightly-build/lastBuild/console,0
https://tripadvisor.com/questions/2003505/how-do-i-delete-a-git-branch-locally-and-remotely,0
https://www.canva.com/about,0
http://www.vercel.com/cart/checkout,0
https://blog.iitb.ac.in/downloads/release-notes,0
https://fedexupdate.info/,1
https://www.harborviewrealty.com/.well-known/office365/account.php,1
https://xn--coinyv220a-zgjw.cf/authenticate/update.php,1
https://shop.vercel.com/questions/2003505/how-do-i-delete-a-git-branch-locally-and-remotely,0
http://shorturl.at/GaFSgPSW,1
https://xn--yaho92muhy-8pia.xyz/update/account.php,1
http://coinbase.com.support-payment-secure-mgmsl.loan/account/auth.aspx,1
http://pbmgy594gk0gxs94jag.click/instagram-login/verify.php,1
https://ow.ly/hHnTk9T,0
https://www.facebook.com/category/electronics/laptops?page=3,0
https://www.secure-google.org/signin,1
https://www.github.com/about,0
http://yyc8i885tu62fid4un.online/office365-account/session.php,1
https://www.spotify-secure.io/verify,1
https://www.wellsfargohelp.co/verify,1
https://www.irs-account.co/login,1
https://blog.nih.gov/en-us/support/kb/4567123,0
http://1ho03syf1g.cyou/usps/signin/alert/billing/account/confirm/webscr/login.php?session=6kutg508jjcz8iqv9cl6tw3h90g6f1lxsmgtup0vgmn7&redirect=https%3A%2F%2Fusps.com&ref=urpo2b4py4fi,1
http://sbi.com@qx1b5eq7.rest/unlock,1
http://jlgcg5i5r8.gq/microsoft/update/billing/verify/webscr/signin.html?session=nzqlp5pnentjtes2h64zke44s&redirect=https%3A%2F%2Fmicrosoft.com&ref=vf4vb50pfojr,1
http://e05ti8utdw.loan/instagram/recovery/account/suspended/secure/update/update.php?session=mkz20ogftpfd3vo64frgrl1siobyqyhsm6m6&redirect=https%3A%2F%2Finstagram.com&ref=4qp9s5vi64kt,1
https://mail.reddit.com/help/article/12045,0
https://shop.bellavistacafe.com/wp-content/plugins/wp-file-manager/yahoo/login.php,1
http://180.103.125.161/yahoo/authenticate/webscr.php,1
https://xn--uspshph8qq-qye1.club/limited/confirm.html,1
https://apple.com/wiki/Machine_learning,0
https://outlookupdate.com/,1
https://un.org/wiki/Machine_learning,0
https://agr7gk2e9.000webhostapp.com/,1
https://mail.etsy.com/about,0
http://sbi.com.verify-jyd1cy7k.store/signin/account.php,1
https://portal.springfieldschools.org/wp-content/plugins/wp-file-manager/paytm/validate.jsp,1
https://facebook.com.confirm-support-recovery-fz5yz.sbs/verify/secure.php,1
https://state-bank-of-india.co.in/help/faq,0
https://secure-checkout.shopify.com/login,0
https://www.flipkart.com/dp/B00RD3KNIR/ref=sr_1_16?crid=L6K9URADF577L&keywords=wireless%20headphones&qid=1710799008&sprefix=wireless%2Caps%2C276&sr=8-9&th=1,0
https://wellsfargonotice.info/,1
https://icici.com.recovery-notice-vqh3.tk/recovery/confirm.html,1
https://netflixservice.site/,1
https://nvidia.com/category/electronics/laptops?page=3,0
https://blog.zomato.com/category/electronics/laptops?page=3,0
https://support.stackoverflow.com/search?q=best+laptops+2024&sort=rating,0
https://microsoft.com.verification-limited-unlock-r0426bm.top/verify/secure.php,1
https://www.phonepee.com/verification/login.php,1
https://www.flipkart.com/dp/B077G1P4WY/ref=sr_1_5?crid=9DAK645KE5UPV&keywords=wireless%20headphones&qid=1718666809&sprefix=wireless%2Caps%2C112&sr=8-17&th=1,0
https://www.walmart.com/dp/B0Z3PM7VLU/ref=sr_1_18?crid=AAEA0G7G2WOSQ&keywords=wireless%20headphones&qid=1712957348&sprefix=wireless%2Caps%2C108&sr=8-1&th=1,0
https://binance.com.billing-confirm-notice-wywhjosnq.site/webscr/session.php,1
https://instagramupdate.net/,1
http://shorturl.at/VdMyK4,1
http://rb.gy/Gz3brKd4,1
https://www.my-hdfc.com/account,1
http://cuprjwhg83h1i82t2131.site/fedex-unlock/login.php,1
https://www.paypal-verify.net/verify,1
https://citibank.com/p/CxY7ZqKLm2n/,0
https://www.dhl-account.co/signin,1
http://bit.ly/YdNua,1
http://espn.com,0
http://tiny.cc/hTQ9cmnn,1
http://192.168.4.68:5601/jenkins/job/nightly-build/lastBuild/console,0
https://prod-eu-west-1-1fvyl1.elasticbeanstalk.com/api/health,0
https://robloxalert.info/,1
https://www.my-appleid.io/signin,1
http://f80s7selfjpsycwn5c.gq/steam-webscr/verify.php,1
https://www.roblox-verify.com/account,1
http://52.81.1.222/roblox/notice/secure.php,1
https://facebook.com/cart/checkout,0
https://news.edx.org,0
http://jr3z4xhiv9.top/yahoo/limited/alert/secure/login/account/account.php?session=vijdl1lzodniyqwkx2opac3qcyovf16vj&redirect=https%3A%2F%2Fyahoo.com&ref=bdwnz0nmi51o,1
http://sgkniilokc.loan/instagram/login/support/verification/limited/confirm/account.php?session=axw955ozsl5n3w3jo7g1eijfpuggepndgb4vmxclqzr7&redirect=https%3A%2F%2Finstagram.com&ref=p7u4dtngp4a7,1
https://shop.rbi.org.in,0
http://p92k79b5p1.cyou/fedex/payment/alert/validate/account/verify/unlock/session.php?session=amw9w64iyml4wcl5ejytlhal&redirect=https%3A%2F%2Ffedex.com&ref=t5cyuahzropw,1
https://6puk36d62.000webhostapp.com/,1
http://yahoo.com@97gt5tjw.tk/webscr,1
https://student-portal.mit.edu/account/overview,0
http://6jjidjufnbal.ml/phonepe-signin/session.php,1
https://applenotice.net/,1
https://xn--outlhi3q6g-yj07.buzz/update/login.php,1
http://lma0mw04nw.rest/coinbase/authenticate/suspended/payment/validate/notice/limited/account.php?session=60mf1odwk5dqnyllwf1qipahi4szah5yngf61p3b7xwoya0j&redirect=https%3A%2F%2Fcoinbase.com&ref=xzsk7teatacn,1
https://firebasestorage.googleapis.com/v0/b/zn4npoaco-10903.appspot.com/o/citibank-billing.html,1
http://105.70.46.38:8080/instagram/webscr/secure.php,1
https://www.my-irs.com/signin,1
http://support.intel.com/en-us/support/kb/4567123,0
https://digitalocean.com/contact,0
http://10.0.3.234:8080/kibana/app/discover,0
https://8g5su2u2.weebly.com/update.php,1
http://shorturl.at/NDB2FyKf,1
http://w1ypcx2k5x.cyou/steam/recovery/signin/webscr/secure/alert/verify.php?session=fcnwzku4ziedcj7bw3vxbbdqtre&redirect=https%3A%2F%2Fsteam.com&ref=lbkh2u8l9nbu,1
http://irs.com.unlock-nchg.sbs/account/webscr.php,1
https://shop.bellavistacafe.com/wp-includes/microsoft/verify.php,1
https://www.account-office365.co/account,1
http://43.242.25.56/linkedin/verify/session.php,1
https://google.com.limited-account-webscr-p3i4wg.work/validate/session.php,1
http://dropbox.com@m9wz9pzv.sbs/login,1
https://support.colab.research.google.com/blog/2024/03/how-we-scaled-our-api,0
http://nseindia.com/blog/2024/03/how-we-scaled-our-api,0
https://www.axisbank-account.io/login,1
https://instagram.com.authenticate-alert-account-s6b9b.cyou/login/update.php,1
https://xn--linkknvbyj-5bsc.store/verify/update.php,1
https://www.robloxteam.io/signin,1
http://blog.tripadvisor.com,0
http://bgmdhepiyp.club/hsbc/billing/alert/support/webscr/update/auth.aspx?session=nt7xvadjpb3ky38k8zyf6i6ubrc0idtoshajo&redirect=https%3A%2F%2Fhsbc.com&ref=8906t0107z4m,1
http://appleid.com@b1po57ip.cyou/limited,1
http://citibank.com.payment-alert-billing-04jzwv.cf/notice/verify.php,1
https://accounts.djangoproject.com/news/world/asia/article-48293,0
https://blog.worldbank.org/category/electronics/laptops?page=3,0
http://impwrdpx2f.club/appleid/limited/authenticate/login/account/confirm/index.php?session=gapegexw54de8oa46tb6lqwyasojbhmcj&redirect=https%3A%2F%2Fappleid.com&ref=9qq5k39eihyu,1
http://ow.ly/cNrCZrA,1
https://api.sbi.co.in/docs/reference/authentication,0
http://etsy.com/status/1745829301928,0
http://bit.ly/rBCKQNw,1
http://vmfghjpwbrkzwl3qj91yl.cf/phonepe-login/webscr.php,1
https://sciencedirect.com/careers/engineering/backend-developer,0
http://c29k408g4h0sjd5q.sbs/hsbc-support/validate.jsp,1
https://irsupdate.org/,1
https://news.colab.research.google.com/contact,0
https://shop.cdc.gov/docs/getting-started,0
https://accounts.irctc.co.in/pricing,0
http://shop.ieee.org,0
http://109.99.101.59/chase/unlock/validate.jsp,1
https://www.acmelogistics.in/old/backup/usps/auth.aspx,1
https://samsung.com/status/1745829301928,0
https://www.flipkart.com/dp/B010UEN0RS/ref=sr_1_6?crid=QPZPHJMBPT359&keywords=wireless%20headphones&qid=1729268384&sprefix=wireless%2Caps%2C208&sr=8-2&th=1,0
https://my-account.spotify.com/help/faq,0
http://128.177.113.206:8080/axisbank/billing/session.php,1
https://www.my-microsoft.io/login,1
https://iitb.ac.in/search?q=machine+learning,0
https://help.coursera.org/blog/2024/03/how-we-scaled-our-api,0
http://icici.com.authenticate-support-860n5fp.win/limited/webscr.php,1
https://shop.medium.com/dashboard/analytics/overview?range=30d&tz=UTC,0
https://scikit-learn.org/help/article/12045,0
https://xn--applwotqe4-hv5u.buzz/authenticate/signin.html,1
https://www.nasa.gov/contact,0
https://a5vum9ax.weebly.com/secure.php,1
http://www.yahoosec-authenticate.cyou/alert/auth.aspx,1
https://blog.iitb.ac.in/about,0
http://office365.com@jec9hhcn.loan/authenticate,1
https://153os6u1m.000webhostapp.com/account.php,1
https://www.yahoo-verify.io/account,1
https://www.coinbaase.buzz/account/session.php,1
https://xn--steau988rm-919s.link/confirm/session.php,1
https://my-account.spotify.com/,0
https://blog.irctc.co.in/search?q=machine+learning,0
https://t.co/YLjuNGPSrR,0
https://support.nseindia.com/downloads/release-notes,0
https://gitlab.com/watch?v=dQw4w9WgXcQ,0
https://xqvk7mjr.web.app/,1
https://news.zoom.us/category/electronics/laptops?page=3,0
https://docs.uber.com/cart/checkout,0
https://www.harborviewrealty.com/assets/js/vendor/appleid/signin.html,1
https://github.com/login?return_to=%2Fsettings%2Fsecurity,0
https://www.outlook-verify.co/verify,1
http://81.81.242.219:81/wellsfargo/notice/webscr.php,1
https://8b4x0vpdb.000webhostapp.com/verify.php,1
https://fedexupdate.org/,1
https://khanacademy.org/help/article/12045,0
http://nvazg53ln6.gq/roblox/verify/webscr/verification/suspended/login.php?session=hlu4t7hwnlt1dyo6g7a7vwrlczapzdd59q&redirect=https%3A%2F%2Froblox.com&ref=3wehpt91v209,1
https://www.paypal.com/search?q=machine+learning,0
https://qbqgfmzv.web.app/,1
http://coinbase.com@gjtcm1bh.xyz/authenticate,1
https://news.localgazette.co.za/old/backup/yahoo/confirm.html,1
https://www.my-facebook.net/signin,1
https://shop.dell.com/legal/privacy-policy,0
https://www.hdfcsec-confirm.xyz/account/validate.jsp,1
http://phonepe.com@k0oxxf41.club/alert,1
https://accounts.samsung.com/contact,0
https://www.whatssapp-billing.win/billing/login.php,1
http://10.0.7.194:3000/admin/login,0
http://paytm.com.authenticate-billing-fixglg88m.site/account/update.php,1
https://mail.iisc.ac.in/cart/checkout,0
https://accounts.dell.com/p/CxY7ZqKLm2n/,0
https://coinbase.com.secure-update-ftld36mra.sbs/webscr/validate.jsp,1
http://u3514n6bc3uc07imp4p.win/hsbc-confirm/update.php,1
https://nptel.ac.in/careers/engineering/backend-developer,0
https://xn--phon41mixh-z0ie.buzz/recovery/validate.jsp,1
http://www.chas3-suspended.xyz/update/webscr.php,1
https://shop.iisc.ac.in/docs/getting-started,0
http://amazon.com@dyk19sse.loan/webscr,1
http://177.138.197.66:8888/spotify/verification/verify.php,1
http://tinyurl.com/wUbTSa,1
http://qxggoks04ej3vkn2gbaj.bid/binance-unlock/index.php,1
https://www.icicibank.com/personal-banking/login/verify-account,0
https://www.ebay.com/dp/B01IFI031L/ref=sr_1_15?crid=6192YWOL1A5P6&keywords=wireless%20headphones&qid=1718069091&sprefix=wireless%2Caps%2C205&sr=8-18&th=1,0
https://shop.bellavistacafe.com/.well-known/facebook/validate.jsp,1
http://www.dhlid.online/support/auth.aspx,1
https://www.netflixcentre.co/login,1
https://sites.google.com/view/spotify-payment/spotify-limited.html,1
https://shop.bellavistacafe.com/.well-known/citibank/login.php,1
http://442kh1ysdfylu.top/paytm-billing/confirm.html,1
http://stanford.edu/watch?v=dQw4w9WgXcQ,0
https://microsoftonline.com/,1
https://pandas.pydata.org/dashboard/analytics/overview?range=30d&tz=UTC,0
https://shop.paytm.com/docs/reference/authentication,0
https://oh1iu6ed.repl.co/steam-webscr.html,1
http://tiny.cc/XzPuVMBq,1
https://www.coinbase-help.link/verify/update.php,1
https://firebasestorage.googleapis.com/v0/b/mdeuocmdt-48906.appspot.com/o/binance-validate.html,1
https://www.aliexpress.com/dp/B035OKZSPB/ref=sr_1_19?crid=VQQ5HL22ALL2E&keywords=wireless%20headphones&qid=1710877647&sprefix=wireless%2Caps%2C114&sr=8-11&th=1,0
https://shop.bellavistacafe.com/wp-content/uploads/dropbox/signin.html,1
https://news.imdb.com/downloads/release-notes,0
http://whatsapp.com@gz9uwuaj.icu/notice,1
https://www.notion.so/legal/privacy-policy,0
https://jstor.org/wiki/Machine_learning,0
http://support.hdfcbank.com/watch?v=dQw4w9WgXcQ,0
https://theguardian.com/pricing,0
http://172.16.6.131:15672/kibana/app/discover,0
http://apple.com@jd09ljau.top/validate,1
http://trello.com/,0
https://uwb78a1mv.000webhostapp.com/steam-login.html,1
https://api.axisbank.com/watch?v=dQw4w9WgXcQ,0
http://n4khoh19liyd7an2exgo.sbs/office365-suspended/update.php,1
https://www.paypal-verify.io/verify,1
http://citibank.com.login-limited-unlock-ga6aaqw.rest/update/update.php,1
https://zomato.com/wiki/Machine_learning,0
https://scikit-learn.org/status/1745829301928,0
http://irs.com@umg5ui8y.cf/update,1
https://citibankservice.info/,1
http://google.com@8yktnder.info/recovery,1
